use meal_planner;
INSERT INTO `account`(`username`, `pword`) VALUES ('byoung75053','3658dde99b89ae54e073ee64a590fdc5063fb4520741370204127bffb0a7a34da1f327477baa45393796138c01b3cb7e6e65c141fcada1d82b2523cb52b09215');
INSERT INTO `account`(`username`, `pword`) VALUES ('joe3935491','d628891aa5a96838d073040073e3a8b39494dacf405c16241162aae0de6a09771ad7c4c7c1993d53fc8d1d4c6aaa1e785ce307f49a39ea86f40bdbf82931923f');
INSERT INTO `account`(`username`, `pword`) VALUES ('robinsonchristina98807','a160bbde8d7022ec2680a11a1744582096dd59bec8fbad692305659a94ea1e50d3fccfcea943190a014d436896c0443e1c0f77090fe6c79ddcf821e9bcd1e98e');
INSERT INTO `account`(`username`, `pword`) VALUES ('marknorton29462','ce0121dbacd672527c0aacd37c6c2d76ea028cb328cc60229b01b4cc256dbf42f0b513aa6c89fef01a949bb6db2bdf5cebbd2e7452fb22f96a0f4df100d4e223');
INSERT INTO `account`(`username`, `pword`) VALUES ('ggeorge10665','61e7439ecf27746a3face822651d391d902285822fdc167fbaf22c5d300bcbef759926ad51ffb0d56b4d1bf4c676afb8043c506d5c13738d316247b7bad7085f');


INSERT INTO `user_profile`(`profile_id`, `username`, `fname`, `lname`, `dob`, `email`, `diet_choice`) VALUES ('1','byoung75053','Daniel','Diaz','1981-08-03','byoung75053@wong-murphy.linde','Seventh-day Adventist');
INSERT INTO `user_profile`(`profile_id`, `username`, `fname`, `lname`, `dob`, `email`, `diet_choice`) VALUES ('2','joe3935491','Ricky','Ball','1988-09-03','joe3935491@sawyer-curry.cl','Semi-vegetarian');
INSERT INTO `user_profile`(`profile_id`, `username`, `fname`, `lname`, `dob`, `email`, `diet_choice`) VALUES ('3','robinsonchristina98807','Brittany','Harrington','1973-11-11','robinsonchristina98807@simpson-fletcher.zuerich','Gluten-free');
INSERT INTO `user_profile`(`profile_id`, `username`, `fname`, `lname`, `dob`, `email`, `diet_choice`) VALUES ('4','marknorton29462','Charles','Houston','1993-06-26','marknorton29462@reid-butler.tn','Ovo-lacto Vegetarian');
INSERT INTO `user_profile`(`profile_id`, `username`, `fname`, `lname`, `dob`, `email`, `diet_choice`) VALUES ('5','ggeorge10665','Katie','Clay','2014-02-02','ggeorge10665@dominguez.kfh','Normal');


INSERT INTO `meal_plan`(`plan_id`, `week`) VALUES ('1','2018-04-17');
INSERT INTO `meal_plan`(`plan_id`, `week`) VALUES ('2','2018-04-17');
INSERT INTO `meal_plan`(`plan_id`, `week`) VALUES ('3','2018-04-17');
INSERT INTO `meal_plan`(`plan_id`, `week`) VALUES ('4','2018-04-17');
INSERT INTO `meal_plan`(`plan_id`, `week`) VALUES ('5','2018-04-17');


INSERT INTO `contructs`(`profile_id`, `plan_id`) VALUES ('1','0');
INSERT INTO `contructs`(`profile_id`, `plan_id`) VALUES ('1','2');
INSERT INTO `contructs`(`profile_id`, `plan_id`) VALUES ('1','4');
INSERT INTO `contructs`(`profile_id`, `plan_id`) VALUES ('1','1');
INSERT INTO `contructs`(`profile_id`, `plan_id`) VALUES ('2','4');
INSERT INTO `contructs`(`profile_id`, `plan_id`) VALUES ('3','1');
INSERT INTO `contructs`(`profile_id`, `plan_id`) VALUES ('4','4');
INSERT INTO `contructs`(`profile_id`, `plan_id`) VALUES ('4','2');
INSERT INTO `contructs`(`profile_id`, `plan_id`) VALUES ('5','0');
INSERT INTO `contructs`(`profile_id`, `plan_id`) VALUES ('5','3');




INSERT INTO `illness`(`illness_id`, `illness_type`) VALUES ('1','Egg');
INSERT INTO `illness`(`illness_id`, `illness_type`) VALUES ('2','Fish or shellfish');
INSERT INTO `illness`(`illness_id`, `illness_type`) VALUES ('3','Fruit');
INSERT INTO `illness`(`illness_id`, `illness_type`) VALUES ('4','Gluten');
INSERT INTO `illness`(`illness_id`, `illness_type`) VALUES ('5','Garlic');
INSERT INTO `illness`(`illness_id`, `illness_type`) VALUES ('6','Hot peppers');
INSERT INTO `illness`(`illness_id`, `illness_type`) VALUES ('7','Oats');
INSERT INTO `illness`(`illness_id`, `illness_type`) VALUES ('8','Meat');
INSERT INTO `illness`(`illness_id`, `illness_type`) VALUES ('9','Milk');
INSERT INTO `illness`(`illness_id`, `illness_type`) VALUES ('10','Peanut');
INSERT INTO `illness`(`illness_id`, `illness_type`) VALUES ('11','Rice');
INSERT INTO `illness`(`illness_id`, `illness_type`) VALUES ('12','Sesame');
INSERT INTO `illness`(`illness_id`, `illness_type`) VALUES ('13','Soy');
INSERT INTO `illness`(`illness_id`, `illness_type`) VALUES ('14','Sulfites');
INSERT INTO `illness`(`illness_id`, `illness_type`) VALUES ('15','Tartrazine');
INSERT INTO `illness`(`illness_id`, `illness_type`) VALUES ('16','Tree nut');
INSERT INTO `illness`(`illness_id`, `illness_type`) VALUES ('17','Wheat');
INSERT INTO `illness`(`illness_id`, `illness_type`) VALUES ('18','None');


INSERT INTO `profile_illnesses`(`profile_id`, `illness_id`) VALUES ('1','12');
INSERT INTO `profile_illnesses`(`profile_id`, `illness_id`) VALUES ('1','11');
INSERT INTO `profile_illnesses`(`profile_id`, `illness_id`) VALUES ('1','10');
INSERT INTO `profile_illnesses`(`profile_id`, `illness_id`) VALUES ('2','1');
INSERT INTO `profile_illnesses`(`profile_id`, `illness_id`) VALUES ('3','8');
INSERT INTO `profile_illnesses`(`profile_id`, `illness_id`) VALUES ('3','1');
INSERT INTO `profile_illnesses`(`profile_id`, `illness_id`) VALUES ('3','13');
INSERT INTO `profile_illnesses`(`profile_id`, `illness_id`) VALUES ('4','12');
INSERT INTO `profile_illnesses`(`profile_id`, `illness_id`) VALUES ('4','4');
INSERT INTO `profile_illnesses`(`profile_id`, `illness_id`) VALUES ('4','8');
INSERT INTO `profile_illnesses`(`profile_id`, `illness_id`) VALUES ('4','15');
INSERT INTO `profile_illnesses`(`profile_id`, `illness_id`) VALUES ('4','11');
INSERT INTO `profile_illnesses`(`profile_id`, `illness_id`) VALUES ('5','8');
INSERT INTO `profile_illnesses`(`profile_id`, `illness_id`) VALUES ('5','13');
INSERT INTO `profile_illnesses`(`profile_id`, `illness_id`) VALUES ('5','13');
INSERT INTO `profile_illnesses`(`profile_id`, `illness_id`) VALUES ('5','6');
INSERT INTO `profile_illnesses`(`profile_id`, `illness_id`) VALUES ('5','11');


INSERT INTO `ingredients`(`ingredients_id`, `ingredients_name`, `food_groups`, `measuring_unit`) VALUES ('1','thyme','Lean meats and poultry, fish, eggs & tofu, nuts, seeds and legumes/beans','lb');
INSERT INTO `ingredients`(`ingredients_id`, `ingredients_name`, `food_groups`, `measuring_unit`) VALUES ('2','corn','Lean meats and poultry, fish, eggs & tofu, nuts, seeds and legumes/beans','tsp');
INSERT INTO `ingredients`(`ingredients_id`, `ingredients_name`, `food_groups`, `measuring_unit`) VALUES ('3','basil','Milk, yoghurt cheese and/or alternatives','gal');
INSERT INTO `ingredients`(`ingredients_id`, `ingredients_name`, `food_groups`, `measuring_unit`) VALUES ('4','banana','Grain (cereal) foods, mostly wholegrain and/or high cereal fibre varieties','litre');
INSERT INTO `ingredients`(`ingredients_id`, `ingredients_name`, `food_groups`, `measuring_unit`) VALUES ('5','vanilla','Lean meats and poultry, fish, eggs & tofu, nuts, seeds and legumes/beans','g');
INSERT INTO `ingredients`(`ingredients_id`, `ingredients_name`, `food_groups`, `measuring_unit`) VALUES ('6','onions','Milk, yoghurt cheese and/or alternatives','kg');
INSERT INTO `ingredients`(`ingredients_id`, `ingredients_name`, `food_groups`, `measuring_unit`) VALUES ('7','salt','Fruit','g');
INSERT INTO `ingredients`(`ingredients_id`, `ingredients_name`, `food_groups`, `measuring_unit`) VALUES ('8','wheat','Grain (cereal) foods, mostly wholegrain and/or high cereal fibre varieties','oz');
INSERT INTO `ingredients`(`ingredients_id`, `ingredients_name`, `food_groups`, `measuring_unit`) VALUES ('9','lemon','Vegetables and legumes/beans','oz');
INSERT INTO `ingredients`(`ingredients_id`, `ingredients_name`, `food_groups`, `measuring_unit`) VALUES ('10','margarine','Lean meats and poultry, fish, eggs & tofu, nuts, seeds and legumes/beans','pint');
INSERT INTO `ingredients`(`ingredients_id`, `ingredients_name`, `food_groups`, `measuring_unit`) VALUES ('11','leaf','Grain (cereal) foods, mostly wholegrain and/or high cereal fibre varieties','gal');
INSERT INTO `ingredients`(`ingredients_id`, `ingredients_name`, `food_groups`, `measuring_unit`) VALUES ('12','chili','Grain (cereal) foods, mostly wholegrain and/or high cereal fibre varieties','qt');
INSERT INTO `ingredients`(`ingredients_id`, `ingredients_name`, `food_groups`, `measuring_unit`) VALUES ('13','syrup','Milk, yoghurt cheese and/or alternatives','litre');
INSERT INTO `ingredients`(`ingredients_id`, `ingredients_name`, `food_groups`, `measuring_unit`) VALUES ('14','apple','Lean meats and poultry, fish, eggs & tofu, nuts, seeds and legumes/beans','litre');
INSERT INTO `ingredients`(`ingredients_id`, `ingredients_name`, `food_groups`, `measuring_unit`) VALUES ('15','oregano','Fruit','tsp');
INSERT INTO `ingredients`(`ingredients_id`, `ingredients_name`, `food_groups`, `measuring_unit`) VALUES ('16','almond','Milk, yoghurt cheese and/or alternatives','qt');
INSERT INTO `ingredients`(`ingredients_id`, `ingredients_name`, `food_groups`, `measuring_unit`) VALUES ('17','tomato','Lean meats and poultry, fish, eggs & tofu, nuts, seeds and legumes/beans','oz');
INSERT INTO `ingredients`(`ingredients_id`, `ingredients_name`, `food_groups`, `measuring_unit`) VALUES ('18','lemon','Fruit','pinch');
INSERT INTO `ingredients`(`ingredients_id`, `ingredients_name`, `food_groups`, `measuring_unit`) VALUES ('19','parmesan','Milk, yoghurt cheese and/or alternatives','gal');
INSERT INTO `ingredients`(`ingredients_id`, `ingredients_name`, `food_groups`, `measuring_unit`) VALUES ('20','syrup','Lean meats and poultry, fish, eggs & tofu, nuts, seeds and legumes/beans','tbsp');
INSERT INTO `ingredients`(`ingredients_id`, `ingredients_name`, `food_groups`, `measuring_unit`) VALUES ('21','tomato','Grain (cereal) foods, mostly wholegrain and/or high cereal fibre varieties','tbsp');
INSERT INTO `ingredients`(`ingredients_id`, `ingredients_name`, `food_groups`, `measuring_unit`) VALUES ('22','thyme','Milk, yoghurt cheese and/or alternatives','litre');
INSERT INTO `ingredients`(`ingredients_id`, `ingredients_name`, `food_groups`, `measuring_unit`) VALUES ('23','maple','Vegetables and legumes/beans','kg');
INSERT INTO `ingredients`(`ingredients_id`, `ingredients_name`, `food_groups`, `measuring_unit`) VALUES ('24','leaf','Vegetables and legumes/beans','tbsp');
INSERT INTO `ingredients`(`ingredients_id`, `ingredients_name`, `food_groups`, `measuring_unit`) VALUES ('25','almond','Milk, yoghurt cheese and/or alternatives','kg');
INSERT INTO `ingredients`(`ingredients_id`, `ingredients_name`, `food_groups`, `measuring_unit`) VALUES ('26','wine','Milk, yoghurt cheese and/or alternatives','gal');
INSERT INTO `ingredients`(`ingredients_id`, `ingredients_name`, `food_groups`, `measuring_unit`) VALUES ('27','eggs','Vegetables and legumes/beans','oz');
INSERT INTO `ingredients`(`ingredients_id`, `ingredients_name`, `food_groups`, `measuring_unit`) VALUES ('28','yeast','Lean meats and poultry, fish, eggs & tofu, nuts, seeds and legumes/beans','lb');
INSERT INTO `ingredients`(`ingredients_id`, `ingredients_name`, `food_groups`, `measuring_unit`) VALUES ('29','canned','Milk, yoghurt cheese and/or alternatives','oz');
INSERT INTO `ingredients`(`ingredients_id`, `ingredients_name`, `food_groups`, `measuring_unit`) VALUES ('30','nutmeg','Lean meats and poultry, fish, eggs & tofu, nuts, seeds and legumes/beans','lb');
INSERT INTO `ingredients`(`ingredients_id`, `ingredients_name`, `food_groups`, `measuring_unit`) VALUES ('31','rice','Lean meats and poultry, fish, eggs & tofu, nuts, seeds and legumes/beans','pint');
INSERT INTO `ingredients`(`ingredients_id`, `ingredients_name`, `food_groups`, `measuring_unit`) VALUES ('32','yogurt','Lean meats and poultry, fish, eggs & tofu, nuts, seeds and legumes/beans','ml');
INSERT INTO `ingredients`(`ingredients_id`, `ingredients_name`, `food_groups`, `measuring_unit`) VALUES ('33','nuts','Lean meats and poultry, fish, eggs & tofu, nuts, seeds and legumes/beans','kg');
INSERT INTO `ingredients`(`ingredients_id`, `ingredients_name`, `food_groups`, `measuring_unit`) VALUES ('34','sugar','Milk, yoghurt cheese and/or alternatives','mg');
INSERT INTO `ingredients`(`ingredients_id`, `ingredients_name`, `food_groups`, `measuring_unit`) VALUES ('35','beef','Milk, yoghurt cheese and/or alternatives','qt');
INSERT INTO `ingredients`(`ingredients_id`, `ingredients_name`, `food_groups`, `measuring_unit`) VALUES ('36','oats','Milk, yoghurt cheese and/or alternatives','pinch');
INSERT INTO `ingredients`(`ingredients_id`, `ingredients_name`, `food_groups`, `measuring_unit`) VALUES ('37','cider','Milk, yoghurt cheese and/or alternatives','lb');
INSERT INTO `ingredients`(`ingredients_id`, `ingredients_name`, `food_groups`, `measuring_unit`) VALUES ('38','paste','Grain (cereal) foods, mostly wholegrain and/or high cereal fibre varieties','qt');
INSERT INTO `ingredients`(`ingredients_id`, `ingredients_name`, `food_groups`, `measuring_unit`) VALUES ('39','butter','Grain (cereal) foods, mostly wholegrain and/or high cereal fibre varieties','mg');
INSERT INTO `ingredients`(`ingredients_id`, `ingredients_name`, `food_groups`, `measuring_unit`) VALUES ('40','onion','Vegetables and legumes/beans','gal');
INSERT INTO `ingredients`(`ingredients_id`, `ingredients_name`, `food_groups`, `measuring_unit`) VALUES ('41','basil','Milk, yoghurt cheese and/or alternatives','qt');
INSERT INTO `ingredients`(`ingredients_id`, `ingredients_name`, `food_groups`, `measuring_unit`) VALUES ('42','potatoes','Vegetables and legumes/beans','mg');
INSERT INTO `ingredients`(`ingredients_id`, `ingredients_name`, `food_groups`, `measuring_unit`) VALUES ('43','carrots','Vegetables and legumes/beans','g');
INSERT INTO `ingredients`(`ingredients_id`, `ingredients_name`, `food_groups`, `measuring_unit`) VALUES ('44','basil','Lean meats and poultry, fish, eggs & tofu, nuts, seeds and legumes/beans','pint');
INSERT INTO `ingredients`(`ingredients_id`, `ingredients_name`, `food_groups`, `measuring_unit`) VALUES ('45','flour','Grain (cereal) foods, mostly wholegrain and/or high cereal fibre varieties','tbsp');
INSERT INTO `ingredients`(`ingredients_id`, `ingredients_name`, `food_groups`, `measuring_unit`) VALUES ('46','chocolate','Fruit','ml');
INSERT INTO `ingredients`(`ingredients_id`, `ingredients_name`, `food_groups`, `measuring_unit`) VALUES ('47','lime','Grain (cereal) foods, mostly wholegrain and/or high cereal fibre varieties','mg');
INSERT INTO `ingredients`(`ingredients_id`, `ingredients_name`, `food_groups`, `measuring_unit`) VALUES ('48','banana','Vegetables and legumes/beans','cup');
INSERT INTO `ingredients`(`ingredients_id`, `ingredients_name`, `food_groups`, `measuring_unit`) VALUES ('49','wine','Vegetables and legumes/beans','tsp');
INSERT INTO `ingredients`(`ingredients_id`, `ingredients_name`, `food_groups`, `measuring_unit`) VALUES ('50','cheese','Grain (cereal) foods, mostly wholegrain and/or high cereal fibre varieties','tsp');
INSERT INTO `ingredients`(`ingredients_id`, `ingredients_name`, `food_groups`, `measuring_unit`) VALUES ('51','spinach','Grain (cereal) foods, mostly wholegrain and/or high cereal fibre varieties','qt');
INSERT INTO `ingredients`(`ingredients_id`, `ingredients_name`, `food_groups`, `measuring_unit`) VALUES ('52','basil','Milk, yoghurt cheese and/or alternatives','qt');
INSERT INTO `ingredients`(`ingredients_id`, `ingredients_name`, `food_groups`, `measuring_unit`) VALUES ('53','sodium','Fruit','tsp');
INSERT INTO `ingredients`(`ingredients_id`, `ingredients_name`, `food_groups`, `measuring_unit`) VALUES ('54','leaf','Milk, yoghurt cheese and/or alternatives','ml');
INSERT INTO `ingredients`(`ingredients_id`, `ingredients_name`, `food_groups`, `measuring_unit`) VALUES ('55','cucumber','Grain (cereal) foods, mostly wholegrain and/or high cereal fibre varieties','kg');
INSERT INTO `ingredients`(`ingredients_id`, `ingredients_name`, `food_groups`, `measuring_unit`) VALUES ('56','pineapple','Fruit','kg');
INSERT INTO `ingredients`(`ingredients_id`, `ingredients_name`, `food_groups`, `measuring_unit`) VALUES ('57','cheese','Lean meats and poultry, fish, eggs & tofu, nuts, seeds and legumes/beans','gal');
INSERT INTO `ingredients`(`ingredients_id`, `ingredients_name`, `food_groups`, `measuring_unit`) VALUES ('58','seeds','Milk, yoghurt cheese and/or alternatives','tbsp');
INSERT INTO `ingredients`(`ingredients_id`, `ingredients_name`, `food_groups`, `measuring_unit`) VALUES ('59','celery','Grain (cereal) foods, mostly wholegrain and/or high cereal fibre varieties','cup');
INSERT INTO `ingredients`(`ingredients_id`, `ingredients_name`, `food_groups`, `measuring_unit`) VALUES ('60','honey','Lean meats and poultry, fish, eggs & tofu, nuts, seeds and legumes/beans','pinch');
INSERT INTO `ingredients`(`ingredients_id`, `ingredients_name`, `food_groups`, `measuring_unit`) VALUES ('61','maple','Lean meats and poultry, fish, eggs & tofu, nuts, seeds and legumes/beans','g');
INSERT INTO `ingredients`(`ingredients_id`, `ingredients_name`, `food_groups`, `measuring_unit`) VALUES ('62','soda','Milk, yoghurt cheese and/or alternatives','gal');
INSERT INTO `ingredients`(`ingredients_id`, `ingredients_name`, `food_groups`, `measuring_unit`) VALUES ('63','onions','Milk, yoghurt cheese and/or alternatives','kg');
INSERT INTO `ingredients`(`ingredients_id`, `ingredients_name`, `food_groups`, `measuring_unit`) VALUES ('64','banana','Vegetables and legumes/beans','qt');
INSERT INTO `ingredients`(`ingredients_id`, `ingredients_name`, `food_groups`, `measuring_unit`) VALUES ('65','cheese','Grain (cereal) foods, mostly wholegrain and/or high cereal fibre varieties','litre');
INSERT INTO `ingredients`(`ingredients_id`, `ingredients_name`, `food_groups`, `measuring_unit`) VALUES ('66','potatoes','Grain (cereal) foods, mostly wholegrain and/or high cereal fibre varieties','pint');
INSERT INTO `ingredients`(`ingredients_id`, `ingredients_name`, `food_groups`, `measuring_unit`) VALUES ('67','sugar','Lean meats and poultry, fish, eggs & tofu, nuts, seeds and legumes/beans','litre');
INSERT INTO `ingredients`(`ingredients_id`, `ingredients_name`, `food_groups`, `measuring_unit`) VALUES ('68','canned','Lean meats and poultry, fish, eggs & tofu, nuts, seeds and legumes/beans','tsp');
INSERT INTO `ingredients`(`ingredients_id`, `ingredients_name`, `food_groups`, `measuring_unit`) VALUES ('69','garlic','Milk, yoghurt cheese and/or alternatives','pint');
INSERT INTO `ingredients`(`ingredients_id`, `ingredients_name`, `food_groups`, `measuring_unit`) VALUES ('70','pepper','Vegetables and legumes/beans','litre');
INSERT INTO `ingredients`(`ingredients_id`, `ingredients_name`, `food_groups`, `measuring_unit`) VALUES ('71','nuts','Vegetables and legumes/beans','g');
INSERT INTO `ingredients`(`ingredients_id`, `ingredients_name`, `food_groups`, `measuring_unit`) VALUES ('72','bake beans','Grain (cereal) foods, mostly wholegrain and/or high cereal fibre varieties','litre');
INSERT INTO `ingredients`(`ingredients_id`, `ingredients_name`, `food_groups`, `measuring_unit`) VALUES ('73','carrots','Lean meats and poultry, fish, eggs & tofu, nuts, seeds and legumes/beans','mg');
INSERT INTO `ingredients`(`ingredients_id`, `ingredients_name`, `food_groups`, `measuring_unit`) VALUES ('74','broccoli','Milk, yoghurt cheese and/or alternatives','mg');
INSERT INTO `ingredients`(`ingredients_id`, `ingredients_name`, `food_groups`, `measuring_unit`) VALUES ('75','dill','Vegetables and legumes/beans','lb');
INSERT INTO `ingredients`(`ingredients_id`, `ingredients_name`, `food_groups`, `measuring_unit`) VALUES ('76','flour','Milk, yoghurt cheese and/or alternatives','lb');
INSERT INTO `ingredients`(`ingredients_id`, `ingredients_name`, `food_groups`, `measuring_unit`) VALUES ('77','lettuce','Milk, yoghurt cheese and/or alternatives','litre');
INSERT INTO `ingredients`(`ingredients_id`, `ingredients_name`, `food_groups`, `measuring_unit`) VALUES ('78','parsley','Grain (cereal) foods, mostly wholegrain and/or high cereal fibre varieties','lb');
INSERT INTO `ingredients`(`ingredients_id`, `ingredients_name`, `food_groups`, `measuring_unit`) VALUES ('79','peas','Milk, yoghurt cheese and/or alternatives','cup');
INSERT INTO `ingredients`(`ingredients_id`, `ingredients_name`, `food_groups`, `measuring_unit`) VALUES ('80','cucumber','Grain (cereal) foods, mostly wholegrain and/or high cereal fibre varieties','pinch');
INSERT INTO `ingredients`(`ingredients_id`, `ingredients_name`, `food_groups`, `measuring_unit`) VALUES ('81','maple','Grain (cereal) foods, mostly wholegrain and/or high cereal fibre varieties','oz');
INSERT INTO `ingredients`(`ingredients_id`, `ingredients_name`, `food_groups`, `measuring_unit`) VALUES ('82','tomatoes','Grain (cereal) foods, mostly wholegrain and/or high cereal fibre varieties','cup');
INSERT INTO `ingredients`(`ingredients_id`, `ingredients_name`, `food_groups`, `measuring_unit`) VALUES ('83','salt','Milk, yoghurt cheese and/or alternatives','cup');
INSERT INTO `ingredients`(`ingredients_id`, `ingredients_name`, `food_groups`, `measuring_unit`) VALUES ('84','olive','Fruit','g');
INSERT INTO `ingredients`(`ingredients_id`, `ingredients_name`, `food_groups`, `measuring_unit`) VALUES ('85','apple','Fruit','pint');
INSERT INTO `ingredients`(`ingredients_id`, `ingredients_name`, `food_groups`, `measuring_unit`) VALUES ('86','paprika','Vegetables and legumes/beans','tbsp');
INSERT INTO `ingredients`(`ingredients_id`, `ingredients_name`, `food_groups`, `measuring_unit`) VALUES ('87','carrots','Vegetables and legumes/beans','lb');
INSERT INTO `ingredients`(`ingredients_id`, `ingredients_name`, `food_groups`, `measuring_unit`) VALUES ('88','scallions','Vegetables and legumes/beans','pint');
INSERT INTO `ingredients`(`ingredients_id`, `ingredients_name`, `food_groups`, `measuring_unit`) VALUES ('89','raisins','Grain (cereal) foods, mostly wholegrain and/or high cereal fibre varieties','pinch');
INSERT INTO `ingredients`(`ingredients_id`, `ingredients_name`, `food_groups`, `measuring_unit`) VALUES ('90','parmesan','Vegetables and legumes/beans','pint');
INSERT INTO `ingredients`(`ingredients_id`, `ingredients_name`, `food_groups`, `measuring_unit`) VALUES ('91','cumin','Fruit','g');
INSERT INTO `ingredients`(`ingredients_id`, `ingredients_name`, `food_groups`, `measuring_unit`) VALUES ('92','sesame','Grain (cereal) foods, mostly wholegrain and/or high cereal fibre varieties','gal');
INSERT INTO `ingredients`(`ingredients_id`, `ingredients_name`, `food_groups`, `measuring_unit`) VALUES ('93','broth','Grain (cereal) foods, mostly wholegrain and/or high cereal fibre varieties','g');
INSERT INTO `ingredients`(`ingredients_id`, `ingredients_name`, `food_groups`, `measuring_unit`) VALUES ('94','zucchini','Fruit','lb');
INSERT INTO `ingredients`(`ingredients_id`, `ingredients_name`, `food_groups`, `measuring_unit`) VALUES ('95','sodium','Fruit','litre');
INSERT INTO `ingredients`(`ingredients_id`, `ingredients_name`, `food_groups`, `measuring_unit`) VALUES ('96','margarine','Lean meats and poultry, fish, eggs & tofu, nuts, seeds and legumes/beans','cup');


INSERT INTO `kitchen`(`kitchen_id`, `profile_id`) VALUES ('1','1');
INSERT INTO `kitchen`(`kitchen_id`, `profile_id`) VALUES ('2','2');
INSERT INTO `kitchen`(`kitchen_id`, `profile_id`) VALUES ('3','3');
INSERT INTO `kitchen`(`kitchen_id`, `profile_id`) VALUES ('4','4');
INSERT INTO `kitchen`(`kitchen_id`, `profile_id`) VALUES ('5','5');


INSERT INTO `contain`(`kitchen_id`, `ingredients_id`, `quantity`) VALUES ('1','0', 'N/A');
INSERT INTO `contain`(`kitchen_id`, `ingredients_id`, `quantity`) VALUES ('2','65', '1/3');
INSERT INTO `contain`(`kitchen_id`, `ingredients_id`, `quantity`) VALUES ('2','47', '3');
INSERT INTO `contain`(`kitchen_id`, `ingredients_id`, `quantity`) VALUES ('2','57', '9 1/2');
INSERT INTO `contain`(`kitchen_id`, `ingredients_id`, `quantity`) VALUES ('2','26', '1/3');
INSERT INTO `contain`(`kitchen_id`, `ingredients_id`, `quantity`) VALUES ('2','69', '13 1/3');
INSERT INTO `contain`(`kitchen_id`, `ingredients_id`, `quantity`) VALUES ('2','18', '0');
INSERT INTO `contain`(`kitchen_id`, `ingredients_id`, `quantity`) VALUES ('2','11', '3');
INSERT INTO `contain`(`kitchen_id`, `ingredients_id`, `quantity`) VALUES ('2','46', '16 3/4');
INSERT INTO `contain`(`kitchen_id`, `ingredients_id`, `quantity`) VALUES ('2','50', '2/3');
INSERT INTO `contain`(`kitchen_id`, `ingredients_id`, `quantity`) VALUES ('2','5', '3 1/4');
INSERT INTO `contain`(`kitchen_id`, `ingredients_id`, `quantity`) VALUES ('2','17', '6');
INSERT INTO `contain`(`kitchen_id`, `ingredients_id`, `quantity`) VALUES ('2','51', '11 3/4');
INSERT INTO `contain`(`kitchen_id`, `ingredients_id`, `quantity`) VALUES ('2','1', '9 1/4');
INSERT INTO `contain`(`kitchen_id`, `ingredients_id`, `quantity`) VALUES ('2','53', '2/3');
INSERT INTO `contain`(`kitchen_id`, `ingredients_id`, `quantity`) VALUES ('2','76', '17 1/4');
INSERT INTO `contain`(`kitchen_id`, `ingredients_id`, `quantity`) VALUES ('2','56', '2 1/2');
INSERT INTO `contain`(`kitchen_id`, `ingredients_id`, `quantity`) VALUES ('2','48', '0');
INSERT INTO `contain`(`kitchen_id`, `ingredients_id`, `quantity`) VALUES ('2','3', '14 1/2');
INSERT INTO `contain`(`kitchen_id`, `ingredients_id`, `quantity`) VALUES ('2','92', '16 2/3');
INSERT INTO `contain`(`kitchen_id`, `ingredients_id`, `quantity`) VALUES ('2','15', '2/3');
INSERT INTO `contain`(`kitchen_id`, `ingredients_id`, `quantity`) VALUES ('2','29', '3/4');
INSERT INTO `contain`(`kitchen_id`, `ingredients_id`, `quantity`) VALUES ('2','49', '2/3');
INSERT INTO `contain`(`kitchen_id`, `ingredients_id`, `quantity`) VALUES ('2','60', '19 2/3');
INSERT INTO `contain`(`kitchen_id`, `ingredients_id`, `quantity`) VALUES ('2','96', '0');
INSERT INTO `contain`(`kitchen_id`, `ingredients_id`, `quantity`) VALUES ('2','19', '1/2');
INSERT INTO `contain`(`kitchen_id`, `ingredients_id`, `quantity`) VALUES ('2','10', '5 1/2');
INSERT INTO `contain`(`kitchen_id`, `ingredients_id`, `quantity`) VALUES ('2','55', '2/3');
INSERT INTO `contain`(`kitchen_id`, `ingredients_id`, `quantity`) VALUES ('2','45', '3');
INSERT INTO `contain`(`kitchen_id`, `ingredients_id`, `quantity`) VALUES ('2','7', '8 3/4');
INSERT INTO `contain`(`kitchen_id`, `ingredients_id`, `quantity`) VALUES ('2','91', '2/3');
INSERT INTO `contain`(`kitchen_id`, `ingredients_id`, `quantity`) VALUES ('2','42', '2/3');
INSERT INTO `contain`(`kitchen_id`, `ingredients_id`, `quantity`) VALUES ('2','90', '3/4');
INSERT INTO `contain`(`kitchen_id`, `ingredients_id`, `quantity`) VALUES ('2','39', '1/4');
INSERT INTO `contain`(`kitchen_id`, `ingredients_id`, `quantity`) VALUES ('2','44', '8 3/4');
INSERT INTO `contain`(`kitchen_id`, `ingredients_id`, `quantity`) VALUES ('2','35', '20 2/3');
INSERT INTO `contain`(`kitchen_id`, `ingredients_id`, `quantity`) VALUES ('2','95', '3 2/3');
INSERT INTO `contain`(`kitchen_id`, `ingredients_id`, `quantity`) VALUES ('2','25', '3/4');
INSERT INTO `contain`(`kitchen_id`, `ingredients_id`, `quantity`) VALUES ('2','61', '2');
INSERT INTO `contain`(`kitchen_id`, `ingredients_id`, `quantity`) VALUES ('2','80', '17 1/2');
INSERT INTO `contain`(`kitchen_id`, `ingredients_id`, `quantity`) VALUES ('2','14', '10 1/2');
INSERT INTO `contain`(`kitchen_id`, `ingredients_id`, `quantity`) VALUES ('2','63', '1/2');
INSERT INTO `contain`(`kitchen_id`, `ingredients_id`, `quantity`) VALUES ('2','34', '1/2');
INSERT INTO `contain`(`kitchen_id`, `ingredients_id`, `quantity`) VALUES ('2','6', '2 2/3');
INSERT INTO `contain`(`kitchen_id`, `ingredients_id`, `quantity`) VALUES ('2','41', '3 2/3');
INSERT INTO `contain`(`kitchen_id`, `ingredients_id`, `quantity`) VALUES ('2','4', '2/3');
INSERT INTO `contain`(`kitchen_id`, `ingredients_id`, `quantity`) VALUES ('3','56', '1');
INSERT INTO `contain`(`kitchen_id`, `ingredients_id`, `quantity`) VALUES ('3','75', '16 1/2');
INSERT INTO `contain`(`kitchen_id`, `ingredients_id`, `quantity`) VALUES ('3','79', '10 3/4');
INSERT INTO `contain`(`kitchen_id`, `ingredients_id`, `quantity`) VALUES ('3','19', '1/3');
INSERT INTO `contain`(`kitchen_id`, `ingredients_id`, `quantity`) VALUES ('3','96', '1/4');
INSERT INTO `contain`(`kitchen_id`, `ingredients_id`, `quantity`) VALUES ('3','64', '1/2');
INSERT INTO `contain`(`kitchen_id`, `ingredients_id`, `quantity`) VALUES ('3','25', '16 1/3');
INSERT INTO `contain`(`kitchen_id`, `ingredients_id`, `quantity`) VALUES ('3','27', '1/4');
INSERT INTO `contain`(`kitchen_id`, `ingredients_id`, `quantity`) VALUES ('3','48', '20 1/2');
INSERT INTO `contain`(`kitchen_id`, `ingredients_id`, `quantity`) VALUES ('3','21', '14 1/2');
INSERT INTO `contain`(`kitchen_id`, `ingredients_id`, `quantity`) VALUES ('3','4', '6 2/3');
INSERT INTO `contain`(`kitchen_id`, `ingredients_id`, `quantity`) VALUES ('3','93', '8 1/2');
INSERT INTO `contain`(`kitchen_id`, `ingredients_id`, `quantity`) VALUES ('3','84', '2/3');
INSERT INTO `contain`(`kitchen_id`, `ingredients_id`, `quantity`) VALUES ('3','11', '8 1/2');
INSERT INTO `contain`(`kitchen_id`, `ingredients_id`, `quantity`) VALUES ('3','67', '3/4');
INSERT INTO `contain`(`kitchen_id`, `ingredients_id`, `quantity`) VALUES ('3','34', '2/3');
INSERT INTO `contain`(`kitchen_id`, `ingredients_id`, `quantity`) VALUES ('3','15', '1/2');
INSERT INTO `contain`(`kitchen_id`, `ingredients_id`, `quantity`) VALUES ('3','77', '2/3');
INSERT INTO `contain`(`kitchen_id`, `ingredients_id`, `quantity`) VALUES ('3','1', '8 1/2');
INSERT INTO `contain`(`kitchen_id`, `ingredients_id`, `quantity`) VALUES ('3','3', '1');
INSERT INTO `contain`(`kitchen_id`, `ingredients_id`, `quantity`) VALUES ('3','69', '2/3');
INSERT INTO `contain`(`kitchen_id`, `ingredients_id`, `quantity`) VALUES ('3','2', '1/3');
INSERT INTO `contain`(`kitchen_id`, `ingredients_id`, `quantity`) VALUES ('3','66', '5');
INSERT INTO `contain`(`kitchen_id`, `ingredients_id`, `quantity`) VALUES ('3','0', '1/3');
INSERT INTO `contain`(`kitchen_id`, `ingredients_id`, `quantity`) VALUES ('3','95', '4 3/4');
INSERT INTO `contain`(`kitchen_id`, `ingredients_id`, `quantity`) VALUES ('3','62', '1/4');
INSERT INTO `contain`(`kitchen_id`, `ingredients_id`, `quantity`) VALUES ('3','92', '1 1/3');
INSERT INTO `contain`(`kitchen_id`, `ingredients_id`, `quantity`) VALUES ('3','74', '1 1/3');
INSERT INTO `contain`(`kitchen_id`, `ingredients_id`, `quantity`) VALUES ('3','55', '1/3');
INSERT INTO `contain`(`kitchen_id`, `ingredients_id`, `quantity`) VALUES ('3','60', '10 1/2');
INSERT INTO `contain`(`kitchen_id`, `ingredients_id`, `quantity`) VALUES ('3','35', '13 3/4');
INSERT INTO `contain`(`kitchen_id`, `ingredients_id`, `quantity`) VALUES ('3','82', '18 2/3');
INSERT INTO `contain`(`kitchen_id`, `ingredients_id`, `quantity`) VALUES ('3','42', '3/4');
INSERT INTO `contain`(`kitchen_id`, `ingredients_id`, `quantity`) VALUES ('3','89', '10');
INSERT INTO `contain`(`kitchen_id`, `ingredients_id`, `quantity`) VALUES ('3','33', '4 3/4');
INSERT INTO `contain`(`kitchen_id`, `ingredients_id`, `quantity`) VALUES ('3','37', '3/4');
INSERT INTO `contain`(`kitchen_id`, `ingredients_id`, `quantity`) VALUES ('3','94', '9 2/3');
INSERT INTO `contain`(`kitchen_id`, `ingredients_id`, `quantity`) VALUES ('3','5', '19 3/4');
INSERT INTO `contain`(`kitchen_id`, `ingredients_id`, `quantity`) VALUES ('3','50', '1/3');
INSERT INTO `contain`(`kitchen_id`, `ingredients_id`, `quantity`) VALUES ('3','53', '7 1/3');
INSERT INTO `contain`(`kitchen_id`, `ingredients_id`, `quantity`) VALUES ('3','73', '19 3/4');
INSERT INTO `contain`(`kitchen_id`, `ingredients_id`, `quantity`) VALUES ('3','63', '8');
INSERT INTO `contain`(`kitchen_id`, `ingredients_id`, `quantity`) VALUES ('3','17', '1/2');
INSERT INTO `contain`(`kitchen_id`, `ingredients_id`, `quantity`) VALUES ('3','43', '1/2');
INSERT INTO `contain`(`kitchen_id`, `ingredients_id`, `quantity`) VALUES ('3','91', '7 1/4');
INSERT INTO `contain`(`kitchen_id`, `ingredients_id`, `quantity`) VALUES ('3','10', '4');
INSERT INTO `contain`(`kitchen_id`, `ingredients_id`, `quantity`) VALUES ('3','70', '11 1/2');
INSERT INTO `contain`(`kitchen_id`, `ingredients_id`, `quantity`) VALUES ('3','7', '8 1/3');
INSERT INTO `contain`(`kitchen_id`, `ingredients_id`, `quantity`) VALUES ('3','22', '1/2');
INSERT INTO `contain`(`kitchen_id`, `ingredients_id`, `quantity`) VALUES ('3','8', '1/2');
INSERT INTO `contain`(`kitchen_id`, `ingredients_id`, `quantity`) VALUES ('3','9', '1/4');
INSERT INTO `contain`(`kitchen_id`, `ingredients_id`, `quantity`) VALUES ('3','46', '13 2/3');
INSERT INTO `contain`(`kitchen_id`, `ingredients_id`, `quantity`) VALUES ('3','14', '1/2');
INSERT INTO `contain`(`kitchen_id`, `ingredients_id`, `quantity`) VALUES ('3','23', '3');
INSERT INTO `contain`(`kitchen_id`, `ingredients_id`, `quantity`) VALUES ('3','57', '18 1/3');
INSERT INTO `contain`(`kitchen_id`, `ingredients_id`, `quantity`) VALUES ('3','59', '6 2/3');
INSERT INTO `contain`(`kitchen_id`, `ingredients_id`, `quantity`) VALUES ('3','51', '1 3/4');
INSERT INTO `contain`(`kitchen_id`, `ingredients_id`, `quantity`) VALUES ('3','71', '1/2');
INSERT INTO `contain`(`kitchen_id`, `ingredients_id`, `quantity`) VALUES ('3','68', '7');
INSERT INTO `contain`(`kitchen_id`, `ingredients_id`, `quantity`) VALUES ('3','6', '14 1/4');
INSERT INTO `contain`(`kitchen_id`, `ingredients_id`, `quantity`) VALUES ('3','86', '1/2');
INSERT INTO `contain`(`kitchen_id`, `ingredients_id`, `quantity`) VALUES ('3','83', '1/3');
INSERT INTO `contain`(`kitchen_id`, `ingredients_id`, `quantity`) VALUES ('3','80', '1');
INSERT INTO `contain`(`kitchen_id`, `ingredients_id`, `quantity`) VALUES ('3','45', '0');
INSERT INTO `contain`(`kitchen_id`, `ingredients_id`, `quantity`) VALUES ('3','39', '19 1/4');
INSERT INTO `contain`(`kitchen_id`, `ingredients_id`, `quantity`) VALUES ('3','72', '8');
INSERT INTO `contain`(`kitchen_id`, `ingredients_id`, `quantity`) VALUES ('3','49', '0');
INSERT INTO `contain`(`kitchen_id`, `ingredients_id`, `quantity`) VALUES ('3','90', '1/4');
INSERT INTO `contain`(`kitchen_id`, `ingredients_id`, `quantity`) VALUES ('3','52', '19 3/4');
INSERT INTO `contain`(`kitchen_id`, `ingredients_id`, `quantity`) VALUES ('3','47', '15 3/4');
INSERT INTO `contain`(`kitchen_id`, `ingredients_id`, `quantity`) VALUES ('3','20', '16 2/3');
INSERT INTO `contain`(`kitchen_id`, `ingredients_id`, `quantity`) VALUES ('3','87', '0');
INSERT INTO `contain`(`kitchen_id`, `ingredients_id`, `quantity`) VALUES ('3','29', '1/3');
INSERT INTO `contain`(`kitchen_id`, `ingredients_id`, `quantity`) VALUES ('3','81', '0');
INSERT INTO `contain`(`kitchen_id`, `ingredients_id`, `quantity`) VALUES ('3','41', '2/3');
INSERT INTO `contain`(`kitchen_id`, `ingredients_id`, `quantity`) VALUES ('3','88', '3');
INSERT INTO `contain`(`kitchen_id`, `ingredients_id`, `quantity`) VALUES ('3','26', '2/3');
INSERT INTO `contain`(`kitchen_id`, `ingredients_id`, `quantity`) VALUES ('3','85', '3 2/3');
INSERT INTO `contain`(`kitchen_id`, `ingredients_id`, `quantity`) VALUES ('3','76', '4 1/3');
INSERT INTO `contain`(`kitchen_id`, `ingredients_id`, `quantity`) VALUES ('3','40', '2/3');
INSERT INTO `contain`(`kitchen_id`, `ingredients_id`, `quantity`) VALUES ('3','28', '1/3');
INSERT INTO `contain`(`kitchen_id`, `ingredients_id`, `quantity`) VALUES ('3','58', '7');
INSERT INTO `contain`(`kitchen_id`, `ingredients_id`, `quantity`) VALUES ('3','61', '1/3');
INSERT INTO `contain`(`kitchen_id`, `ingredients_id`, `quantity`) VALUES ('3','16', '5 1/2');
INSERT INTO `contain`(`kitchen_id`, `ingredients_id`, `quantity`) VALUES ('3','13', '14 1/3');
INSERT INTO `contain`(`kitchen_id`, `ingredients_id`, `quantity`) VALUES ('3','24', '1/3');
INSERT INTO `contain`(`kitchen_id`, `ingredients_id`, `quantity`) VALUES ('3','18', '5 1/2');
INSERT INTO `contain`(`kitchen_id`, `ingredients_id`, `quantity`) VALUES ('3','30', '1/4');
INSERT INTO `contain`(`kitchen_id`, `ingredients_id`, `quantity`) VALUES ('4','79', '2/3');
INSERT INTO `contain`(`kitchen_id`, `ingredients_id`, `quantity`) VALUES ('4','29', '16 1/4');
INSERT INTO `contain`(`kitchen_id`, `ingredients_id`, `quantity`) VALUES ('4','12', '10 2/3');
INSERT INTO `contain`(`kitchen_id`, `ingredients_id`, `quantity`) VALUES ('4','37', '1');
INSERT INTO `contain`(`kitchen_id`, `ingredients_id`, `quantity`) VALUES ('4','5', '9');
INSERT INTO `contain`(`kitchen_id`, `ingredients_id`, `quantity`) VALUES ('4','85', '9');
INSERT INTO `contain`(`kitchen_id`, `ingredients_id`, `quantity`) VALUES ('4','35', '9 2/3');
INSERT INTO `contain`(`kitchen_id`, `ingredients_id`, `quantity`) VALUES ('4','67', '0');
INSERT INTO `contain`(`kitchen_id`, `ingredients_id`, `quantity`) VALUES ('4','63', '2/3');
INSERT INTO `contain`(`kitchen_id`, `ingredients_id`, `quantity`) VALUES ('4','26', '2');
INSERT INTO `contain`(`kitchen_id`, `ingredients_id`, `quantity`) VALUES ('4','71', '12 1/4');
INSERT INTO `contain`(`kitchen_id`, `ingredients_id`, `quantity`) VALUES ('4','7', '1/2');
INSERT INTO `contain`(`kitchen_id`, `ingredients_id`, `quantity`) VALUES ('4','11', '1/2');
INSERT INTO `contain`(`kitchen_id`, `ingredients_id`, `quantity`) VALUES ('4','81', '16 2/3');
INSERT INTO `contain`(`kitchen_id`, `ingredients_id`, `quantity`) VALUES ('4','55', '1/4');
INSERT INTO `contain`(`kitchen_id`, `ingredients_id`, `quantity`) VALUES ('5','9', '8');
INSERT INTO `contain`(`kitchen_id`, `ingredients_id`, `quantity`) VALUES ('5','59', '9 3/4');
INSERT INTO `contain`(`kitchen_id`, `ingredients_id`, `quantity`) VALUES ('5','55', '2');
INSERT INTO `contain`(`kitchen_id`, `ingredients_id`, `quantity`) VALUES ('5','26', '1/4');
INSERT INTO `contain`(`kitchen_id`, `ingredients_id`, `quantity`) VALUES ('5','1', '2/3');
INSERT INTO `contain`(`kitchen_id`, `ingredients_id`, `quantity`) VALUES ('5','76', '2/3');
INSERT INTO `contain`(`kitchen_id`, `ingredients_id`, `quantity`) VALUES ('5','10', '4 1/2');
INSERT INTO `contain`(`kitchen_id`, `ingredients_id`, `quantity`) VALUES ('5','68', '5 1/4');
INSERT INTO `contain`(`kitchen_id`, `ingredients_id`, `quantity`) VALUES ('5','4', '6 1/4');
INSERT INTO `contain`(`kitchen_id`, `ingredients_id`, `quantity`) VALUES ('5','40', '8 2/3');
INSERT INTO `contain`(`kitchen_id`, `ingredients_id`, `quantity`) VALUES ('5','41', '5 2/3');
INSERT INTO `contain`(`kitchen_id`, `ingredients_id`, `quantity`) VALUES ('5','56', '1/2');
INSERT INTO `contain`(`kitchen_id`, `ingredients_id`, `quantity`) VALUES ('5','2', '1/3');
INSERT INTO `contain`(`kitchen_id`, `ingredients_id`, `quantity`) VALUES ('5','6', '1/3');
INSERT INTO `contain`(`kitchen_id`, `ingredients_id`, `quantity`) VALUES ('5','51', '17 1/4');
INSERT INTO `contain`(`kitchen_id`, `ingredients_id`, `quantity`) VALUES ('5','67', '3');
INSERT INTO `contain`(`kitchen_id`, `ingredients_id`, `quantity`) VALUES ('5','93', '2 3/4');
INSERT INTO `contain`(`kitchen_id`, `ingredients_id`, `quantity`) VALUES ('5','23', '3/4');
INSERT INTO `contain`(`kitchen_id`, `ingredients_id`, `quantity`) VALUES ('5','89', '1/2');
INSERT INTO `contain`(`kitchen_id`, `ingredients_id`, `quantity`) VALUES ('5','92', '8');
INSERT INTO `contain`(`kitchen_id`, `ingredients_id`, `quantity`) VALUES ('5','54', '7 1/2');
INSERT INTO `contain`(`kitchen_id`, `ingredients_id`, `quantity`) VALUES ('5','70', '1/2');
INSERT INTO `contain`(`kitchen_id`, `ingredients_id`, `quantity`) VALUES ('5','74', '13 1/3');
INSERT INTO `contain`(`kitchen_id`, `ingredients_id`, `quantity`) VALUES ('5','46', '3');
INSERT INTO `contain`(`kitchen_id`, `ingredients_id`, `quantity`) VALUES ('5','36', '14 1/2');
INSERT INTO `contain`(`kitchen_id`, `ingredients_id`, `quantity`) VALUES ('5','85', '1/2');
INSERT INTO `contain`(`kitchen_id`, `ingredients_id`, `quantity`) VALUES ('5','19', '1/4');
INSERT INTO `contain`(`kitchen_id`, `ingredients_id`, `quantity`) VALUES ('5','77', '5');
INSERT INTO `contain`(`kitchen_id`, `ingredients_id`, `quantity`) VALUES ('5','43', '0');
INSERT INTO `contain`(`kitchen_id`, `ingredients_id`, `quantity`) VALUES ('5','32', '3/4');
INSERT INTO `contain`(`kitchen_id`, `ingredients_id`, `quantity`) VALUES ('5','57', '1/2');
INSERT INTO `contain`(`kitchen_id`, `ingredients_id`, `quantity`) VALUES ('5','42', '8');
INSERT INTO `contain`(`kitchen_id`, `ingredients_id`, `quantity`) VALUES ('5','79', '1/2');
INSERT INTO `contain`(`kitchen_id`, `ingredients_id`, `quantity`) VALUES ('5','73', '1/2');
INSERT INTO `contain`(`kitchen_id`, `ingredients_id`, `quantity`) VALUES ('5','39', '19 3/4');
INSERT INTO `contain`(`kitchen_id`, `ingredients_id`, `quantity`) VALUES ('5','82', '2/3');
INSERT INTO `contain`(`kitchen_id`, `ingredients_id`, `quantity`) VALUES ('5','87', '6 1/4');
INSERT INTO `contain`(`kitchen_id`, `ingredients_id`, `quantity`) VALUES ('5','14', '2 3/4');
INSERT INTO `contain`(`kitchen_id`, `ingredients_id`, `quantity`) VALUES ('5','0', '12 1/3');
INSERT INTO `contain`(`kitchen_id`, `ingredients_id`, `quantity`) VALUES ('5','47', '1/2');
INSERT INTO `contain`(`kitchen_id`, `ingredients_id`, `quantity`) VALUES ('5','52', '1/4');
INSERT INTO `contain`(`kitchen_id`, `ingredients_id`, `quantity`) VALUES ('5','24', '0');
INSERT INTO `contain`(`kitchen_id`, `ingredients_id`, `quantity`) VALUES ('5','16', '1/2');
INSERT INTO `contain`(`kitchen_id`, `ingredients_id`, `quantity`) VALUES ('5','81', '1/4');
INSERT INTO `contain`(`kitchen_id`, `ingredients_id`, `quantity`) VALUES ('5','78', '14 3/4');
INSERT INTO `contain`(`kitchen_id`, `ingredients_id`, `quantity`) VALUES ('5','58', '2/3');
INSERT INTO `contain`(`kitchen_id`, `ingredients_id`, `quantity`) VALUES ('5','91', '0');
INSERT INTO `contain`(`kitchen_id`, `ingredients_id`, `quantity`) VALUES ('5','17', '0');
INSERT INTO `contain`(`kitchen_id`, `ingredients_id`, `quantity`) VALUES ('5','72', '1/3');
INSERT INTO `contain`(`kitchen_id`, `ingredients_id`, `quantity`) VALUES ('5','34', '1/2');
INSERT INTO `contain`(`kitchen_id`, `ingredients_id`, `quantity`) VALUES ('5','5', '5 1/3');
INSERT INTO `contain`(`kitchen_id`, `ingredients_id`, `quantity`) VALUES ('5','88', '13 1/4');
INSERT INTO `contain`(`kitchen_id`, `ingredients_id`, `quantity`) VALUES ('5','75', '5');
INSERT INTO `contain`(`kitchen_id`, `ingredients_id`, `quantity`) VALUES ('5','83', '1/4');
INSERT INTO `contain`(`kitchen_id`, `ingredients_id`, `quantity`) VALUES ('5','94', '3/4');
INSERT INTO `contain`(`kitchen_id`, `ingredients_id`, `quantity`) VALUES ('5','84', '1/4');
INSERT INTO `contain`(`kitchen_id`, `ingredients_id`, `quantity`) VALUES ('5','90', '18 1/3');
INSERT INTO `contain`(`kitchen_id`, `ingredients_id`, `quantity`) VALUES ('5','12', '1/2');
INSERT INTO `contain`(`kitchen_id`, `ingredients_id`, `quantity`) VALUES ('5','50', '1/2');
INSERT INTO `contain`(`kitchen_id`, `ingredients_id`, `quantity`) VALUES ('5','95', '3/4');
INSERT INTO `contain`(`kitchen_id`, `ingredients_id`, `quantity`) VALUES ('5','22', '17 1/2');
INSERT INTO `contain`(`kitchen_id`, `ingredients_id`, `quantity`) VALUES ('5','61', '1/3');
INSERT INTO `contain`(`kitchen_id`, `ingredients_id`, `quantity`) VALUES ('5','53', '3/4');
INSERT INTO `contain`(`kitchen_id`, `ingredients_id`, `quantity`) VALUES ('5','31', '10');


INSERT INTO `recipes`(`recipe_id`, `recipe_name`, `servings`, `prep_time_amt`, `hour_or_mins`, `recipe_type`, `recipe_diet_type` , `calories`, `recipe_img`) VALUES ('1','Chocolate Peanut Butter Pie','1','3','Hrs','Dinner','Normal','633','Recipe_imgs/food_image.jpg');
INSERT INTO `recipes`(`recipe_id`, `recipe_name`, `servings`, `prep_time_amt`, `hour_or_mins`, `recipe_type`, `recipe_diet_type` , `calories`, `recipe_img`) VALUES ('2','Grilled Corn on the Cob with Roasted Red Pepper Butter','3','46','Mins','Dinner','Seventh-day Adventist','886','Recipe_imgs/food_image.jpg');
INSERT INTO `recipes`(`recipe_id`, `recipe_name`, `servings`, `prep_time_amt`, `hour_or_mins`, `recipe_type`, `recipe_diet_type` , `calories`, `recipe_img`) VALUES ('3','Cod Fish Cakes','3','25','Mins','lunch','Seventh-day Adventist','285','Recipe_imgs/food_image.jpg');
INSERT INTO `recipes`(`recipe_id`, `recipe_name`, `servings`, `prep_time_amt`, `hour_or_mins`, `recipe_type`, `recipe_diet_type` , `calories`, `recipe_img`) VALUES ('4','Pistachio Lemon Lime Shortbread Cookies','1','15','Mins','lunch','Normal','293','Recipe_imgs/food_image.jpg');
INSERT INTO `recipes`(`recipe_id`, `recipe_name`, `servings`, `prep_time_amt`, `hour_or_mins`, `recipe_type`, `recipe_diet_type` , `calories`, `recipe_img`) VALUES ('5','Whole30 Stuffed Cabbage','2','17','Mins','lunch','Ovo-lacto Vegetarian','209','Recipe_imgs/food_image.jpg');
INSERT INTO `recipes`(`recipe_id`, `recipe_name`, `servings`, `prep_time_amt`, `hour_or_mins`, `recipe_type`, `recipe_diet_type` , `calories`, `recipe_img`) VALUES ('6','Quinoa Pilaf','4','41','Mins','lunch','Ketogenic','552','Recipe_imgs/food_image.jpg');
INSERT INTO `recipes`(`recipe_id`, `recipe_name`, `servings`, `prep_time_amt`, `hour_or_mins`, `recipe_type`, `recipe_diet_type` , `calories`, `recipe_img`) VALUES ('7','Israeli Couscous with Chicken and Peas','5','1','Hrs','lunch','Carnivor','558','Recipe_imgs/food_image.jpg');
INSERT INTO `recipes`(`recipe_id`, `recipe_name`, `servings`, `prep_time_amt`, `hour_or_mins`, `recipe_type`, `recipe_diet_type` , `calories`, `recipe_img`) VALUES ('8','Pane Siciliano (Sesame Seed Sicilian bread)','4','13','Mins','lunch','Semi-vegetarian','880','Recipe_imgs/food_image.jpg');
INSERT INTO `recipes`(`recipe_id`, `recipe_name`, `servings`, `prep_time_amt`, `hour_or_mins`, `recipe_type`, `recipe_diet_type` , `calories`, `recipe_img`) VALUES ('9','Crispy Asian Chicken Wings with Ginger-Lime Dipping Sauce','3','27','Mins','Breakfast','Diabetic','807','Recipe_imgs/food_image.jpg');
INSERT INTO `recipes`(`recipe_id`, `recipe_name`, `servings`, `prep_time_amt`, `hour_or_mins`, `recipe_type`, `recipe_diet_type` , `calories`, `recipe_img`) VALUES ('10','Chocolate Crunch Squares','6','1','Hrs','lunch','Vegan','735','Recipe_imgs/food_image.jpg');


INSERT INTO `instructions`(`instructions_id`, `recipe_id`, `direction`) VALUES ('1','1','Ball movie full manager place group likely would.');
INSERT INTO `instructions`(`instructions_id`, `recipe_id`, `direction`) VALUES ('2','1','Fall condition close.');
INSERT INTO `instructions`(`instructions_id`, `recipe_id`, `direction`) VALUES ('3','2','Require kitchen individual political.');
INSERT INTO `instructions`(`instructions_id`, `recipe_id`, `direction`) VALUES ('4','2','Possible week catch run.');
INSERT INTO `instructions`(`instructions_id`, `recipe_id`, `direction`) VALUES ('5','2','Health cup heart man center turn life.');
INSERT INTO `instructions`(`instructions_id`, `recipe_id`, `direction`) VALUES ('6','2','Trial cut part go idea off along.');
INSERT INTO `instructions`(`instructions_id`, `recipe_id`, `direction`) VALUES ('7','2','As kitchen consumer.');
INSERT INTO `instructions`(`instructions_id`, `recipe_id`, `direction`) VALUES ('8','2','Then feeling traditional task poor.');
INSERT INTO `instructions`(`instructions_id`, `recipe_id`, `direction`) VALUES ('9','2','Medical control cost thing.');
INSERT INTO `instructions`(`instructions_id`, `recipe_id`, `direction`) VALUES ('10','2','Address doctor note wrong strategy herself economic read.');
INSERT INTO `instructions`(`instructions_id`, `recipe_id`, `direction`) VALUES ('11','2','Turn land style kitchen energy exactly cost.');
INSERT INTO `instructions`(`instructions_id`, `recipe_id`, `direction`) VALUES ('12','2','Always international small woman.');
INSERT INTO `instructions`(`instructions_id`, `recipe_id`, `direction`) VALUES ('13','2','Draw walk sense think never line.');
INSERT INTO `instructions`(`instructions_id`, `recipe_id`, `direction`) VALUES ('14','2','Follow movement bag hard at your.');
INSERT INTO `instructions`(`instructions_id`, `recipe_id`, `direction`) VALUES ('15','2','Win computer outside trouble art herself.');
INSERT INTO `instructions`(`instructions_id`, `recipe_id`, `direction`) VALUES ('16','2','Catch order drive traditional.');
INSERT INTO `instructions`(`instructions_id`, `recipe_id`, `direction`) VALUES ('17','2','Lose often social choice certainly only.');
INSERT INTO `instructions`(`instructions_id`, `recipe_id`, `direction`) VALUES ('18','2','Authority try trial this.');
INSERT INTO `instructions`(`instructions_id`, `recipe_id`, `direction`) VALUES ('19','2','Including one media kind garden tax bank.');
INSERT INTO `instructions`(`instructions_id`, `recipe_id`, `direction`) VALUES ('20','2','Later cell rather instead size enter.');
INSERT INTO `instructions`(`instructions_id`, `recipe_id`, `direction`) VALUES ('21','2','Prove with prove later environmental property.');
INSERT INTO `instructions`(`instructions_id`, `recipe_id`, `direction`) VALUES ('22','2','Man single herself oil off.');
INSERT INTO `instructions`(`instructions_id`, `recipe_id`, `direction`) VALUES ('23','2','Positive less effect beyond establish open activity answer.');
INSERT INTO `instructions`(`instructions_id`, `recipe_id`, `direction`) VALUES ('24','2','Factor watch together hand green fish team.');
INSERT INTO `instructions`(`instructions_id`, `recipe_id`, `direction`) VALUES ('25','2','Thus everything space material small.');
INSERT INTO `instructions`(`instructions_id`, `recipe_id`, `direction`) VALUES ('26','2','Strong simple unit region finally data.');
INSERT INTO `instructions`(`instructions_id`, `recipe_id`, `direction`) VALUES ('27','3','Trip sometimes dark long city consumer their figure.');
INSERT INTO `instructions`(`instructions_id`, `recipe_id`, `direction`) VALUES ('28','3','Trade around with safe.');
INSERT INTO `instructions`(`instructions_id`, `recipe_id`, `direction`) VALUES ('29','3','Somebody wear example different five maybe letter.');
INSERT INTO `instructions`(`instructions_id`, `recipe_id`, `direction`) VALUES ('30','3','Provide rise production wear tend three area.');
INSERT INTO `instructions`(`instructions_id`, `recipe_id`, `direction`) VALUES ('31','3','Large while section others step.');
INSERT INTO `instructions`(`instructions_id`, `recipe_id`, `direction`) VALUES ('32','3','Learn social join choice.');
INSERT INTO `instructions`(`instructions_id`, `recipe_id`, `direction`) VALUES ('33','3','Throughout toward road also.');
INSERT INTO `instructions`(`instructions_id`, `recipe_id`, `direction`) VALUES ('34','3','Father event expect now health conference southern thing.');
INSERT INTO `instructions`(`instructions_id`, `recipe_id`, `direction`) VALUES ('35','3','Option follow goal study rather seat drop.');
INSERT INTO `instructions`(`instructions_id`, `recipe_id`, `direction`) VALUES ('36','3','Door somebody trip able hour.');
INSERT INTO `instructions`(`instructions_id`, `recipe_id`, `direction`) VALUES ('37','3','Real compare young organization heavy fund need.');
INSERT INTO `instructions`(`instructions_id`, `recipe_id`, `direction`) VALUES ('38','3','Daughter little send Mrs.');
INSERT INTO `instructions`(`instructions_id`, `recipe_id`, `direction`) VALUES ('39','3','Me check leg.');
INSERT INTO `instructions`(`instructions_id`, `recipe_id`, `direction`) VALUES ('40','3','Figure down see road join certain impact.');
INSERT INTO `instructions`(`instructions_id`, `recipe_id`, `direction`) VALUES ('41','3','Act foreign window social member nation unit.');
INSERT INTO `instructions`(`instructions_id`, `recipe_id`, `direction`) VALUES ('42','3','First few story site still.');
INSERT INTO `instructions`(`instructions_id`, `recipe_id`, `direction`) VALUES ('43','3','Officer available safe and he thought send.');
INSERT INTO `instructions`(`instructions_id`, `recipe_id`, `direction`) VALUES ('44','3','Ago charge garden court.');
INSERT INTO `instructions`(`instructions_id`, `recipe_id`, `direction`) VALUES ('45','4','Edge top base hold deep early.');
INSERT INTO `instructions`(`instructions_id`, `recipe_id`, `direction`) VALUES ('46','4','Along young official.');
INSERT INTO `instructions`(`instructions_id`, `recipe_id`, `direction`) VALUES ('47','4','Artist resource tell couple.');
INSERT INTO `instructions`(`instructions_id`, `recipe_id`, `direction`) VALUES ('48','4','Write right he every tell security imagine production.');
INSERT INTO `instructions`(`instructions_id`, `recipe_id`, `direction`) VALUES ('49','4','Reason nearly should.');
INSERT INTO `instructions`(`instructions_id`, `recipe_id`, `direction`) VALUES ('50','4','Likely present boy commercial.');
INSERT INTO `instructions`(`instructions_id`, `recipe_id`, `direction`) VALUES ('51','4','Herself knowledge message wait marriage loss teach.');
INSERT INTO `instructions`(`instructions_id`, `recipe_id`, `direction`) VALUES ('52','4','Morning finally near degree international break.');
INSERT INTO `instructions`(`instructions_id`, `recipe_id`, `direction`) VALUES ('53','4','Return middle person you ahead.');
INSERT INTO `instructions`(`instructions_id`, `recipe_id`, `direction`) VALUES ('54','4','Material professor discussion may table color.');
INSERT INTO `instructions`(`instructions_id`, `recipe_id`, `direction`) VALUES ('55','4','Song recognize move from my Democrat no.');
INSERT INTO `instructions`(`instructions_id`, `recipe_id`, `direction`) VALUES ('56','4','Guess maintain send soon arrive.');
INSERT INTO `instructions`(`instructions_id`, `recipe_id`, `direction`) VALUES ('57','4','View arm him a.');
INSERT INTO `instructions`(`instructions_id`, `recipe_id`, `direction`) VALUES ('58','4','Whom particular her animal.');
INSERT INTO `instructions`(`instructions_id`, `recipe_id`, `direction`) VALUES ('59','4','Report lose finish TV cultural material sense.');
INSERT INTO `instructions`(`instructions_id`, `recipe_id`, `direction`) VALUES ('60','5','Right positive water down level tell ago.');
INSERT INTO `instructions`(`instructions_id`, `recipe_id`, `direction`) VALUES ('61','5','Occur meeting activity reach available.');
INSERT INTO `instructions`(`instructions_id`, `recipe_id`, `direction`) VALUES ('62','5','Board boy consumer you from.');
INSERT INTO `instructions`(`instructions_id`, `recipe_id`, `direction`) VALUES ('63','5','Commercial red or.');
INSERT INTO `instructions`(`instructions_id`, `recipe_id`, `direction`) VALUES ('64','5','Myself heart someone challenge.');
INSERT INTO `instructions`(`instructions_id`, `recipe_id`, `direction`) VALUES ('65','5','Art little growth establish.');
INSERT INTO `instructions`(`instructions_id`, `recipe_id`, `direction`) VALUES ('66','5','Western keep side brother sit plant crime.');
INSERT INTO `instructions`(`instructions_id`, `recipe_id`, `direction`) VALUES ('67','5','Rest summer direction rather order like available.');
INSERT INTO `instructions`(`instructions_id`, `recipe_id`, `direction`) VALUES ('68','5','Popular town institution despite enter tree husband.');
INSERT INTO `instructions`(`instructions_id`, `recipe_id`, `direction`) VALUES ('69','5','Society but blood.');
INSERT INTO `instructions`(`instructions_id`, `recipe_id`, `direction`) VALUES ('70','5','Decide culture realize factor rule find nearly agree.');
INSERT INTO `instructions`(`instructions_id`, `recipe_id`, `direction`) VALUES ('71','5','Receive spring compare cut be decade.');
INSERT INTO `instructions`(`instructions_id`, `recipe_id`, `direction`) VALUES ('72','5','Lay offer better.');
INSERT INTO `instructions`(`instructions_id`, `recipe_id`, `direction`) VALUES ('73','5','Effect relate science off board to.');
INSERT INTO `instructions`(`instructions_id`, `recipe_id`, `direction`) VALUES ('74','5','North material sport national care plan perform.');
INSERT INTO `instructions`(`instructions_id`, `recipe_id`, `direction`) VALUES ('75','5','Hour large Republican teach without back public.');
INSERT INTO `instructions`(`instructions_id`, `recipe_id`, `direction`) VALUES ('76','5','Return still quality name approach.');
INSERT INTO `instructions`(`instructions_id`, `recipe_id`, `direction`) VALUES ('77','5','Miss example yet fight everybody.');
INSERT INTO `instructions`(`instructions_id`, `recipe_id`, `direction`) VALUES ('78','5','Serve smile this own.');
INSERT INTO `instructions`(`instructions_id`, `recipe_id`, `direction`) VALUES ('79','5','Fill face total this born could about.');
INSERT INTO `instructions`(`instructions_id`, `recipe_id`, `direction`) VALUES ('80','5','Wide fast adult debate happy.');
INSERT INTO `instructions`(`instructions_id`, `recipe_id`, `direction`) VALUES ('81','5','Project relate view per pull beat main popular.');
INSERT INTO `instructions`(`instructions_id`, `recipe_id`, `direction`) VALUES ('82','5','Him town baby career second.');
INSERT INTO `instructions`(`instructions_id`, `recipe_id`, `direction`) VALUES ('83','5','Cell day serious should wear fact body.');
INSERT INTO `instructions`(`instructions_id`, `recipe_id`, `direction`) VALUES ('84','5','Allow there relationship article wait.');
INSERT INTO `instructions`(`instructions_id`, `recipe_id`, `direction`) VALUES ('85','5','Democrat hotel woman.');
INSERT INTO `instructions`(`instructions_id`, `recipe_id`, `direction`) VALUES ('86','6','Chair do base behind buy.');
INSERT INTO `instructions`(`instructions_id`, `recipe_id`, `direction`) VALUES ('87','7','Require energy teach difficult trade direction.');
INSERT INTO `instructions`(`instructions_id`, `recipe_id`, `direction`) VALUES ('88','7','Pm site current fall social.');
INSERT INTO `instructions`(`instructions_id`, `recipe_id`, `direction`) VALUES ('89','7','Democrat development stage customer per kid.');
INSERT INTO `instructions`(`instructions_id`, `recipe_id`, `direction`) VALUES ('90','7','No course entire PM admit so movie.');
INSERT INTO `instructions`(`instructions_id`, `recipe_id`, `direction`) VALUES ('91','8','Open care religious argue.');
INSERT INTO `instructions`(`instructions_id`, `recipe_id`, `direction`) VALUES ('92','8','Maybe grow describe raise property maintain.');
INSERT INTO `instructions`(`instructions_id`, `recipe_id`, `direction`) VALUES ('93','8','Notice upon very each senior.');
INSERT INTO `instructions`(`instructions_id`, `recipe_id`, `direction`) VALUES ('94','8','Word measure tonight anything bill.');
INSERT INTO `instructions`(`instructions_id`, `recipe_id`, `direction`) VALUES ('95','8','Believe suggest southern goal.');
INSERT INTO `instructions`(`instructions_id`, `recipe_id`, `direction`) VALUES ('96','8','Market place million Democrat discover appear scene.');
INSERT INTO `instructions`(`instructions_id`, `recipe_id`, `direction`) VALUES ('97','8','None parent pattern candidate wind ever.');
INSERT INTO `instructions`(`instructions_id`, `recipe_id`, `direction`) VALUES ('98','8','Also news manage property discuss.');
INSERT INTO `instructions`(`instructions_id`, `recipe_id`, `direction`) VALUES ('99','8','Right major line yourself.');
INSERT INTO `instructions`(`instructions_id`, `recipe_id`, `direction`) VALUES ('100','8','Opportunity green economy official social.');
INSERT INTO `instructions`(`instructions_id`, `recipe_id`, `direction`) VALUES ('101','8','Whose ability heart range draw design.');
INSERT INTO `instructions`(`instructions_id`, `recipe_id`, `direction`) VALUES ('102','8','Product because could.');
INSERT INTO `instructions`(`instructions_id`, `recipe_id`, `direction`) VALUES ('103','8','Former politics room memory.');
INSERT INTO `instructions`(`instructions_id`, `recipe_id`, `direction`) VALUES ('104','8','Adult writer own else discover capital time walk.');
INSERT INTO `instructions`(`instructions_id`, `recipe_id`, `direction`) VALUES ('105','8','Ability be car player free white.');
INSERT INTO `instructions`(`instructions_id`, `recipe_id`, `direction`) VALUES ('106','8','Smile defense become coach.');
INSERT INTO `instructions`(`instructions_id`, `recipe_id`, `direction`) VALUES ('107','8','Thought something PM house.');
INSERT INTO `instructions`(`instructions_id`, `recipe_id`, `direction`) VALUES ('108','8','Sing sister play maintain.');
INSERT INTO `instructions`(`instructions_id`, `recipe_id`, `direction`) VALUES ('109','9','Executive instead kind check face financial school rather.');
INSERT INTO `instructions`(`instructions_id`, `recipe_id`, `direction`) VALUES ('110','9','Example her us successful challenge member consumer.');
INSERT INTO `instructions`(`instructions_id`, `recipe_id`, `direction`) VALUES ('111','9','Few base stage.');
INSERT INTO `instructions`(`instructions_id`, `recipe_id`, `direction`) VALUES ('112','9','Different politics within value particularly.');
INSERT INTO `instructions`(`instructions_id`, `recipe_id`, `direction`) VALUES ('113','9','Or cut compare exist.');
INSERT INTO `instructions`(`instructions_id`, `recipe_id`, `direction`) VALUES ('114','9','Range learn watch bank almost professional.');
INSERT INTO `instructions`(`instructions_id`, `recipe_id`, `direction`) VALUES ('115','9','With throughout wrong since.');
INSERT INTO `instructions`(`instructions_id`, `recipe_id`, `direction`) VALUES ('116','9','Maintain staff poor may each.');
INSERT INTO `instructions`(`instructions_id`, `recipe_id`, `direction`) VALUES ('117','9','Wall responsibility once card loss television front.');
INSERT INTO `instructions`(`instructions_id`, `recipe_id`, `direction`) VALUES ('118','9','Magazine lawyer fight recent land learn.');
INSERT INTO `instructions`(`instructions_id`, `recipe_id`, `direction`) VALUES ('119','9','Meet guess though.');
INSERT INTO `instructions`(`instructions_id`, `recipe_id`, `direction`) VALUES ('120','9','Send growth admit personal.');
INSERT INTO `instructions`(`instructions_id`, `recipe_id`, `direction`) VALUES ('121','9','Spend group method reduce.');
INSERT INTO `instructions`(`instructions_id`, `recipe_id`, `direction`) VALUES ('122','9','Industry discover American soon human.');
INSERT INTO `instructions`(`instructions_id`, `recipe_id`, `direction`) VALUES ('123','9','Institution season decide Republican season.');
INSERT INTO `instructions`(`instructions_id`, `recipe_id`, `direction`) VALUES ('124','9','Law protect fill defense.');
INSERT INTO `instructions`(`instructions_id`, `recipe_id`, `direction`) VALUES ('125','9','Green culture throw paper author above.');
INSERT INTO `instructions`(`instructions_id`, `recipe_id`, `direction`) VALUES ('126','9','Five already price miss ahead during every.');
INSERT INTO `instructions`(`instructions_id`, `recipe_id`, `direction`) VALUES ('127','9','Country significant a see.');
INSERT INTO `instructions`(`instructions_id`, `recipe_id`, `direction`) VALUES ('128','9','Later out skin drop.');
INSERT INTO `instructions`(`instructions_id`, `recipe_id`, `direction`) VALUES ('129','9','Detail will develop keep they box.');
INSERT INTO `instructions`(`instructions_id`, `recipe_id`, `direction`) VALUES ('130','10','Court represent candidate within apply.');


INSERT INTO `comprise`(`recipe_id`, `ingredients_id`, `recipe_qunt`) VALUES ('1','80','6');
INSERT INTO `comprise`(`recipe_id`, `ingredients_id`, `recipe_qunt`) VALUES ('1','82','13');
INSERT INTO `comprise`(`recipe_id`, `ingredients_id`, `recipe_qunt`) VALUES ('1','48','16');
INSERT INTO `comprise`(`recipe_id`, `ingredients_id`, `recipe_qunt`) VALUES ('1','1','6');
INSERT INTO `comprise`(`recipe_id`, `ingredients_id`, `recipe_qunt`) VALUES ('1','55','21');
INSERT INTO `comprise`(`recipe_id`, `ingredients_id`, `recipe_qunt`) VALUES ('2','14','1/3');
INSERT INTO `comprise`(`recipe_id`, `ingredients_id`, `recipe_qunt`) VALUES ('2','68','1/3');
INSERT INTO `comprise`(`recipe_id`, `ingredients_id`, `recipe_qunt`) VALUES ('2','28','1/3');
INSERT INTO `comprise`(`recipe_id`, `ingredients_id`, `recipe_qunt`) VALUES ('2','66','1/3');
INSERT INTO `comprise`(`recipe_id`, `ingredients_id`, `recipe_qunt`) VALUES ('2','18','1/3');
INSERT INTO `comprise`(`recipe_id`, `ingredients_id`, `recipe_qunt`) VALUES ('2','34','1/3');
INSERT INTO `comprise`(`recipe_id`, `ingredients_id`, `recipe_qunt`) VALUES ('2','59','1/3');
INSERT INTO `comprise`(`recipe_id`, `ingredients_id`, `recipe_qunt`) VALUES ('2','69','1/3');
INSERT INTO `comprise`(`recipe_id`, `ingredients_id`, `recipe_qunt`) VALUES ('2','32','1/3');
INSERT INTO `comprise`(`recipe_id`, `ingredients_id`, `recipe_qunt`) VALUES ('2','2','1/3');
INSERT INTO `comprise`(`recipe_id`, `ingredients_id`, `recipe_qunt`) VALUES ('2','61','1/3');
INSERT INTO `comprise`(`recipe_id`, `ingredients_id`, `recipe_qunt`) VALUES ('2','21','1/3');
INSERT INTO `comprise`(`recipe_id`, `ingredients_id`, `recipe_qunt`) VALUES ('2','84','1/3');
INSERT INTO `comprise`(`recipe_id`, `ingredients_id`, `recipe_qunt`) VALUES ('2','44','1/3');
INSERT INTO `comprise`(`recipe_id`, `ingredients_id`, `recipe_qunt`) VALUES ('2','85','1/3');
INSERT INTO `comprise`(`recipe_id`, `ingredients_id`, `recipe_qunt`) VALUES ('2','0','1/3');
INSERT INTO `comprise`(`recipe_id`, `ingredients_id`, `recipe_qunt`) VALUES ('2','8','1/3');
INSERT INTO `comprise`(`recipe_id`, `ingredients_id`, `recipe_qunt`) VALUES ('3','93','5 3/4');
INSERT INTO `comprise`(`recipe_id`, `ingredients_id`, `recipe_qunt`) VALUES ('3','79','23 3/4');
INSERT INTO `comprise`(`recipe_id`, `ingredients_id`, `recipe_qunt`) VALUES ('3','38','24 3/4');
INSERT INTO `comprise`(`recipe_id`, `ingredients_id`, `recipe_qunt`) VALUES ('3','62','5 3/4');
INSERT INTO `comprise`(`recipe_id`, `ingredients_id`, `recipe_qunt`) VALUES ('3','47','8 3/4');
INSERT INTO `comprise`(`recipe_id`, `ingredients_id`, `recipe_qunt`) VALUES ('3','77','11 3/4');
INSERT INTO `comprise`(`recipe_id`, `ingredients_id`, `recipe_qunt`) VALUES ('3','95','13 3/4');
INSERT INTO `comprise`(`recipe_id`, `ingredients_id`, `recipe_qunt`) VALUES ('3','51','4 3/4');
INSERT INTO `comprise`(`recipe_id`, `ingredients_id`, `recipe_qunt`) VALUES ('3','18','25 3/4');
INSERT INTO `comprise`(`recipe_id`, `ingredients_id`, `recipe_qunt`) VALUES ('3','72','5 3/4');
INSERT INTO `comprise`(`recipe_id`, `ingredients_id`, `recipe_qunt`) VALUES ('3','29','1 3/4');
INSERT INTO `comprise`(`recipe_id`, `ingredients_id`, `recipe_qunt`) VALUES ('3','15','22 3/4');
INSERT INTO `comprise`(`recipe_id`, `ingredients_id`, `recipe_qunt`) VALUES ('3','54','12 3/4');
INSERT INTO `comprise`(`recipe_id`, `ingredients_id`, `recipe_qunt`) VALUES ('3','12','20 3/4');
INSERT INTO `comprise`(`recipe_id`, `ingredients_id`, `recipe_qunt`) VALUES ('3','63','25 3/4');
INSERT INTO `comprise`(`recipe_id`, `ingredients_id`, `recipe_qunt`) VALUES ('3','50','12 3/4');
INSERT INTO `comprise`(`recipe_id`, `ingredients_id`, `recipe_qunt`) VALUES ('3','92','23 3/4');
INSERT INTO `comprise`(`recipe_id`, `ingredients_id`, `recipe_qunt`) VALUES ('3','90','7 3/4');
INSERT INTO `comprise`(`recipe_id`, `ingredients_id`, `recipe_qunt`) VALUES ('3','64','24 3/4');
INSERT INTO `comprise`(`recipe_id`, `ingredients_id`, `recipe_qunt`) VALUES ('3','11','11 3/4');
INSERT INTO `comprise`(`recipe_id`, `ingredients_id`, `recipe_qunt`) VALUES ('3','27','22 3/4');
INSERT INTO `comprise`(`recipe_id`, `ingredients_id`, `recipe_qunt`) VALUES ('3','85','21 3/4');
INSERT INTO `comprise`(`recipe_id`, `ingredients_id`, `recipe_qunt`) VALUES ('3','19','23 3/4');
INSERT INTO `comprise`(`recipe_id`, `ingredients_id`, `recipe_qunt`) VALUES ('3','84','5 3/4');
INSERT INTO `comprise`(`recipe_id`, `ingredients_id`, `recipe_qunt`) VALUES ('4','55','3/4');
INSERT INTO `comprise`(`recipe_id`, `ingredients_id`, `recipe_qunt`) VALUES ('4','49','3/4');
INSERT INTO `comprise`(`recipe_id`, `ingredients_id`, `recipe_qunt`) VALUES ('4','89','3/4');
INSERT INTO `comprise`(`recipe_id`, `ingredients_id`, `recipe_qunt`) VALUES ('4','26','3/4');
INSERT INTO `comprise`(`recipe_id`, `ingredients_id`, `recipe_qunt`) VALUES ('4','47','3/4');
INSERT INTO `comprise`(`recipe_id`, `ingredients_id`, `recipe_qunt`) VALUES ('4','28','3/4');
INSERT INTO `comprise`(`recipe_id`, `ingredients_id`, `recipe_qunt`) VALUES ('4','42','3/4');
INSERT INTO `comprise`(`recipe_id`, `ingredients_id`, `recipe_qunt`) VALUES ('4','92','3/4');
INSERT INTO `comprise`(`recipe_id`, `ingredients_id`, `recipe_qunt`) VALUES ('4','57','3/4');
INSERT INTO `comprise`(`recipe_id`, `ingredients_id`, `recipe_qunt`) VALUES ('4','3','3/4');
INSERT INTO `comprise`(`recipe_id`, `ingredients_id`, `recipe_qunt`) VALUES ('4','21','3/4');
INSERT INTO `comprise`(`recipe_id`, `ingredients_id`, `recipe_qunt`) VALUES ('4','51','3/4');
INSERT INTO `comprise`(`recipe_id`, `ingredients_id`, `recipe_qunt`) VALUES ('4','14','3/4');
INSERT INTO `comprise`(`recipe_id`, `ingredients_id`, `recipe_qunt`) VALUES ('4','9','3/4');
INSERT INTO `comprise`(`recipe_id`, `ingredients_id`, `recipe_qunt`) VALUES ('4','94','3/4');
INSERT INTO `comprise`(`recipe_id`, `ingredients_id`, `recipe_qunt`) VALUES ('4','84','3/4');
INSERT INTO `comprise`(`recipe_id`, `ingredients_id`, `recipe_qunt`) VALUES ('4','27','3/4');
INSERT INTO `comprise`(`recipe_id`, `ingredients_id`, `recipe_qunt`) VALUES ('4','8','3/4');
INSERT INTO `comprise`(`recipe_id`, `ingredients_id`, `recipe_qunt`) VALUES ('4','22','3/4');
INSERT INTO `comprise`(`recipe_id`, `ingredients_id`, `recipe_qunt`) VALUES ('4','13','3/4');
INSERT INTO `comprise`(`recipe_id`, `ingredients_id`, `recipe_qunt`) VALUES ('5','52','1/4');
INSERT INTO `comprise`(`recipe_id`, `ingredients_id`, `recipe_qunt`) VALUES ('5','0','1/4');
INSERT INTO `comprise`(`recipe_id`, `ingredients_id`, `recipe_qunt`) VALUES ('5','40','1/4');
INSERT INTO `comprise`(`recipe_id`, `ingredients_id`, `recipe_qunt`) VALUES ('5','39','1/4');
INSERT INTO `comprise`(`recipe_id`, `ingredients_id`, `recipe_qunt`) VALUES ('5','96','1/4');
INSERT INTO `comprise`(`recipe_id`, `ingredients_id`, `recipe_qunt`) VALUES ('5','38','1/4');
INSERT INTO `comprise`(`recipe_id`, `ingredients_id`, `recipe_qunt`) VALUES ('5','28','1/4');
INSERT INTO `comprise`(`recipe_id`, `ingredients_id`, `recipe_qunt`) VALUES ('5','74','1/4');
INSERT INTO `comprise`(`recipe_id`, `ingredients_id`, `recipe_qunt`) VALUES ('6','67','1/2');
INSERT INTO `comprise`(`recipe_id`, `ingredients_id`, `recipe_qunt`) VALUES ('6','50','1/2');
INSERT INTO `comprise`(`recipe_id`, `ingredients_id`, `recipe_qunt`) VALUES ('6','42','1/2');
INSERT INTO `comprise`(`recipe_id`, `ingredients_id`, `recipe_qunt`) VALUES ('6','6','1/2');
INSERT INTO `comprise`(`recipe_id`, `ingredients_id`, `recipe_qunt`) VALUES ('6','54','1/2');
INSERT INTO `comprise`(`recipe_id`, `ingredients_id`, `recipe_qunt`) VALUES ('6','77','1/2');
INSERT INTO `comprise`(`recipe_id`, `ingredients_id`, `recipe_qunt`) VALUES ('6','76','1/2');
INSERT INTO `comprise`(`recipe_id`, `ingredients_id`, `recipe_qunt`) VALUES ('6','39','1/2');
INSERT INTO `comprise`(`recipe_id`, `ingredients_id`, `recipe_qunt`) VALUES ('6','57','1/2');
INSERT INTO `comprise`(`recipe_id`, `ingredients_id`, `recipe_qunt`) VALUES ('6','23','1/2');
INSERT INTO `comprise`(`recipe_id`, `ingredients_id`, `recipe_qunt`) VALUES ('6','8','1/2');
INSERT INTO `comprise`(`recipe_id`, `ingredients_id`, `recipe_qunt`) VALUES ('6','37','1/2');
INSERT INTO `comprise`(`recipe_id`, `ingredients_id`, `recipe_qunt`) VALUES ('7','89','22 1/4');
INSERT INTO `comprise`(`recipe_id`, `ingredients_id`, `recipe_qunt`) VALUES ('7','91','23 1/4');
INSERT INTO `comprise`(`recipe_id`, `ingredients_id`, `recipe_qunt`) VALUES ('7','81','7 1/4');
INSERT INTO `comprise`(`recipe_id`, `ingredients_id`, `recipe_qunt`) VALUES ('7','20','17 1/4');
INSERT INTO `comprise`(`recipe_id`, `ingredients_id`, `recipe_qunt`) VALUES ('7','51','12 1/4');
INSERT INTO `comprise`(`recipe_id`, `ingredients_id`, `recipe_qunt`) VALUES ('7','92','20 1/4');
INSERT INTO `comprise`(`recipe_id`, `ingredients_id`, `recipe_qunt`) VALUES ('7','8','19 1/4');
INSERT INTO `comprise`(`recipe_id`, `ingredients_id`, `recipe_qunt`) VALUES ('7','82','5 1/4');
INSERT INTO `comprise`(`recipe_id`, `ingredients_id`, `recipe_qunt`) VALUES ('7','4','5 1/4');
INSERT INTO `comprise`(`recipe_id`, `ingredients_id`, `recipe_qunt`) VALUES ('7','61','16 1/4');
INSERT INTO `comprise`(`recipe_id`, `ingredients_id`, `recipe_qunt`) VALUES ('7','52','8 1/4');
INSERT INTO `comprise`(`recipe_id`, `ingredients_id`, `recipe_qunt`) VALUES ('7','2','5 1/4');
INSERT INTO `comprise`(`recipe_id`, `ingredients_id`, `recipe_qunt`) VALUES ('7','13','8 1/4');
INSERT INTO `comprise`(`recipe_id`, `ingredients_id`, `recipe_qunt`) VALUES ('7','64','6 1/4');
INSERT INTO `comprise`(`recipe_id`, `ingredients_id`, `recipe_qunt`) VALUES ('7','22','5 1/4');
INSERT INTO `comprise`(`recipe_id`, `ingredients_id`, `recipe_qunt`) VALUES ('8','44','1/2');
INSERT INTO `comprise`(`recipe_id`, `ingredients_id`, `recipe_qunt`) VALUES ('8','9','1/2');
INSERT INTO `comprise`(`recipe_id`, `ingredients_id`, `recipe_qunt`) VALUES ('8','23','1/2');
INSERT INTO `comprise`(`recipe_id`, `ingredients_id`, `recipe_qunt`) VALUES ('8','93','1/2');
INSERT INTO `comprise`(`recipe_id`, `ingredients_id`, `recipe_qunt`) VALUES ('8','31','1/2');
INSERT INTO `comprise`(`recipe_id`, `ingredients_id`, `recipe_qunt`) VALUES ('8','10','1/2');
INSERT INTO `comprise`(`recipe_id`, `ingredients_id`, `recipe_qunt`) VALUES ('8','52','1/2');
INSERT INTO `comprise`(`recipe_id`, `ingredients_id`, `recipe_qunt`) VALUES ('8','38','1/2');
INSERT INTO `comprise`(`recipe_id`, `ingredients_id`, `recipe_qunt`) VALUES ('8','88','1/2');
INSERT INTO `comprise`(`recipe_id`, `ingredients_id`, `recipe_qunt`) VALUES ('8','29','1/2');
INSERT INTO `comprise`(`recipe_id`, `ingredients_id`, `recipe_qunt`) VALUES ('8','72','1/2');
INSERT INTO `comprise`(`recipe_id`, `ingredients_id`, `recipe_qunt`) VALUES ('8','58','1/2');
INSERT INTO `comprise`(`recipe_id`, `ingredients_id`, `recipe_qunt`) VALUES ('8','73','1/2');
INSERT INTO `comprise`(`recipe_id`, `ingredients_id`, `recipe_qunt`) VALUES ('8','46','1/2');
INSERT INTO `comprise`(`recipe_id`, `ingredients_id`, `recipe_qunt`) VALUES ('8','19','1/2');
INSERT INTO `comprise`(`recipe_id`, `ingredients_id`, `recipe_qunt`) VALUES ('8','76','1/2');
INSERT INTO `comprise`(`recipe_id`, `ingredients_id`, `recipe_qunt`) VALUES ('8','20','1/2');
INSERT INTO `comprise`(`recipe_id`, `ingredients_id`, `recipe_qunt`) VALUES ('9','38','11');
INSERT INTO `comprise`(`recipe_id`, `ingredients_id`, `recipe_qunt`) VALUES ('9','37','20');
INSERT INTO `comprise`(`recipe_id`, `ingredients_id`, `recipe_qunt`) VALUES ('9','51','18');
INSERT INTO `comprise`(`recipe_id`, `ingredients_id`, `recipe_qunt`) VALUES ('9','68','9');
INSERT INTO `comprise`(`recipe_id`, `ingredients_id`, `recipe_qunt`) VALUES ('9','81','15');
INSERT INTO `comprise`(`recipe_id`, `ingredients_id`, `recipe_qunt`) VALUES ('9','1','24');
INSERT INTO `comprise`(`recipe_id`, `ingredients_id`, `recipe_qunt`) VALUES ('9','82','14');
INSERT INTO `comprise`(`recipe_id`, `ingredients_id`, `recipe_qunt`) VALUES ('9','41','14');
INSERT INTO `comprise`(`recipe_id`, `ingredients_id`, `recipe_qunt`) VALUES ('9','58','8');
INSERT INTO `comprise`(`recipe_id`, `ingredients_id`, `recipe_qunt`) VALUES ('9','74','7');
INSERT INTO `comprise`(`recipe_id`, `ingredients_id`, `recipe_qunt`) VALUES ('9','28','6');
INSERT INTO `comprise`(`recipe_id`, `ingredients_id`, `recipe_qunt`) VALUES ('9','75','21');
INSERT INTO `comprise`(`recipe_id`, `ingredients_id`, `recipe_qunt`) VALUES ('9','2','24');
INSERT INTO `comprise`(`recipe_id`, `ingredients_id`, `recipe_qunt`) VALUES ('9','15','18');
INSERT INTO `comprise`(`recipe_id`, `ingredients_id`, `recipe_qunt`) VALUES ('9','7','19');
INSERT INTO `comprise`(`recipe_id`, `ingredients_id`, `recipe_qunt`) VALUES ('9','16','25');
INSERT INTO `comprise`(`recipe_id`, `ingredients_id`, `recipe_qunt`) VALUES ('9','78','25');
INSERT INTO `comprise`(`recipe_id`, `ingredients_id`, `recipe_qunt`) VALUES ('9','27','5');
INSERT INTO `comprise`(`recipe_id`, `ingredients_id`, `recipe_qunt`) VALUES ('10','1','15 1/4');
INSERT INTO `comprise`(`recipe_id`, `ingredients_id`, `recipe_qunt`) VALUES ('10','79','23 1/4');
INSERT INTO `comprise`(`recipe_id`, `ingredients_id`, `recipe_qunt`) VALUES ('10','50','20 1/4');
INSERT INTO `comprise`(`recipe_id`, `ingredients_id`, `recipe_qunt`) VALUES ('10','95','13 1/4');
INSERT INTO `comprise`(`recipe_id`, `ingredients_id`, `recipe_qunt`) VALUES ('10','78','25 1/4');
INSERT INTO `comprise`(`recipe_id`, `ingredients_id`, `recipe_qunt`) VALUES ('10','17','8 1/4');
INSERT INTO `comprise`(`recipe_id`, `ingredients_id`, `recipe_qunt`) VALUES ('10','70','18 1/4');
INSERT INTO `comprise`(`recipe_id`, `ingredients_id`, `recipe_qunt`) VALUES ('10','32','13 1/4');
INSERT INTO `comprise`(`recipe_id`, `ingredients_id`, `recipe_qunt`) VALUES ('10','92','2 1/4');
INSERT INTO `comprise`(`recipe_id`, `ingredients_id`, `recipe_qunt`) VALUES ('10','83','12 1/4');
INSERT INTO `comprise`(`recipe_id`, `ingredients_id`, `recipe_qunt`) VALUES ('10','71','23 1/4');
INSERT INTO `comprise`(`recipe_id`, `ingredients_id`, `recipe_qunt`) VALUES ('10','57','12 1/4');
INSERT INTO `comprise`(`recipe_id`, `ingredients_id`, `recipe_qunt`) VALUES ('10','26','1 1/4');
INSERT INTO `comprise`(`recipe_id`, `ingredients_id`, `recipe_qunt`) VALUES ('10','53','12 1/4');
INSERT INTO `comprise`(`recipe_id`, `ingredients_id`, `recipe_qunt`) VALUES ('10','36','14 1/4');
INSERT INTO `comprise`(`recipe_id`, `ingredients_id`, `recipe_qunt`) VALUES ('10','43','2 1/4');


INSERT INTO `add_recipe`(`username`, `recipe_id`, `creation_date`) VALUES ('ggeorge10665','3','2010-01-12');
INSERT INTO `add_recipe`(`username`, `recipe_id`, `creation_date`) VALUES ('marknorton29462','9','2002-06-02');
INSERT INTO `add_recipe`(`username`, `recipe_id`, `creation_date`) VALUES ('marknorton29462','8','1994-05-03');
INSERT INTO `add_recipe`(`username`, `recipe_id`, `creation_date`) VALUES ('byoung75053','10','1990-01-04');
INSERT INTO `add_recipe`(`username`, `recipe_id`, `creation_date`) VALUES ('ggeorge10665','5','1990-07-10');
INSERT INTO `add_recipe`(`username`, `recipe_id`, `creation_date`) VALUES ('marknorton29462','2','2003-02-20');
INSERT INTO `add_recipe`(`username`, `recipe_id`, `creation_date`) VALUES ('byoung75053','7','1997-07-10');
INSERT INTO `add_recipe`(`username`, `recipe_id`, `creation_date`) VALUES ('byoung75053','6','2007-01-30');
INSERT INTO `add_recipe`(`username`, `recipe_id`, `creation_date`) VALUES ('robinsonchristina98807','1','1980-07-19');
INSERT INTO `add_recipe`(`username`, `recipe_id`, `creation_date`) VALUES ('ggeorge10665','4','2008-10-11');


INSERT INTO `meals`(`meal_id`, `meal_name`, `meal_type`, `calories`) VALUES ('1','Poutine-Style Turkey, Gravy and Potatoes','Dinner','4601');
INSERT INTO `meals`(`meal_id`, `meal_name`, `meal_type`, `calories`) VALUES ('2','Strawberries Romanoff','lunch','5082');
INSERT INTO `meals`(`meal_id`, `meal_name`, `meal_type`, `calories`) VALUES ('3','Star Spangled Fruit Salad','Dinner','2616');
INSERT INTO `meals`(`meal_id`, `meal_name`, `meal_type`, `calories`) VALUES ('4','Sunday Cooking Lesson: Homemade Ricotta Cheese','lunch','3695');
INSERT INTO `meals`(`meal_id`, `meal_name`, `meal_type`, `calories`) VALUES ('5','Oven Roasted Cauliflower with Crunchy Topping','Breakfast','8019');
INSERT INTO `meals`(`meal_id`, `meal_name`, `meal_type`, `calories`) VALUES ('6','Creamed Turkey on Toast','lunch','8310');
INSERT INTO `meals`(`meal_id`, `meal_name`, `meal_type`, `calories`) VALUES ('7','Easy Italian Sausage and Potato Skillet','Dinner','6386');
INSERT INTO `meals`(`meal_id`, `meal_name`, `meal_type`, `calories`) VALUES ('8','Apple Topped Cake','lunch','8204');
INSERT INTO `meals`(`meal_id`, `meal_name`, `meal_type`, `calories`) VALUES ('9','Blueberry Cream Cheese Muffins','Breakfast','7672');
INSERT INTO `meals`(`meal_id`, `meal_name`, `meal_type`, `calories`) VALUES ('10','Beer Braised Barbecue Pork Butt','Dinner','420');
INSERT INTO `meals`(`meal_id`, `meal_name`, `meal_type`, `calories`) VALUES ('11','Tomato Portobello Gratin','Breakfast','7250');
INSERT INTO `meals`(`meal_id`, `meal_name`, `meal_type`, `calories`) VALUES ('12','Sausage Veggie Breakfast Bake','Dinner','5362');
INSERT INTO `meals`(`meal_id`, `meal_name`, `meal_type`, `calories`) VALUES ('13','Butternut Squash Pure (Prepared 3 Ways)','lunch','2493');
INSERT INTO `meals`(`meal_id`, `meal_name`, `meal_type`, `calories`) VALUES ('14','Cheesy Baked Stuffed Cod','Dinner','2914');
INSERT INTO `meals`(`meal_id`, `meal_name`, `meal_type`, `calories`) VALUES ('15','Pasta, Chicken & Asparagus in Garlic Tomato Sauce','Breakfast','4802');
INSERT INTO `meals`(`meal_id`, `meal_name`, `meal_type`, `calories`) VALUES ('16','Pork Tenderloin Tips with Apricot Sauce','Dinner','2191');
INSERT INTO `meals`(`meal_id`, `meal_name`, `meal_type`, `calories`) VALUES ('17','Veggie Dip Bread Bowl Wreath','Breakfast','3624');
INSERT INTO `meals`(`meal_id`, `meal_name`, `meal_type`, `calories`) VALUES ('18','Creamy Chicken Queso Dip','Dinner','3847');
INSERT INTO `meals`(`meal_id`, `meal_name`, `meal_type`, `calories`) VALUES ('19','Cod Fish Cakes','lunch','2344');
INSERT INTO `meals`(`meal_id`, `meal_name`, `meal_type`, `calories`) VALUES ('20','Pepper Jack Potato Pancakes','lunch','8438');
INSERT INTO `meals`(`meal_id`, `meal_name`, `meal_type`, `calories`) VALUES ('21','Classic Cheesecake','Breakfast','8388');
INSERT INTO `meals`(`meal_id`, `meal_name`, `meal_type`, `calories`) VALUES ('22','Butternut Squash and Chicken Chowder','Breakfast','5667');
INSERT INTO `meals`(`meal_id`, `meal_name`, `meal_type`, `calories`) VALUES ('23','Chai Coconut Chicken Strips','Breakfast','3830');
INSERT INTO `meals`(`meal_id`, `meal_name`, `meal_type`, `calories`) VALUES ('24','Loaded Baked Potato Soup','lunch','7350');
INSERT INTO `meals`(`meal_id`, `meal_name`, `meal_type`, `calories`) VALUES ('25','Cacio e Pepe Spaghetti Squash','Breakfast','4389');
INSERT INTO `meals`(`meal_id`, `meal_name`, `meal_type`, `calories`) VALUES ('26','Italian Carrots','Breakfast','1622');
INSERT INTO `meals`(`meal_id`, `meal_name`, `meal_type`, `calories`) VALUES ('27','Cioppino','lunch','9657');
INSERT INTO `meals`(`meal_id`, `meal_name`, `meal_type`, `calories`) VALUES ('28','Deluxe Toll House Mud Bars','Dinner','7857');
INSERT INTO `meals`(`meal_id`, `meal_name`, `meal_type`, `calories`) VALUES ('29','Salmon Egg Salad','lunch','5699');
INSERT INTO `meals`(`meal_id`, `meal_name`, `meal_type`, `calories`) VALUES ('30','Filipino Beans and Rice','Dinner','5853');
INSERT INTO `meals`(`meal_id`, `meal_name`, `meal_type`, `calories`) VALUES ('31','Chesapeake Salsa','Dinner','3177');
INSERT INTO `meals`(`meal_id`, `meal_name`, `meal_type`, `calories`) VALUES ('32','English-Style Fish and Chips','lunch','2388');
INSERT INTO `meals`(`meal_id`, `meal_name`, `meal_type`, `calories`) VALUES ('33','Garlic Bread','Breakfast','844');
INSERT INTO `meals`(`meal_id`, `meal_name`, `meal_type`, `calories`) VALUES ('34','Nautical Mary','Dinner','2597');
INSERT INTO `meals`(`meal_id`, `meal_name`, `meal_type`, `calories`) VALUES ('35','Beef Soup Series  Part 2: Beef and Barley Soup','lunch','8901');
INSERT INTO `meals`(`meal_id`, `meal_name`, `meal_type`, `calories`) VALUES ('36','Shaved Brussels Sprout Salad','lunch','3474');
INSERT INTO `meals`(`meal_id`, `meal_name`, `meal_type`, `calories`) VALUES ('37','Salty Dog','Breakfast','4891');
INSERT INTO `meals`(`meal_id`, `meal_name`, `meal_type`, `calories`) VALUES ('38','Steel Cut Oats Breakfast Biscotti','lunch','2113');
INSERT INTO `meals`(`meal_id`, `meal_name`, `meal_type`, `calories`) VALUES ('39','Grilled Zucchini Salad','lunch','6828');
INSERT INTO `meals`(`meal_id`, `meal_name`, `meal_type`, `calories`) VALUES ('40','Eggplant and Garlic Pizza','Breakfast','8369');
INSERT INTO `meals`(`meal_id`, `meal_name`, `meal_type`, `calories`) VALUES ('41','Red Potato Coins','lunch','3645');
INSERT INTO `meals`(`meal_id`, `meal_name`, `meal_type`, `calories`) VALUES ('42','Perdues Favorite Sweet and Smoky Chicken','lunch','551');
INSERT INTO `meals`(`meal_id`, `meal_name`, `meal_type`, `calories`) VALUES ('43','Mixed Berry Cobbler','Dinner','8248');
INSERT INTO `meals`(`meal_id`, `meal_name`, `meal_type`, `calories`) VALUES ('44','Easy Zesty Cheese Dip','lunch','3587');
INSERT INTO `meals`(`meal_id`, `meal_name`, `meal_type`, `calories`) VALUES ('45','Thai Peanut Chicken Noodle Salad','Breakfast','6942');
INSERT INTO `meals`(`meal_id`, `meal_name`, `meal_type`, `calories`) VALUES ('46','Peanut Ginger Chicken','Breakfast','943');
INSERT INTO `meals`(`meal_id`, `meal_name`, `meal_type`, `calories`) VALUES ('47','Pork Tenderloin Tips with Apricot Sauce','Dinner','6152');
INSERT INTO `meals`(`meal_id`, `meal_name`, `meal_type`, `calories`) VALUES ('48','Baked Gnocchi with Italian Sausage','Breakfast','7990');
INSERT INTO `meals`(`meal_id`, `meal_name`, `meal_type`, `calories`) VALUES ('49','Lemon Ginger Poppy Seed Biscotti','lunch','6676');
INSERT INTO `meals`(`meal_id`, `meal_name`, `meal_type`, `calories`) VALUES ('50','Chicken Pizzaiola','Dinner','2723');
INSERT INTO `meals`(`meal_id`, `meal_name`, `meal_type`, `calories`) VALUES ('51','Polish Babka','lunch','2874');
INSERT INTO `meals`(`meal_id`, `meal_name`, `meal_type`, `calories`) VALUES ('52','Asiago Potato Stacks','lunch','9374');
INSERT INTO `meals`(`meal_id`, `meal_name`, `meal_type`, `calories`) VALUES ('53','Nutella Crunch Ice Cream Cake','Breakfast','709');
INSERT INTO `meals`(`meal_id`, `meal_name`, `meal_type`, `calories`) VALUES ('54','The New England Pasty','Breakfast','5493');
INSERT INTO `meals`(`meal_id`, `meal_name`, `meal_type`, `calories`) VALUES ('55','Maple Cider Glazed Turkey','lunch','5445');
INSERT INTO `meals`(`meal_id`, `meal_name`, `meal_type`, `calories`) VALUES ('56','Shakshuka','lunch','3938');
INSERT INTO `meals`(`meal_id`, `meal_name`, `meal_type`, `calories`) VALUES ('57','Spritz Cookies','Breakfast','4092');
INSERT INTO `meals`(`meal_id`, `meal_name`, `meal_type`, `calories`) VALUES ('58','Soft Pumpkin Chocolate Chip Cookies','Breakfast','1183');
INSERT INTO `meals`(`meal_id`, `meal_name`, `meal_type`, `calories`) VALUES ('59','Scottiglia (Mixed Meat Stew)','lunch','197');
INSERT INTO `meals`(`meal_id`, `meal_name`, `meal_type`, `calories`) VALUES ('60','Salmon and Parsnip Chowder','Dinner','7682');
INSERT INTO `meals`(`meal_id`, `meal_name`, `meal_type`, `calories`) VALUES ('61','No Bake Nutella Almond Cheesecake','Dinner','5585');
INSERT INTO `meals`(`meal_id`, `meal_name`, `meal_type`, `calories`) VALUES ('62','Bulgogi (Korean Beef Barbecue)','lunch','6802');
INSERT INTO `meals`(`meal_id`, `meal_name`, `meal_type`, `calories`) VALUES ('63','Weekday Triple Play  Meal #1: Beef and Cabbage Stir Fry','lunch','5041');
INSERT INTO `meals`(`meal_id`, `meal_name`, `meal_type`, `calories`) VALUES ('64','Mexican Corn Salad','lunch','7284');
INSERT INTO `meals`(`meal_id`, `meal_name`, `meal_type`, `calories`) VALUES ('65','Chile con Queso','lunch','1253');
INSERT INTO `meals`(`meal_id`, `meal_name`, `meal_type`, `calories`) VALUES ('66','Poutine','Dinner','1425');
INSERT INTO `meals`(`meal_id`, `meal_name`, `meal_type`, `calories`) VALUES ('67','Needhams: Maines Famous Potato Candy','lunch','2973');
INSERT INTO `meals`(`meal_id`, `meal_name`, `meal_type`, `calories`) VALUES ('68','Perfect Prime Rib','Dinner','1769');
INSERT INTO `meals`(`meal_id`, `meal_name`, `meal_type`, `calories`) VALUES ('69','Summer Salad with Goat Cheese-Filled Potato Cakes','lunch','9696');
INSERT INTO `meals`(`meal_id`, `meal_name`, `meal_type`, `calories`) VALUES ('70','Matunuck Oyster Bar Stew','Dinner','227');
INSERT INTO `meals`(`meal_id`, `meal_name`, `meal_type`, `calories`) VALUES ('71','Littlenecks in Fennel Broth','Dinner','6771');
INSERT INTO `meals`(`meal_id`, `meal_name`, `meal_type`, `calories`) VALUES ('72','Grilled Summer Vegetable Salad','Breakfast','3024');
INSERT INTO `meals`(`meal_id`, `meal_name`, `meal_type`, `calories`) VALUES ('73','Honey Butter','Breakfast','6589');
INSERT INTO `meals`(`meal_id`, `meal_name`, `meal_type`, `calories`) VALUES ('74','Turkey and Gravy Savory Herbed Waffles','lunch','2458');
INSERT INTO `meals`(`meal_id`, `meal_name`, `meal_type`, `calories`) VALUES ('75','Mediterranean Pasta Primavera','Dinner','6638');
INSERT INTO `meals`(`meal_id`, `meal_name`, `meal_type`, `calories`) VALUES ('76','Grilled Chicken Skewers with Thai Chili Peanut Sauce','Dinner','651');
INSERT INTO `meals`(`meal_id`, `meal_name`, `meal_type`, `calories`) VALUES ('77','Forbidden Rice Pilaf','Breakfast','8129');
INSERT INTO `meals`(`meal_id`, `meal_name`, `meal_type`, `calories`) VALUES ('78','Sour Cream Pudding Cake','lunch','4051');
INSERT INTO `meals`(`meal_id`, `meal_name`, `meal_type`, `calories`) VALUES ('79','Portuguese Kale Soup','lunch','6151');
INSERT INTO `meals`(`meal_id`, `meal_name`, `meal_type`, `calories`) VALUES ('80','Shakshuka','Breakfast','7588');
INSERT INTO `meals`(`meal_id`, `meal_name`, `meal_type`, `calories`) VALUES ('81','Tomato Pickle Mix','Breakfast','5280');
INSERT INTO `meals`(`meal_id`, `meal_name`, `meal_type`, `calories`) VALUES ('82','Oatmeal Raisin Ice Cream','Breakfast','7652');
INSERT INTO `meals`(`meal_id`, `meal_name`, `meal_type`, `calories`) VALUES ('83','Meat Lovers Dr Pepper Baked Beans','Dinner','3978');
INSERT INTO `meals`(`meal_id`, `meal_name`, `meal_type`, `calories`) VALUES ('84','Pork Tenderloin Tips with Apricot Sauce','Breakfast','4659');
INSERT INTO `meals`(`meal_id`, `meal_name`, `meal_type`, `calories`) VALUES ('85','Portuguese Rice Pudding','Dinner','1561');
INSERT INTO `meals`(`meal_id`, `meal_name`, `meal_type`, `calories`) VALUES ('86','Parmesan Truffle Fries','Dinner','1555');
INSERT INTO `meals`(`meal_id`, `meal_name`, `meal_type`, `calories`) VALUES ('87','Its Peanut Butter Jelly Time With Recipes!','Dinner','8893');
INSERT INTO `meals`(`meal_id`, `meal_name`, `meal_type`, `calories`) VALUES ('88','Cocktail Sauce','lunch','5282');
INSERT INTO `meals`(`meal_id`, `meal_name`, `meal_type`, `calories`) VALUES ('89','Our American Kitchen Memories (& Our Favorite Family Recipes)','Breakfast','9541');
INSERT INTO `meals`(`meal_id`, `meal_name`, `meal_type`, `calories`) VALUES ('90','Tomato Lentil Soup with Sausage','Dinner','112');
INSERT INTO `meals`(`meal_id`, `meal_name`, `meal_type`, `calories`) VALUES ('91','Our Kitchen Makeover: After','lunch','724');
INSERT INTO `meals`(`meal_id`, `meal_name`, `meal_type`, `calories`) VALUES ('92','Spicy Grilled Peel and Eat Shrimp','Dinner','4657');
INSERT INTO `meals`(`meal_id`, `meal_name`, `meal_type`, `calories`) VALUES ('93','Chicken Cordon Bleu Sliders','Dinner','4270');
INSERT INTO `meals`(`meal_id`, `meal_name`, `meal_type`, `calories`) VALUES ('94','Gluten Free Veggie Burgers','Dinner','9041');
INSERT INTO `meals`(`meal_id`, `meal_name`, `meal_type`, `calories`) VALUES ('95','Lemon Ricotta Pancakes','Dinner','3210');
INSERT INTO `meals`(`meal_id`, `meal_name`, `meal_type`, `calories`) VALUES ('96','Sauted Salmon with Rice and Tomatoes','Dinner','9492');
INSERT INTO `meals`(`meal_id`, `meal_name`, `meal_type`, `calories`) VALUES ('97','Creamed Salmon and Peas Over Linguini','Breakfast','2328');
INSERT INTO `meals`(`meal_id`, `meal_name`, `meal_type`, `calories`) VALUES ('98','White Barbecue Pizza with Prosciutto and Caramelized Onions','Breakfast','2829');
INSERT INTO `meals`(`meal_id`, `meal_name`, `meal_type`, `calories`) VALUES ('99','Vegetable Shepherds Pie','Dinner','5158');
INSERT INTO `meals`(`meal_id`, `meal_name`, `meal_type`, `calories`) VALUES ('100','Hot Crab Dip with Crostini','lunch','3363');
INSERT INTO `meals`(`meal_id`, `meal_name`, `meal_type`, `calories`) VALUES ('101','Chop Suey Cake','Dinner','2680');
INSERT INTO `meals`(`meal_id`, `meal_name`, `meal_type`, `calories`) VALUES ('102','Oven Roasted Cauliflower with Crunchy Topping','Dinner','8283');
INSERT INTO `meals`(`meal_id`, `meal_name`, `meal_type`, `calories`) VALUES ('103','Sweet Chili Dipping Sauce','Dinner','9075');
INSERT INTO `meals`(`meal_id`, `meal_name`, `meal_type`, `calories`) VALUES ('104','Whole30 Chili','lunch','3213');
INSERT INTO `meals`(`meal_id`, `meal_name`, `meal_type`, `calories`) VALUES ('105','Sweet Bell Pepper Slaw With Pineapple','Dinner','9366');
INSERT INTO `meals`(`meal_id`, `meal_name`, `meal_type`, `calories`) VALUES ('106','Alphabet Soup','Dinner','1339');
INSERT INTO `meals`(`meal_id`, `meal_name`, `meal_type`, `calories`) VALUES ('107','Mediterranean Haddock','Breakfast','2851');
INSERT INTO `meals`(`meal_id`, `meal_name`, `meal_type`, `calories`) VALUES ('108','Beer Braised Barbecue Pork Butt','lunch','802');
INSERT INTO `meals`(`meal_id`, `meal_name`, `meal_type`, `calories`) VALUES ('109','English-Style Fish and Chips','Dinner','9144');
INSERT INTO `meals`(`meal_id`, `meal_name`, `meal_type`, `calories`) VALUES ('110','Tuscan Stuffed Mushrooms','lunch','8692');
INSERT INTO `meals`(`meal_id`, `meal_name`, `meal_type`, `calories`) VALUES ('111','Apple Streusel Bread','lunch','2928');
INSERT INTO `meals`(`meal_id`, `meal_name`, `meal_type`, `calories`) VALUES ('112','Fusilli with Cauliflower (Fusilli con Cavolfiore)','lunch','5066');
INSERT INTO `meals`(`meal_id`, `meal_name`, `meal_type`, `calories`) VALUES ('113','Roasted Garlic Aioli','Breakfast','6453');
INSERT INTO `meals`(`meal_id`, `meal_name`, `meal_type`, `calories`) VALUES ('114','Vietnamese Dipping Sauce','Dinner','8646');
INSERT INTO `meals`(`meal_id`, `meal_name`, `meal_type`, `calories`) VALUES ('115','Prosciutto Rolls','Dinner','5522');
INSERT INTO `meals`(`meal_id`, `meal_name`, `meal_type`, `calories`) VALUES ('116','Sweet and Sour Sauce','lunch','5906');
INSERT INTO `meals`(`meal_id`, `meal_name`, `meal_type`, `calories`) VALUES ('117','Mixed Berry Muffins','lunch','2215');
INSERT INTO `meals`(`meal_id`, `meal_name`, `meal_type`, `calories`) VALUES ('118','Southwestern Red Chile Sauce','Breakfast','8334');
INSERT INTO `meals`(`meal_id`, `meal_name`, `meal_type`, `calories`) VALUES ('119','Chocolate Cookie Candy Pretzel Bark','lunch','602');
INSERT INTO `meals`(`meal_id`, `meal_name`, `meal_type`, `calories`) VALUES ('120','Instant Pot Country Chicken','Breakfast','5443');
INSERT INTO `meals`(`meal_id`, `meal_name`, `meal_type`, `calories`) VALUES ('121','Mexican Hot Fudge Pudding Cake','Dinner','4410');
INSERT INTO `meals`(`meal_id`, `meal_name`, `meal_type`, `calories`) VALUES ('122','Pumpkin Corn Chowder','lunch','3478');
INSERT INTO `meals`(`meal_id`, `meal_name`, `meal_type`, `calories`) VALUES ('123','REESES Dream Team Chocolate Peanut Butter Pie Pops','lunch','4142');
INSERT INTO `meals`(`meal_id`, `meal_name`, `meal_type`, `calories`) VALUES ('124','Greek Spinach with White Beans and Feta','Breakfast','724');
INSERT INTO `meals`(`meal_id`, `meal_name`, `meal_type`, `calories`) VALUES ('125','Bourbon Truffles','Breakfast','9162');
INSERT INTO `meals`(`meal_id`, `meal_name`, `meal_type`, `calories`) VALUES ('126','Harissa','lunch','4720');
INSERT INTO `meals`(`meal_id`, `meal_name`, `meal_type`, `calories`) VALUES ('127','Baked Haddock with Cashew Cracker Crust','Breakfast','4603');
INSERT INTO `meals`(`meal_id`, `meal_name`, `meal_type`, `calories`) VALUES ('128','Crunchy Sweet and Salty Chicken','Breakfast','6937');
INSERT INTO `meals`(`meal_id`, `meal_name`, `meal_type`, `calories`) VALUES ('129','Vietnamese Caramel Sauce','Dinner','8305');
INSERT INTO `meals`(`meal_id`, `meal_name`, `meal_type`, `calories`) VALUES ('130','Three Cheese Baked Ziti With Meatballs and Sausage','lunch','3460');
INSERT INTO `meals`(`meal_id`, `meal_name`, `meal_type`, `calories`) VALUES ('131','Greek Yogurt Panna Cotta','lunch','718');
INSERT INTO `meals`(`meal_id`, `meal_name`, `meal_type`, `calories`) VALUES ('132','Spinach Salad with Warm Bacon Dressing','Dinner','8301');
INSERT INTO `meals`(`meal_id`, `meal_name`, `meal_type`, `calories`) VALUES ('133','New England Fish Fry','Dinner','3553');
INSERT INTO `meals`(`meal_id`, `meal_name`, `meal_type`, `calories`) VALUES ('134','Apple Cider Doughnut Holes','Dinner','382');
INSERT INTO `meals`(`meal_id`, `meal_name`, `meal_type`, `calories`) VALUES ('135','Beef Goulash Soup','lunch','5211');
INSERT INTO `meals`(`meal_id`, `meal_name`, `meal_type`, `calories`) VALUES ('136','Confetti Corn','Dinner','118');
INSERT INTO `meals`(`meal_id`, `meal_name`, `meal_type`, `calories`) VALUES ('137','Roasted Eggplant and White Bean Dip with Caraway Crackers','lunch','6146');
INSERT INTO `meals`(`meal_id`, `meal_name`, `meal_type`, `calories`) VALUES ('138','Pumpkin Corn Fritters','lunch','872');
INSERT INTO `meals`(`meal_id`, `meal_name`, `meal_type`, `calories`) VALUES ('139','Cider Glazed Bone-in Pork Roast with Apple Stuffing','Dinner','9521');
INSERT INTO `meals`(`meal_id`, `meal_name`, `meal_type`, `calories`) VALUES ('140','Prosciutto and Cheese Biscuits','lunch','8802');
INSERT INTO `meals`(`meal_id`, `meal_name`, `meal_type`, `calories`) VALUES ('141','Greek Lemon Chicken Soup with Orzo','lunch','3261');
INSERT INTO `meals`(`meal_id`, `meal_name`, `meal_type`, `calories`) VALUES ('142','Roasted Salmon with Tomato-Olive Relish','Dinner','3864');
INSERT INTO `meals`(`meal_id`, `meal_name`, `meal_type`, `calories`) VALUES ('143','Fresh Carrots with Butter and Dill','Breakfast','9970');
INSERT INTO `meals`(`meal_id`, `meal_name`, `meal_type`, `calories`) VALUES ('144','Chocolate Peanut Butter Pie','Breakfast','9175');
INSERT INTO `meals`(`meal_id`, `meal_name`, `meal_type`, `calories`) VALUES ('145','Gazpacho','Dinner','4660');
INSERT INTO `meals`(`meal_id`, `meal_name`, `meal_type`, `calories`) VALUES ('146','Crispy Pretzel Chicken with Parmesan Honey Mustard Sauce','Dinner','6458');
INSERT INTO `meals`(`meal_id`, `meal_name`, `meal_type`, `calories`) VALUES ('147','Strawberry Brambles','Breakfast','7793');
INSERT INTO `meals`(`meal_id`, `meal_name`, `meal_type`, `calories`) VALUES ('148','Condensed Cream of Chicken Soup','lunch','6306');
INSERT INTO `meals`(`meal_id`, `meal_name`, `meal_type`, `calories`) VALUES ('149','Chicken in Pepitoria Sauce (Pollo en Pepitoria)','Breakfast','3721');
INSERT INTO `meals`(`meal_id`, `meal_name`, `meal_type`, `calories`) VALUES ('150','Baked Apple and Cheddar Purses','Dinner','7441');
INSERT INTO `meals`(`meal_id`, `meal_name`, `meal_type`, `calories`) VALUES ('151','Strawberry Torte','Dinner','8392');
INSERT INTO `meals`(`meal_id`, `meal_name`, `meal_type`, `calories`) VALUES ('152','Pumpkin Corn Pudding','lunch','1262');
INSERT INTO `meals`(`meal_id`, `meal_name`, `meal_type`, `calories`) VALUES ('153','Oven Roasted Brussels Sprouts with Bacon','Dinner','6667');
INSERT INTO `meals`(`meal_id`, `meal_name`, `meal_type`, `calories`) VALUES ('154','Bourbon Truffles','Breakfast','1692');
INSERT INTO `meals`(`meal_id`, `meal_name`, `meal_type`, `calories`) VALUES ('155','Grilled Basil Garlic Chicken Breasts','lunch','7869');
INSERT INTO `meals`(`meal_id`, `meal_name`, `meal_type`, `calories`) VALUES ('156','Teriyaki Sauce','lunch','7002');
INSERT INTO `meals`(`meal_id`, `meal_name`, `meal_type`, `calories`) VALUES ('157','Quinoa Pilaf','Breakfast','6252');
INSERT INTO `meals`(`meal_id`, `meal_name`, `meal_type`, `calories`) VALUES ('158','No-Cook Puttanesca Sauce Over Pasta','Breakfast','4674');
INSERT INTO `meals`(`meal_id`, `meal_name`, `meal_type`, `calories`) VALUES ('159','Pan Seared Halibut with Mango-Avocado Salsa','Breakfast','6335');
INSERT INTO `meals`(`meal_id`, `meal_name`, `meal_type`, `calories`) VALUES ('160','Strawberry Cheesecake Mousse','Breakfast','369');
INSERT INTO `meals`(`meal_id`, `meal_name`, `meal_type`, `calories`) VALUES ('161','Whole30 Salmon Cakes with Tartar Sauce','Dinner','6893');
INSERT INTO `meals`(`meal_id`, `meal_name`, `meal_type`, `calories`) VALUES ('162','Tortellini Salad with Roasted Vegetables','Breakfast','4623');
INSERT INTO `meals`(`meal_id`, `meal_name`, `meal_type`, `calories`) VALUES ('163','Baked Crusted Salmon','lunch','9049');
INSERT INTO `meals`(`meal_id`, `meal_name`, `meal_type`, `calories`) VALUES ('164','Scottiglia (Mixed Meat Stew)','lunch','8560');
INSERT INTO `meals`(`meal_id`, `meal_name`, `meal_type`, `calories`) VALUES ('165','Our Thanksgiving Family Feast','lunch','3969');
INSERT INTO `meals`(`meal_id`, `meal_name`, `meal_type`, `calories`) VALUES ('166','Easy Asian Slaw','Dinner','495');
INSERT INTO `meals`(`meal_id`, `meal_name`, `meal_type`, `calories`) VALUES ('167','Pork Tenderloin with Pomegranate Pan Sauce','Dinner','1818');
INSERT INTO `meals`(`meal_id`, `meal_name`, `meal_type`, `calories`) VALUES ('168','Stuffed Italian Frying Peppers','Breakfast','6109');
INSERT INTO `meals`(`meal_id`, `meal_name`, `meal_type`, `calories`) VALUES ('169','Cinnamon Raisin English Muffins','lunch','4398');
INSERT INTO `meals`(`meal_id`, `meal_name`, `meal_type`, `calories`) VALUES ('170','Classic Buffalo Wings','lunch','9748');
INSERT INTO `meals`(`meal_id`, `meal_name`, `meal_type`, `calories`) VALUES ('171','Tuscan-Style Beans','lunch','7074');
INSERT INTO `meals`(`meal_id`, `meal_name`, `meal_type`, `calories`) VALUES ('172','Sunday Cooking Lesson: How to Make a Taco Shell Bowl','Breakfast','4846');
INSERT INTO `meals`(`meal_id`, `meal_name`, `meal_type`, `calories`) VALUES ('173','Macaroni and Cheese with Roasted Tomatoes','Dinner','8217');
INSERT INTO `meals`(`meal_id`, `meal_name`, `meal_type`, `calories`) VALUES ('174','Brussels Sprouts and Bacon Pizza','Breakfast','2293');
INSERT INTO `meals`(`meal_id`, `meal_name`, `meal_type`, `calories`) VALUES ('175','Kielbasa Reuben','Breakfast','2262');
INSERT INTO `meals`(`meal_id`, `meal_name`, `meal_type`, `calories`) VALUES ('176','Hamburger Soup','lunch','3175');
INSERT INTO `meals`(`meal_id`, `meal_name`, `meal_type`, `calories`) VALUES ('177','Pickled Peppers','Breakfast','9673');
INSERT INTO `meals`(`meal_id`, `meal_name`, `meal_type`, `calories`) VALUES ('178','Sweet and Spicy Shrimp, Pineapple and Bacon Skewers','lunch','8674');
INSERT INTO `meals`(`meal_id`, `meal_name`, `meal_type`, `calories`) VALUES ('179','Apple Pandowdy','Dinner','7251');
INSERT INTO `meals`(`meal_id`, `meal_name`, `meal_type`, `calories`) VALUES ('180','Raspberry Melon Smoothie','lunch','6142');
INSERT INTO `meals`(`meal_id`, `meal_name`, `meal_type`, `calories`) VALUES ('181','Our Christmas Family Feast','lunch','5720');
INSERT INTO `meals`(`meal_id`, `meal_name`, `meal_type`, `calories`) VALUES ('182','Cassata Ricotta (Sponge Cake with Ricotta)','Dinner','7870');
INSERT INTO `meals`(`meal_id`, `meal_name`, `meal_type`, `calories`) VALUES ('183','Malted Mousse Cake','Breakfast','7391');
INSERT INTO `meals`(`meal_id`, `meal_name`, `meal_type`, `calories`) VALUES ('184','Yankee Pot Roast {plus #OXOCookware Review}','lunch','6105');
INSERT INTO `meals`(`meal_id`, `meal_name`, `meal_type`, `calories`) VALUES ('185','Praline Pumpkin Mousse','lunch','6744');
INSERT INTO `meals`(`meal_id`, `meal_name`, `meal_type`, `calories`) VALUES ('186','Stuffed Crust Pizza Braid','lunch','820');
INSERT INTO `meals`(`meal_id`, `meal_name`, `meal_type`, `calories`) VALUES ('187','Creamy Polenta with Pancetta and Broccoli Rabe','lunch','6844');
INSERT INTO `meals`(`meal_id`, `meal_name`, `meal_type`, `calories`) VALUES ('188','Baked Tilapia with Quinoa and Garlicky Green Beans','Breakfast','911');
INSERT INTO `meals`(`meal_id`, `meal_name`, `meal_type`, `calories`) VALUES ('189','Green Beans with Tarragon','lunch','3515');
INSERT INTO `meals`(`meal_id`, `meal_name`, `meal_type`, `calories`) VALUES ('190','Summer Salad with Goat Cheese-Filled Potato Cakes','lunch','7408');
INSERT INTO `meals`(`meal_id`, `meal_name`, `meal_type`, `calories`) VALUES ('191','Straw and Hay (Paglia e Fieno)','Breakfast','1737');
INSERT INTO `meals`(`meal_id`, `meal_name`, `meal_type`, `calories`) VALUES ('192','Chocolate Chocolate Chip Zucchini Muffins','Breakfast','6257');
INSERT INTO `meals`(`meal_id`, `meal_name`, `meal_type`, `calories`) VALUES ('193','Lazanki with Mushrooms and Beef','Dinner','9751');
INSERT INTO `meals`(`meal_id`, `meal_name`, `meal_type`, `calories`) VALUES ('194','Peppery Peach Glazed Pork Tenderloin','Breakfast','242');
INSERT INTO `meals`(`meal_id`, `meal_name`, `meal_type`, `calories`) VALUES ('195','Orange Chicken and Vegetables','Breakfast','8118');
INSERT INTO `meals`(`meal_id`, `meal_name`, `meal_type`, `calories`) VALUES ('196','Mascarpone Strawberry Stuffed French Toast','Breakfast','6834');
INSERT INTO `meals`(`meal_id`, `meal_name`, `meal_type`, `calories`) VALUES ('197','Our Favorite Milk, Cream, Yogurt and Cheese Recipes','Breakfast','9263');
INSERT INTO `meals`(`meal_id`, `meal_name`, `meal_type`, `calories`) VALUES ('198','Bacon and Blue Cheese Stuffed Burgers','lunch','3342');
INSERT INTO `meals`(`meal_id`, `meal_name`, `meal_type`, `calories`) VALUES ('199','Grilled Southwest Burger','lunch','128');
INSERT INTO `meals`(`meal_id`, `meal_name`, `meal_type`, `calories`) VALUES ('200','Best Ever Banana Bread','Dinner','8450');
INSERT INTO `meals`(`meal_id`, `meal_name`, `meal_type`, `calories`) VALUES ('201','Grilled Bananas and Pineapple with Rum-Molasses Glaze','lunch','9191');
INSERT INTO `meals`(`meal_id`, `meal_name`, `meal_type`, `calories`) VALUES ('202','Sweet Potato Pancakes','Dinner','1362');
INSERT INTO `meals`(`meal_id`, `meal_name`, `meal_type`, `calories`) VALUES ('203','Easy Cheesy Potato Casserole','Dinner','5024');
INSERT INTO `meals`(`meal_id`, `meal_name`, `meal_type`, `calories`) VALUES ('204','Roasted Fennel and Onion Gratinati','lunch','7363');
INSERT INTO `meals`(`meal_id`, `meal_name`, `meal_type`, `calories`) VALUES ('205','Chocolate Dipped Almond Fingers','Breakfast','3040');
INSERT INTO `meals`(`meal_id`, `meal_name`, `meal_type`, `calories`) VALUES ('206','Toll House Chocolate Chip Cupcakes','Breakfast','9771');
INSERT INTO `meals`(`meal_id`, `meal_name`, `meal_type`, `calories`) VALUES ('207','Mixed Berry Cobbler','Breakfast','1911');
INSERT INTO `meals`(`meal_id`, `meal_name`, `meal_type`, `calories`) VALUES ('208','Deconstructed Stuffed Cabbage','lunch','2268');
INSERT INTO `meals`(`meal_id`, `meal_name`, `meal_type`, `calories`) VALUES ('209','Peas with Prosciutto','lunch','5106');
INSERT INTO `meals`(`meal_id`, `meal_name`, `meal_type`, `calories`) VALUES ('210','Pumpkin Corn Chowder','lunch','2651');
INSERT INTO `meals`(`meal_id`, `meal_name`, `meal_type`, `calories`) VALUES ('211','Key Lime Torte','Breakfast','9388');
INSERT INTO `meals`(`meal_id`, `meal_name`, `meal_type`, `calories`) VALUES ('212','Tzimmes','lunch','932');
INSERT INTO `meals`(`meal_id`, `meal_name`, `meal_type`, `calories`) VALUES ('213','Cranberry Orange Sorbet','lunch','5315');
INSERT INTO `meals`(`meal_id`, `meal_name`, `meal_type`, `calories`) VALUES ('214','Grape-Nuts Bread','Dinner','7158');
INSERT INTO `meals`(`meal_id`, `meal_name`, `meal_type`, `calories`) VALUES ('215','Taco Salad','Dinner','8002');
INSERT INTO `meals`(`meal_id`, `meal_name`, `meal_type`, `calories`) VALUES ('216','Our Kitchen Makeover: Appliance Research & Inspiration','lunch','8150');
INSERT INTO `meals`(`meal_id`, `meal_name`, `meal_type`, `calories`) VALUES ('217','Salmon Hash with Poached Eggs','lunch','276');
INSERT INTO `meals`(`meal_id`, `meal_name`, `meal_type`, `calories`) VALUES ('218','Baked Brie with Mostarda','lunch','281');
INSERT INTO `meals`(`meal_id`, `meal_name`, `meal_type`, `calories`) VALUES ('219','Caramelized Pineapple Topping','Breakfast','8862');
INSERT INTO `meals`(`meal_id`, `meal_name`, `meal_type`, `calories`) VALUES ('220','Dinner Party Series  Part 3: Herb Basted Salmon','lunch','5645');
INSERT INTO `meals`(`meal_id`, `meal_name`, `meal_type`, `calories`) VALUES ('221','Petite Marmite','Dinner','455');
INSERT INTO `meals`(`meal_id`, `meal_name`, `meal_type`, `calories`) VALUES ('222','Chicken Parmesan','lunch','5593');
INSERT INTO `meals`(`meal_id`, `meal_name`, `meal_type`, `calories`) VALUES ('223','Onion Jam Crostini with Herbed Goat Cheese','Dinner','5712');
INSERT INTO `meals`(`meal_id`, `meal_name`, `meal_type`, `calories`) VALUES ('224','Turkey Cocktail Meatballs with Apple Mustard Glaze','lunch','9775');
INSERT INTO `meals`(`meal_id`, `meal_name`, `meal_type`, `calories`) VALUES ('225','Zucchini Fritters','Dinner','8951');
INSERT INTO `meals`(`meal_id`, `meal_name`, `meal_type`, `calories`) VALUES ('226','Pickled Red Onions','lunch','9771');
INSERT INTO `meals`(`meal_id`, `meal_name`, `meal_type`, `calories`) VALUES ('227','Sweet Corn Soup','lunch','1215');
INSERT INTO `meals`(`meal_id`, `meal_name`, `meal_type`, `calories`) VALUES ('228','Sour Cream Streusel Coffeecake','Dinner','6547');
INSERT INTO `meals`(`meal_id`, `meal_name`, `meal_type`, `calories`) VALUES ('229','Sweet Corn Gelato','Breakfast','9552');
INSERT INTO `meals`(`meal_id`, `meal_name`, `meal_type`, `calories`) VALUES ('230','Asparagus with Lemon and Feta','Dinner','7897');
INSERT INTO `meals`(`meal_id`, `meal_name`, `meal_type`, `calories`) VALUES ('231','Butternut Squash with Rainbow Quinoa','Breakfast','6335');
INSERT INTO `meals`(`meal_id`, `meal_name`, `meal_type`, `calories`) VALUES ('232','Lemon Meringue Pie Fudge & Dessert Mash-Ups Cookbook Giveaway {closed}','Breakfast','1252');
INSERT INTO `meals`(`meal_id`, `meal_name`, `meal_type`, `calories`) VALUES ('233','Tomato Eggplant Gratin','Dinner','5373');
INSERT INTO `meals`(`meal_id`, `meal_name`, `meal_type`, `calories`) VALUES ('234','Ginger Maple Sweet Potato Casserole','lunch','5718');
INSERT INTO `meals`(`meal_id`, `meal_name`, `meal_type`, `calories`) VALUES ('235','Cornbread Fries with Honey-Sage Dipping Sauce','lunch','3668');
INSERT INTO `meals`(`meal_id`, `meal_name`, `meal_type`, `calories`) VALUES ('236','Our Christmas Family Feast','lunch','6844');
INSERT INTO `meals`(`meal_id`, `meal_name`, `meal_type`, `calories`) VALUES ('237','Tuscan-Style Beans','Breakfast','6585');
INSERT INTO `meals`(`meal_id`, `meal_name`, `meal_type`, `calories`) VALUES ('238','Mediterranean Pasta Salad','Dinner','1328');
INSERT INTO `meals`(`meal_id`, `meal_name`, `meal_type`, `calories`) VALUES ('239','No-Bake Chocolate Oatmeal Cookies','Breakfast','8514');
INSERT INTO `meals`(`meal_id`, `meal_name`, `meal_type`, `calories`) VALUES ('240','Buttermilk Corn Muffins','Breakfast','9398');
INSERT INTO `meals`(`meal_id`, `meal_name`, `meal_type`, `calories`) VALUES ('241','Grilled Tropical Fruit Salad with Prosciutto','lunch','9304');
INSERT INTO `meals`(`meal_id`, `meal_name`, `meal_type`, `calories`) VALUES ('242','Cheeseburger Pie','Breakfast','2041');
INSERT INTO `meals`(`meal_id`, `meal_name`, `meal_type`, `calories`) VALUES ('243','Baked Chicken Taquitos','Breakfast','4446');
INSERT INTO `meals`(`meal_id`, `meal_name`, `meal_type`, `calories`) VALUES ('244','Oven Roasted Brussels Sprouts with Bacon','Breakfast','310');
INSERT INTO `meals`(`meal_id`, `meal_name`, `meal_type`, `calories`) VALUES ('245','Lamb and Eggplant Crostini with Salad','Dinner','4875');
INSERT INTO `meals`(`meal_id`, `meal_name`, `meal_type`, `calories`) VALUES ('246','Egg-Free Caesar Dressing (and Marinade)','Dinner','9321');
INSERT INTO `meals`(`meal_id`, `meal_name`, `meal_type`, `calories`) VALUES ('247','Sunday Cooking Lesson: Perfect Poached Chicken','lunch','9002');
INSERT INTO `meals`(`meal_id`, `meal_name`, `meal_type`, `calories`) VALUES ('248','Country Baked Chicken','Breakfast','6169');
INSERT INTO `meals`(`meal_id`, `meal_name`, `meal_type`, `calories`) VALUES ('249','Bourbon Barbecue Sauce','Breakfast','5381');
INSERT INTO `meals`(`meal_id`, `meal_name`, `meal_type`, `calories`) VALUES ('250','Harissa','lunch','5849');
INSERT INTO `meals`(`meal_id`, `meal_name`, `meal_type`, `calories`) VALUES ('251','Forbidden Rice Pilaf','Dinner','7315');
INSERT INTO `meals`(`meal_id`, `meal_name`, `meal_type`, `calories`) VALUES ('252','Loaded Mashed Potato Casserole','Dinner','6678');
INSERT INTO `meals`(`meal_id`, `meal_name`, `meal_type`, `calories`) VALUES ('253','Baked Cod with Boursin','lunch','2816');
INSERT INTO `meals`(`meal_id`, `meal_name`, `meal_type`, `calories`) VALUES ('254','Pumpkin Corn Fritters','Dinner','285');
INSERT INTO `meals`(`meal_id`, `meal_name`, `meal_type`, `calories`) VALUES ('255','Steak Bomb Sandwich','Dinner','5825');
INSERT INTO `meals`(`meal_id`, `meal_name`, `meal_type`, `calories`) VALUES ('256','Noodle Kugel','lunch','6088');
INSERT INTO `meals`(`meal_id`, `meal_name`, `meal_type`, `calories`) VALUES ('257','Peach Butter','lunch','8112');
INSERT INTO `meals`(`meal_id`, `meal_name`, `meal_type`, `calories`) VALUES ('258','Gluten Free Flat Bread','Dinner','8828');
INSERT INTO `meals`(`meal_id`, `meal_name`, `meal_type`, `calories`) VALUES ('259','Beef Soup Series  Part 3: Hearty Beef Vegetable Soup','Dinner','4305');
INSERT INTO `meals`(`meal_id`, `meal_name`, `meal_type`, `calories`) VALUES ('260','Beef and Guinness Casserole with Noodles','Dinner','5637');
INSERT INTO `meals`(`meal_id`, `meal_name`, `meal_type`, `calories`) VALUES ('261','Meat Lovers Dr Pepper Baked Beans','Breakfast','7447');
INSERT INTO `meals`(`meal_id`, `meal_name`, `meal_type`, `calories`) VALUES ('262','Key Lime Ice Cream with Graham Cracker Pistachio Crumb Topping','lunch','8526');
INSERT INTO `meals`(`meal_id`, `meal_name`, `meal_type`, `calories`) VALUES ('263','Antipasto Salad','lunch','3050');
INSERT INTO `meals`(`meal_id`, `meal_name`, `meal_type`, `calories`) VALUES ('264','Italian Sausage Sub with Toasted Fennel Aioli','Dinner','7234');
INSERT INTO `meals`(`meal_id`, `meal_name`, `meal_type`, `calories`) VALUES ('265','Creamy Italian Dressing','Breakfast','5078');
INSERT INTO `meals`(`meal_id`, `meal_name`, `meal_type`, `calories`) VALUES ('266','Dinner Party Series  Part 1: Tuscan Kale Salad with Oranges, Currants and Feta','Breakfast','5031');
INSERT INTO `meals`(`meal_id`, `meal_name`, `meal_type`, `calories`) VALUES ('267','Chicken Bellagio','Breakfast','2050');
INSERT INTO `meals`(`meal_id`, `meal_name`, `meal_type`, `calories`) VALUES ('268','Grilled Seasonal Vegetables with Infused Oils','lunch','5052');
INSERT INTO `meals`(`meal_id`, `meal_name`, `meal_type`, `calories`) VALUES ('269','Beef Tostadas','lunch','1907');
INSERT INTO `meals`(`meal_id`, `meal_name`, `meal_type`, `calories`) VALUES ('270','Chocolate Peanut Butter Cupcakes','Breakfast','6279');
INSERT INTO `meals`(`meal_id`, `meal_name`, `meal_type`, `calories`) VALUES ('271','Grilled Vegetable Tostadas','Dinner','9422');
INSERT INTO `meals`(`meal_id`, `meal_name`, `meal_type`, `calories`) VALUES ('272','Sausage Veggie Breakfast Bake','Dinner','4390');
INSERT INTO `meals`(`meal_id`, `meal_name`, `meal_type`, `calories`) VALUES ('273','Russian Dressing','Dinner','5562');
INSERT INTO `meals`(`meal_id`, `meal_name`, `meal_type`, `calories`) VALUES ('274','Condensed Milk Pound Cake','Breakfast','3288');
INSERT INTO `meals`(`meal_id`, `meal_name`, `meal_type`, `calories`) VALUES ('275','Bourbon Truffles','Dinner','936');
INSERT INTO `meals`(`meal_id`, `meal_name`, `meal_type`, `calories`) VALUES ('276','Lamb, Tomato and Barley Soup','lunch','1921');
INSERT INTO `meals`(`meal_id`, `meal_name`, `meal_type`, `calories`) VALUES ('277','Cranberry Buffalo Wings','lunch','5745');
INSERT INTO `meals`(`meal_id`, `meal_name`, `meal_type`, `calories`) VALUES ('278','Grilled Romaine Hearts and Pears with Bleu Cheese','Breakfast','3839');
INSERT INTO `meals`(`meal_id`, `meal_name`, `meal_type`, `calories`) VALUES ('279','Pickled Golden Beets','lunch','5288');
INSERT INTO `meals`(`meal_id`, `meal_name`, `meal_type`, `calories`) VALUES ('280','Tartar Sauce','lunch','6280');
INSERT INTO `meals`(`meal_id`, `meal_name`, `meal_type`, `calories`) VALUES ('281','Tomato Pie','Dinner','9072');
INSERT INTO `meals`(`meal_id`, `meal_name`, `meal_type`, `calories`) VALUES ('282','No-Churn Cinnamon Ice Cream','Dinner','4959');
INSERT INTO `meals`(`meal_id`, `meal_name`, `meal_type`, `calories`) VALUES ('283','Lamb and Eggplant Crostini with Salad','Breakfast','5787');
INSERT INTO `meals`(`meal_id`, `meal_name`, `meal_type`, `calories`) VALUES ('284','Christmas Rocks','Breakfast','511');
INSERT INTO `meals`(`meal_id`, `meal_name`, `meal_type`, `calories`) VALUES ('285','Easy Asian Slaw','Dinner','2612');
INSERT INTO `meals`(`meal_id`, `meal_name`, `meal_type`, `calories`) VALUES ('286','Coconut Rice','lunch','3275');
INSERT INTO `meals`(`meal_id`, `meal_name`, `meal_type`, `calories`) VALUES ('287','Cashew Cranberry Crunch Muffins','Dinner','7168');
INSERT INTO `meals`(`meal_id`, `meal_name`, `meal_type`, `calories`) VALUES ('288','Turkey and Gravy Savory Herbed Waffles','Breakfast','9383');
INSERT INTO `meals`(`meal_id`, `meal_name`, `meal_type`, `calories`) VALUES ('289','White Lasagna Chicken Rollups','Breakfast','1314');
INSERT INTO `meals`(`meal_id`, `meal_name`, `meal_type`, `calories`) VALUES ('290','Chocolate Mint Sugar Wafers','lunch','6435');
INSERT INTO `meals`(`meal_id`, `meal_name`, `meal_type`, `calories`) VALUES ('291','Maple Sage Roasted Delicata Squash','lunch','3389');
INSERT INTO `meals`(`meal_id`, `meal_name`, `meal_type`, `calories`) VALUES ('292','Toffee Pecan Bundt Cake with Caramel Drizzle','lunch','5686');
INSERT INTO `meals`(`meal_id`, `meal_name`, `meal_type`, `calories`) VALUES ('293','Whole30 Spaghetti Squash with Pesto','Dinner','2365');
INSERT INTO `meals`(`meal_id`, `meal_name`, `meal_type`, `calories`) VALUES ('294','Blue Cheese Dressing','Breakfast','4951');
INSERT INTO `meals`(`meal_id`, `meal_name`, `meal_type`, `calories`) VALUES ('295','Easy Freezer Meatballs','lunch','4861');
INSERT INTO `meals`(`meal_id`, `meal_name`, `meal_type`, `calories`) VALUES ('296','Southwest Tuna Salad Lettuce Boats','lunch','744');
INSERT INTO `meals`(`meal_id`, `meal_name`, `meal_type`, `calories`) VALUES ('297','Apple-Stuffed Acorn Squash','Breakfast','4243');
INSERT INTO `meals`(`meal_id`, `meal_name`, `meal_type`, `calories`) VALUES ('298','Oven Roasted Brussels Sprouts with Lemon Aioli','Breakfast','9782');
INSERT INTO `meals`(`meal_id`, `meal_name`, `meal_type`, `calories`) VALUES ('299','Salmon and Parsnip Chowder','lunch','8275');
INSERT INTO `meals`(`meal_id`, `meal_name`, `meal_type`, `calories`) VALUES ('300','Tzatziki','Breakfast','4110');
INSERT INTO `meals`(`meal_id`, `meal_name`, `meal_type`, `calories`) VALUES ('301','Italian Cheesy Bread','lunch','7073');
INSERT INTO `meals`(`meal_id`, `meal_name`, `meal_type`, `calories`) VALUES ('302','Pumpkin Pancakes with Maple Pumpkin Butter','Breakfast','6984');
INSERT INTO `meals`(`meal_id`, `meal_name`, `meal_type`, `calories`) VALUES ('303','Hawaiian French Toast with Pineapple and Mascarpone','Breakfast','5819');
INSERT INTO `meals`(`meal_id`, `meal_name`, `meal_type`, `calories`) VALUES ('304','Mocha Bread Pudding','lunch','9572');
INSERT INTO `meals`(`meal_id`, `meal_name`, `meal_type`, `calories`) VALUES ('305','Grilled Chicken Club with Rosemary Aioli','Dinner','640');
INSERT INTO `meals`(`meal_id`, `meal_name`, `meal_type`, `calories`) VALUES ('306','Chocolate Crunch Strawberry Ice Cream Cake','Dinner','5565');
INSERT INTO `meals`(`meal_id`, `meal_name`, `meal_type`, `calories`) VALUES ('307','Creamy Summer Squash Casserole','lunch','7650');
INSERT INTO `meals`(`meal_id`, `meal_name`, `meal_type`, `calories`) VALUES ('308','Loaded Mashed Potato Casserole','Dinner','7957');
INSERT INTO `meals`(`meal_id`, `meal_name`, `meal_type`, `calories`) VALUES ('309','Chicken with Sweet and Sour Plum Sauce','lunch','4390');
INSERT INTO `meals`(`meal_id`, `meal_name`, `meal_type`, `calories`) VALUES ('310','Chocolate Crunch Squares','Breakfast','274');
INSERT INTO `meals`(`meal_id`, `meal_name`, `meal_type`, `calories`) VALUES ('311','Turkey Tetrazzini','Dinner','1658');
INSERT INTO `meals`(`meal_id`, `meal_name`, `meal_type`, `calories`) VALUES ('312','Matunuck Oyster Bar Stew','lunch','2073');
INSERT INTO `meals`(`meal_id`, `meal_name`, `meal_type`, `calories`) VALUES ('313','Spatchcocked Grilled Turkey','Dinner','3251');
INSERT INTO `meals`(`meal_id`, `meal_name`, `meal_type`, `calories`) VALUES ('314','Mexican Hot Fudge Pudding Cake','Breakfast','4032');
INSERT INTO `meals`(`meal_id`, `meal_name`, `meal_type`, `calories`) VALUES ('315','Jacks Chili','Dinner','7531');
INSERT INTO `meals`(`meal_id`, `meal_name`, `meal_type`, `calories`) VALUES ('316','Cranberry Ginger Upside Down Cake with Rum Whipped Cream','Breakfast','940');
INSERT INTO `meals`(`meal_id`, `meal_name`, `meal_type`, `calories`) VALUES ('317','Boston Baked Beans','lunch','8234');
INSERT INTO `meals`(`meal_id`, `meal_name`, `meal_type`, `calories`) VALUES ('318','Cranberry Sauce','Breakfast','806');
INSERT INTO `meals`(`meal_id`, `meal_name`, `meal_type`, `calories`) VALUES ('319','Spiced Apple Coconut Muffins','Dinner','8939');
INSERT INTO `meals`(`meal_id`, `meal_name`, `meal_type`, `calories`) VALUES ('320','Sunday Cooking Lesson: How to Easily Cut Fresh Corn Kernels Off the Cob','Breakfast','7646');
INSERT INTO `meals`(`meal_id`, `meal_name`, `meal_type`, `calories`) VALUES ('321','Lazanki with Mushrooms and Beef','Dinner','2953');
INSERT INTO `meals`(`meal_id`, `meal_name`, `meal_type`, `calories`) VALUES ('322','Zucchini, Ham and Rice Skillet','Dinner','6627');
INSERT INTO `meals`(`meal_id`, `meal_name`, `meal_type`, `calories`) VALUES ('323','Olive Dipping Sauce','Dinner','7022');
INSERT INTO `meals`(`meal_id`, `meal_name`, `meal_type`, `calories`) VALUES ('324','Zucchini Parmesan','Breakfast','9554');
INSERT INTO `meals`(`meal_id`, `meal_name`, `meal_type`, `calories`) VALUES ('325','Polish Dill Pickle Soup','lunch','309');
INSERT INTO `meals`(`meal_id`, `meal_name`, `meal_type`, `calories`) VALUES ('326','Zucchini Johnnycakes','Dinner','4798');
INSERT INTO `meals`(`meal_id`, `meal_name`, `meal_type`, `calories`) VALUES ('327','Hamburger Soup','lunch','5223');
INSERT INTO `meals`(`meal_id`, `meal_name`, `meal_type`, `calories`) VALUES ('328','Pork Tenderloin with Strawberry-Plum Sauce and Herbed Biscuits','lunch','552');
INSERT INTO `meals`(`meal_id`, `meal_name`, `meal_type`, `calories`) VALUES ('329','Goat Cheese, Pesto and Sun-Dried Tomato Terrine','Dinner','2326');
INSERT INTO `meals`(`meal_id`, `meal_name`, `meal_type`, `calories`) VALUES ('330','Steak Bites','Dinner','4109');
INSERT INTO `meals`(`meal_id`, `meal_name`, `meal_type`, `calories`) VALUES ('331','Mexican Rice','Breakfast','5630');
INSERT INTO `meals`(`meal_id`, `meal_name`, `meal_type`, `calories`) VALUES ('332','Homemade Mayonnaise','Breakfast','6584');
INSERT INTO `meals`(`meal_id`, `meal_name`, `meal_type`, `calories`) VALUES ('333','Myles Standish Sandwich','Breakfast','5917');
INSERT INTO `meals`(`meal_id`, `meal_name`, `meal_type`, `calories`) VALUES ('334','White Barbecue Sauce Pork Ribs','Breakfast','2628');
INSERT INTO `meals`(`meal_id`, `meal_name`, `meal_type`, `calories`) VALUES ('335','Sweet Potato Cauliflower Mash','lunch','7980');
INSERT INTO `meals`(`meal_id`, `meal_name`, `meal_type`, `calories`) VALUES ('336','Orange Sugared Cranberries','lunch','2524');
INSERT INTO `meals`(`meal_id`, `meal_name`, `meal_type`, `calories`) VALUES ('337','Pasta Frolla Christmas Jam Cookies','Dinner','520');
INSERT INTO `meals`(`meal_id`, `meal_name`, `meal_type`, `calories`) VALUES ('338','Thanksgiving Casserole','Breakfast','9531');
INSERT INTO `meals`(`meal_id`, `meal_name`, `meal_type`, `calories`) VALUES ('339','Slow Cooker Pulled Buffalo Chicken','lunch','9599');
INSERT INTO `meals`(`meal_id`, `meal_name`, `meal_type`, `calories`) VALUES ('340','Simple Red Wine Vinaigrette','Breakfast','4668');
INSERT INTO `meals`(`meal_id`, `meal_name`, `meal_type`, `calories`) VALUES ('341','Giouvetsi','Dinner','7168');
INSERT INTO `meals`(`meal_id`, `meal_name`, `meal_type`, `calories`) VALUES ('342','Parmesan Chicken Cutlets','lunch','690');
INSERT INTO `meals`(`meal_id`, `meal_name`, `meal_type`, `calories`) VALUES ('343','Butternut Squash Pasta Sauce','lunch','4130');
INSERT INTO `meals`(`meal_id`, `meal_name`, `meal_type`, `calories`) VALUES ('344','Meat Lovers Manicotti Stracotto-Style','lunch','625');
INSERT INTO `meals`(`meal_id`, `meal_name`, `meal_type`, `calories`) VALUES ('345','Taco Salad','lunch','5085');
INSERT INTO `meals`(`meal_id`, `meal_name`, `meal_type`, `calories`) VALUES ('346','Lime and Coriander Tofu Mayonnaise','Breakfast','9058');
INSERT INTO `meals`(`meal_id`, `meal_name`, `meal_type`, `calories`) VALUES ('347','Pearl Onions in Cream Sauce','Dinner','8408');
INSERT INTO `meals`(`meal_id`, `meal_name`, `meal_type`, `calories`) VALUES ('348','Slow Cooker Swiss Steak','Dinner','2417');
INSERT INTO `meals`(`meal_id`, `meal_name`, `meal_type`, `calories`) VALUES ('349','Cashew Cranberry Crunch Muffins','Breakfast','6339');
INSERT INTO `meals`(`meal_id`, `meal_name`, `meal_type`, `calories`) VALUES ('350','Grilled Zucchini Salad','Dinner','9432');
INSERT INTO `meals`(`meal_id`, `meal_name`, `meal_type`, `calories`) VALUES ('351','Strawberry Torte','Dinner','899');
INSERT INTO `meals`(`meal_id`, `meal_name`, `meal_type`, `calories`) VALUES ('352','Italian Sausage and Eggplant Tailgate Dip','Breakfast','1569');
INSERT INTO `meals`(`meal_id`, `meal_name`, `meal_type`, `calories`) VALUES ('353','Blueberry Buckle','Breakfast','4846');
INSERT INTO `meals`(`meal_id`, `meal_name`, `meal_type`, `calories`) VALUES ('354','Turkey & Stuffing Turnovers','lunch','4478');
INSERT INTO `meals`(`meal_id`, `meal_name`, `meal_type`, `calories`) VALUES ('355','Its Peanut Butter Jelly Time With Recipes!','Breakfast','2127');
INSERT INTO `meals`(`meal_id`, `meal_name`, `meal_type`, `calories`) VALUES ('356','Lamb and Eggplant Crostini with Salad','lunch','6908');
INSERT INTO `meals`(`meal_id`, `meal_name`, `meal_type`, `calories`) VALUES ('357','Coconut Rice','lunch','9415');
INSERT INTO `meals`(`meal_id`, `meal_name`, `meal_type`, `calories`) VALUES ('358','Rice Pilaf','lunch','167');
INSERT INTO `meals`(`meal_id`, `meal_name`, `meal_type`, `calories`) VALUES ('359','Beef and Bean Enchiladas','lunch','7117');
INSERT INTO `meals`(`meal_id`, `meal_name`, `meal_type`, `calories`) VALUES ('360','Tuscan Gilded Carrots','lunch','5146');
INSERT INTO `meals`(`meal_id`, `meal_name`, `meal_type`, `calories`) VALUES ('361','Turkey Kielbasa and Baby Kale Strata','lunch','1014');
INSERT INTO `meals`(`meal_id`, `meal_name`, `meal_type`, `calories`) VALUES ('362','Homemade Nutella','Dinner','987');
INSERT INTO `meals`(`meal_id`, `meal_name`, `meal_type`, `calories`) VALUES ('363','Spiced Eggnog Cocktail','Dinner','1824');
INSERT INTO `meals`(`meal_id`, `meal_name`, `meal_type`, `calories`) VALUES ('364','Perfect Turkey Gravy','lunch','4515');
INSERT INTO `meals`(`meal_id`, `meal_name`, `meal_type`, `calories`) VALUES ('365','Crispy Zaletti Cookies','Breakfast','2350');
INSERT INTO `meals`(`meal_id`, `meal_name`, `meal_type`, `calories`) VALUES ('366','Lemon Sugar Cookies','lunch','4520');
INSERT INTO `meals`(`meal_id`, `meal_name`, `meal_type`, `calories`) VALUES ('367','Crispy Apple Crusted Pork Chops','lunch','1730');
INSERT INTO `meals`(`meal_id`, `meal_name`, `meal_type`, `calories`) VALUES ('368','Classic Cheesecake','lunch','1344');
INSERT INTO `meals`(`meal_id`, `meal_name`, `meal_type`, `calories`) VALUES ('369','Ham and Swiss Quiche','Breakfast','2121');
INSERT INTO `meals`(`meal_id`, `meal_name`, `meal_type`, `calories`) VALUES ('370','Melon Balls with Poppy Seed Dressing','Dinner','7007');
INSERT INTO `meals`(`meal_id`, `meal_name`, `meal_type`, `calories`) VALUES ('371','Sausage Veggie Breakfast Bake','lunch','1111');
INSERT INTO `meals`(`meal_id`, `meal_name`, `meal_type`, `calories`) VALUES ('372','Brodo','Breakfast','6767');
INSERT INTO `meals`(`meal_id`, `meal_name`, `meal_type`, `calories`) VALUES ('373','Asian Spice Apple Egg Rolls','Breakfast','4558');
INSERT INTO `meals`(`meal_id`, `meal_name`, `meal_type`, `calories`) VALUES ('374','Quick Skillet Chicken with Grapes','lunch','2798');
INSERT INTO `meals`(`meal_id`, `meal_name`, `meal_type`, `calories`) VALUES ('375','Homemade Tomato Juice','lunch','9989');
INSERT INTO `meals`(`meal_id`, `meal_name`, `meal_type`, `calories`) VALUES ('376','Red Velvet PEEPS Holiday Wreath Cake','Dinner','3577');
INSERT INTO `meals`(`meal_id`, `meal_name`, `meal_type`, `calories`) VALUES ('377','Pesto','lunch','1997');
INSERT INTO `meals`(`meal_id`, `meal_name`, `meal_type`, `calories`) VALUES ('378','Broccoli and Bacon Salad','Breakfast','4350');
INSERT INTO `meals`(`meal_id`, `meal_name`, `meal_type`, `calories`) VALUES ('379','Chicken Liver Pt','Dinner','6575');
INSERT INTO `meals`(`meal_id`, `meal_name`, `meal_type`, `calories`) VALUES ('380','Mini Pumpkin Pies','lunch','7362');
INSERT INTO `meals`(`meal_id`, `meal_name`, `meal_type`, `calories`) VALUES ('381','Baked Jalapeo Poppers','Dinner','6178');
INSERT INTO `meals`(`meal_id`, `meal_name`, `meal_type`, `calories`) VALUES ('382','Slow Cooker Beefy Mac','lunch','1470');
INSERT INTO `meals`(`meal_id`, `meal_name`, `meal_type`, `calories`) VALUES ('383','Cranberry Buffalo Wings','Dinner','4985');
INSERT INTO `meals`(`meal_id`, `meal_name`, `meal_type`, `calories`) VALUES ('384','Forbidden Rice Pilaf','lunch','5593');
INSERT INTO `meals`(`meal_id`, `meal_name`, `meal_type`, `calories`) VALUES ('385','Perfect Holiday Ham','lunch','5971');
INSERT INTO `meals`(`meal_id`, `meal_name`, `meal_type`, `calories`) VALUES ('386','Ceviche Salmon and Peas on Triscuit Crackers','Breakfast','7632');
INSERT INTO `meals`(`meal_id`, `meal_name`, `meal_type`, `calories`) VALUES ('387','Cider Glazed Bone-in Pork Roast with Apple Stuffing','Breakfast','9145');
INSERT INTO `meals`(`meal_id`, `meal_name`, `meal_type`, `calories`) VALUES ('388','Cheesy Smoked Sausage Skillet','Dinner','1361');
INSERT INTO `meals`(`meal_id`, `meal_name`, `meal_type`, `calories`) VALUES ('389','Beef Stroganoff','Breakfast','3672');
INSERT INTO `meals`(`meal_id`, `meal_name`, `meal_type`, `calories`) VALUES ('390','Creamed Turkey on Toast','lunch','2155');
INSERT INTO `meals`(`meal_id`, `meal_name`, `meal_type`, `calories`) VALUES ('391','Baked Brie with Mostarda','Breakfast','4121');
INSERT INTO `meals`(`meal_id`, `meal_name`, `meal_type`, `calories`) VALUES ('392','Perfect Roast Turkey','Breakfast','9883');
INSERT INTO `meals`(`meal_id`, `meal_name`, `meal_type`, `calories`) VALUES ('393','Slow Cooker Pumpkin Pure','lunch','2393');
INSERT INTO `meals`(`meal_id`, `meal_name`, `meal_type`, `calories`) VALUES ('394','Chicken Thighs with Mushrooms, Lemon and Herbs','lunch','8099');
INSERT INTO `meals`(`meal_id`, `meal_name`, `meal_type`, `calories`) VALUES ('395','Autumn Cape Codder','lunch','9571');
INSERT INTO `meals`(`meal_id`, `meal_name`, `meal_type`, `calories`) VALUES ('396','Peas with Prosciutto','Dinner','5476');
INSERT INTO `meals`(`meal_id`, `meal_name`, `meal_type`, `calories`) VALUES ('397','Roasted Garlic Aioli','Dinner','989');
INSERT INTO `meals`(`meal_id`, `meal_name`, `meal_type`, `calories`) VALUES ('398','Pork Meatballs with Currants','lunch','3479');
INSERT INTO `meals`(`meal_id`, `meal_name`, `meal_type`, `calories`) VALUES ('399','Farm Box Vegetable Egg Rolls','Dinner','7887');
INSERT INTO `meals`(`meal_id`, `meal_name`, `meal_type`, `calories`) VALUES ('400','Chocolate Peanut Butter Cupcakes','Dinner','1445');
INSERT INTO `meals`(`meal_id`, `meal_name`, `meal_type`, `calories`) VALUES ('401','Haluski (Fried Cabbage and Noodles)','Dinner','5292');
INSERT INTO `meals`(`meal_id`, `meal_name`, `meal_type`, `calories`) VALUES ('402','Butternut Squash and Chicken Chowder','lunch','4427');
INSERT INTO `meals`(`meal_id`, `meal_name`, `meal_type`, `calories`) VALUES ('403','Italian Anisette Cookies','Breakfast','5050');
INSERT INTO `meals`(`meal_id`, `meal_name`, `meal_type`, `calories`) VALUES ('404','Corn Chip Chili Bowl','lunch','6885');
INSERT INTO `meals`(`meal_id`, `meal_name`, `meal_type`, `calories`) VALUES ('405','Cornbread','lunch','6446');
INSERT INTO `meals`(`meal_id`, `meal_name`, `meal_type`, `calories`) VALUES ('406','Sour Cream Pudding Cake','Dinner','4426');
INSERT INTO `meals`(`meal_id`, `meal_name`, `meal_type`, `calories`) VALUES ('407','Bourbon Truffles','lunch','6575');
INSERT INTO `meals`(`meal_id`, `meal_name`, `meal_type`, `calories`) VALUES ('408','Buffalo Chicken Dip','Breakfast','5393');
INSERT INTO `meals`(`meal_id`, `meal_name`, `meal_type`, `calories`) VALUES ('409','Baked Apple and Cheddar Purses','Breakfast','6356');
INSERT INTO `meals`(`meal_id`, `meal_name`, `meal_type`, `calories`) VALUES ('410','Marinated Green Beans with Cilantro and Garlic','Dinner','724');
INSERT INTO `meals`(`meal_id`, `meal_name`, `meal_type`, `calories`) VALUES ('411','Chicken Enchiladas with White Sauce','Breakfast','5467');
INSERT INTO `meals`(`meal_id`, `meal_name`, `meal_type`, `calories`) VALUES ('412','Kathys Chocolate Chocolate Chip Cake','Dinner','1590');
INSERT INTO `meals`(`meal_id`, `meal_name`, `meal_type`, `calories`) VALUES ('413','Greek Salad Dressing','lunch','8039');
INSERT INTO `meals`(`meal_id`, `meal_name`, `meal_type`, `calories`) VALUES ('414','Instant Pot Beef and Noodles','lunch','7669');
INSERT INTO `meals`(`meal_id`, `meal_name`, `meal_type`, `calories`) VALUES ('415','Hamburger Soup','lunch','964');
INSERT INTO `meals`(`meal_id`, `meal_name`, `meal_type`, `calories`) VALUES ('416','Eggnog Pancakes with Fresh Cranberry Syrup','Breakfast','5935');
INSERT INTO `meals`(`meal_id`, `meal_name`, `meal_type`, `calories`) VALUES ('417','Mango Orange Lassi','lunch','8098');
INSERT INTO `meals`(`meal_id`, `meal_name`, `meal_type`, `calories`) VALUES ('418','Orange and Ginger Cookies with Chocolate Drizzle','lunch','2841');
INSERT INTO `meals`(`meal_id`, `meal_name`, `meal_type`, `calories`) VALUES ('419','Turkey Monte Cristo with Rosemary Aioli','Dinner','6595');
INSERT INTO `meals`(`meal_id`, `meal_name`, `meal_type`, `calories`) VALUES ('420','Perdues Favorite Sweet and Smoky Chicken','Dinner','3425');
INSERT INTO `meals`(`meal_id`, `meal_name`, `meal_type`, `calories`) VALUES ('421','Roasted Boneless Lamb with Red Wine Pan Sauce','Breakfast','7689');
INSERT INTO `meals`(`meal_id`, `meal_name`, `meal_type`, `calories`) VALUES ('422','Cornbread and Sausage Stuffing','Dinner','5359');
INSERT INTO `meals`(`meal_id`, `meal_name`, `meal_type`, `calories`) VALUES ('423','Gluten Free Flat Bread','lunch','794');
INSERT INTO `meals`(`meal_id`, `meal_name`, `meal_type`, `calories`) VALUES ('424','Cider Glazed Bone-in Pork Roast with Apple Stuffing','Dinner','3328');
INSERT INTO `meals`(`meal_id`, `meal_name`, `meal_type`, `calories`) VALUES ('425','Pumpkin Pecan Toffee Chip Cookies','Dinner','3119');
INSERT INTO `meals`(`meal_id`, `meal_name`, `meal_type`, `calories`) VALUES ('426','Warm Mushroom Bacon Dip','Breakfast','9279');
INSERT INTO `meals`(`meal_id`, `meal_name`, `meal_type`, `calories`) VALUES ('427','Chicken Marbella','Dinner','1390');
INSERT INTO `meals`(`meal_id`, `meal_name`, `meal_type`, `calories`) VALUES ('428','Bacon and Blue Cheese Stuffed Burgers','Breakfast','4808');
INSERT INTO `meals`(`meal_id`, `meal_name`, `meal_type`, `calories`) VALUES ('429','Ranch Chicken Chopped Salad','lunch','3611');
INSERT INTO `meals`(`meal_id`, `meal_name`, `meal_type`, `calories`) VALUES ('430','Robin Egg Cheesecake Cookie Bars','Breakfast','671');
INSERT INTO `meals`(`meal_id`, `meal_name`, `meal_type`, `calories`) VALUES ('431','Steak Bomb Sandwich','lunch','3497');
INSERT INTO `meals`(`meal_id`, `meal_name`, `meal_type`, `calories`) VALUES ('432','Classic Buffalo Wings','Dinner','8482');
INSERT INTO `meals`(`meal_id`, `meal_name`, `meal_type`, `calories`) VALUES ('433','Easy No-Cook Pizza Sauce','lunch','1850');
INSERT INTO `meals`(`meal_id`, `meal_name`, `meal_type`, `calories`) VALUES ('434','Pizza Margherita with Roasted Tomato Pizza Sauce','Dinner','3298');
INSERT INTO `meals`(`meal_id`, `meal_name`, `meal_type`, `calories`) VALUES ('435','Buffalo Chicken Dip','lunch','5509');
INSERT INTO `meals`(`meal_id`, `meal_name`, `meal_type`, `calories`) VALUES ('436','Crunchy Vegetable Rice Bowl with Warm Peanut Sauce','Dinner','4300');
INSERT INTO `meals`(`meal_id`, `meal_name`, `meal_type`, `calories`) VALUES ('437','White Lasagna Chicken Rollups','lunch','5879');
INSERT INTO `meals`(`meal_id`, `meal_name`, `meal_type`, `calories`) VALUES ('438','Zesty Cheesy Ritz Dip','Breakfast','4493');
INSERT INTO `meals`(`meal_id`, `meal_name`, `meal_type`, `calories`) VALUES ('439','Italian Cheesy Bread','lunch','9783');
INSERT INTO `meals`(`meal_id`, `meal_name`, `meal_type`, `calories`) VALUES ('440','Orange and Ginger Cookies with Chocolate Drizzle','Breakfast','6875');
INSERT INTO `meals`(`meal_id`, `meal_name`, `meal_type`, `calories`) VALUES ('441','Slow Cooker Tex-Mex Chicken Stew','Dinner','3726');
INSERT INTO `meals`(`meal_id`, `meal_name`, `meal_type`, `calories`) VALUES ('442','Russian Dressing','Breakfast','4048');
INSERT INTO `meals`(`meal_id`, `meal_name`, `meal_type`, `calories`) VALUES ('443','Peach Butter','Dinner','8854');
INSERT INTO `meals`(`meal_id`, `meal_name`, `meal_type`, `calories`) VALUES ('444','Pizza Margherita with Roasted Tomato Pizza Sauce','Breakfast','840');
INSERT INTO `meals`(`meal_id`, `meal_name`, `meal_type`, `calories`) VALUES ('445','Fiesta Style Cranberry Sauce','lunch','6183');
INSERT INTO `meals`(`meal_id`, `meal_name`, `meal_type`, `calories`) VALUES ('446','Deconstructed Stuffed Peppers','lunch','8957');
INSERT INTO `meals`(`meal_id`, `meal_name`, `meal_type`, `calories`) VALUES ('447','Asian Barbecue Chicken Wings','lunch','9055');
INSERT INTO `meals`(`meal_id`, `meal_name`, `meal_type`, `calories`) VALUES ('448','Chop Suey Cake','Breakfast','5374');
INSERT INTO `meals`(`meal_id`, `meal_name`, `meal_type`, `calories`) VALUES ('449','Macaroni Salad','Dinner','7658');
INSERT INTO `meals`(`meal_id`, `meal_name`, `meal_type`, `calories`) VALUES ('450','Crab Rangoon','Breakfast','6918');
INSERT INTO `meals`(`meal_id`, `meal_name`, `meal_type`, `calories`) VALUES ('451','Homemade Tomato Juice','Dinner','8155');
INSERT INTO `meals`(`meal_id`, `meal_name`, `meal_type`, `calories`) VALUES ('452','Dinner Rolls','Dinner','7770');
INSERT INTO `meals`(`meal_id`, `meal_name`, `meal_type`, `calories`) VALUES ('453','Baked Crusted Salmon','Breakfast','4970');
INSERT INTO `meals`(`meal_id`, `meal_name`, `meal_type`, `calories`) VALUES ('454','Oatmeal Apple Scones','lunch','5454');
INSERT INTO `meals`(`meal_id`, `meal_name`, `meal_type`, `calories`) VALUES ('455','Stir Fry Salmon and Vegetables with Multi-Grain Medley','Dinner','9545');
INSERT INTO `meals`(`meal_id`, `meal_name`, `meal_type`, `calories`) VALUES ('456','Asparagus Lemon Risotto','lunch','8884');
INSERT INTO `meals`(`meal_id`, `meal_name`, `meal_type`, `calories`) VALUES ('457','Stewed Tomatoes','Dinner','3011');
INSERT INTO `meals`(`meal_id`, `meal_name`, `meal_type`, `calories`) VALUES ('458','Kapusta (Polish Cabbage Soup)','Breakfast','2747');
INSERT INTO `meals`(`meal_id`, `meal_name`, `meal_type`, `calories`) VALUES ('459','Tortellini Salad with Roasted Vegetables','Breakfast','9318');
INSERT INTO `meals`(`meal_id`, `meal_name`, `meal_type`, `calories`) VALUES ('460','Zucchini Risotto with Goat Cheese and Prosciutto','Breakfast','3188');
INSERT INTO `meals`(`meal_id`, `meal_name`, `meal_type`, `calories`) VALUES ('461','Whoopie Pies','lunch','240');
INSERT INTO `meals`(`meal_id`, `meal_name`, `meal_type`, `calories`) VALUES ('462','Italian-Style Meatballs','Breakfast','6724');
INSERT INTO `meals`(`meal_id`, `meal_name`, `meal_type`, `calories`) VALUES ('463','Baked Brie','Breakfast','9813');
INSERT INTO `meals`(`meal_id`, `meal_name`, `meal_type`, `calories`) VALUES ('464','Slow Cooker Creamed Fresh Corn','Breakfast','807');
INSERT INTO `meals`(`meal_id`, `meal_name`, `meal_type`, `calories`) VALUES ('465','Milk Braised Pulled Pork with Mushrooms','Breakfast','1151');
INSERT INTO `meals`(`meal_id`, `meal_name`, `meal_type`, `calories`) VALUES ('466','Baked Jalapeo Poppers','Breakfast','1012');
INSERT INTO `meals`(`meal_id`, `meal_name`, `meal_type`, `calories`) VALUES ('467','Apple Buttermilk Waffles with Apple Bourbon Sauce','Dinner','2349');
INSERT INTO `meals`(`meal_id`, `meal_name`, `meal_type`, `calories`) VALUES ('468','Farro Salad with Grapes, Goat Cheese and Tarragon Vinaigrette','Dinner','9226');
INSERT INTO `meals`(`meal_id`, `meal_name`, `meal_type`, `calories`) VALUES ('469','One Pot Pasta and Chicken with Spinach','Breakfast','4086');
INSERT INTO `meals`(`meal_id`, `meal_name`, `meal_type`, `calories`) VALUES ('470','Homemade Mayonnaise','Dinner','7105');
INSERT INTO `meals`(`meal_id`, `meal_name`, `meal_type`, `calories`) VALUES ('471','Del Monte Fruit Burst Yogurt Pops & VISA Gift Card Giveaway {closed}','Dinner','4068');
INSERT INTO `meals`(`meal_id`, `meal_name`, `meal_type`, `calories`) VALUES ('472','BLT Panzanella','Dinner','9688');
INSERT INTO `meals`(`meal_id`, `meal_name`, `meal_type`, `calories`) VALUES ('473','Straw and Hay (Paglia e Fieno)','Dinner','8599');
INSERT INTO `meals`(`meal_id`, `meal_name`, `meal_type`, `calories`) VALUES ('474','Weekday Triple Play  Meal #1: Beef and Cabbage Stir Fry','lunch','6621');
INSERT INTO `meals`(`meal_id`, `meal_name`, `meal_type`, `calories`) VALUES ('475','Grilled Chicken Calzones','lunch','5076');
INSERT INTO `meals`(`meal_id`, `meal_name`, `meal_type`, `calories`) VALUES ('476','Spritz Cookies','Dinner','7527');
INSERT INTO `meals`(`meal_id`, `meal_name`, `meal_type`, `calories`) VALUES ('477','Cara Cara Beet Salad','Breakfast','9848');
INSERT INTO `meals`(`meal_id`, `meal_name`, `meal_type`, `calories`) VALUES ('478','Toll House Chocolate Chip Pie','Dinner','2602');
INSERT INTO `meals`(`meal_id`, `meal_name`, `meal_type`, `calories`) VALUES ('479','Italian Sausage and Rice Dressing with Kale and Cranberries','lunch','2832');
INSERT INTO `meals`(`meal_id`, `meal_name`, `meal_type`, `calories`) VALUES ('480','Copycat Willow Tree Chicken Salad','Dinner','6419');
INSERT INTO `meals`(`meal_id`, `meal_name`, `meal_type`, `calories`) VALUES ('481','Loaded Chocolate Covered Rice Krispie Bars','lunch','4953');
INSERT INTO `meals`(`meal_id`, `meal_name`, `meal_type`, `calories`) VALUES ('482','Steel Cut Oatmeal Honey Bread','lunch','1945');
INSERT INTO `meals`(`meal_id`, `meal_name`, `meal_type`, `calories`) VALUES ('483','Blueberry Buckle','lunch','7684');
INSERT INTO `meals`(`meal_id`, `meal_name`, `meal_type`, `calories`) VALUES ('484','Fiesta Style Cranberry Sauce','lunch','3002');
INSERT INTO `meals`(`meal_id`, `meal_name`, `meal_type`, `calories`) VALUES ('485','Chicken alla Boscaiola','Dinner','2123');
INSERT INTO `meals`(`meal_id`, `meal_name`, `meal_type`, `calories`) VALUES ('486','Chicken with Vindaloo Spices','Breakfast','4172');
INSERT INTO `meals`(`meal_id`, `meal_name`, `meal_type`, `calories`) VALUES ('487','Onion Rings','lunch','3466');
INSERT INTO `meals`(`meal_id`, `meal_name`, `meal_type`, `calories`) VALUES ('488','Alphabet Soup','lunch','3822');
INSERT INTO `meals`(`meal_id`, `meal_name`, `meal_type`, `calories`) VALUES ('489','Pierogi','Dinner','5602');
INSERT INTO `meals`(`meal_id`, `meal_name`, `meal_type`, `calories`) VALUES ('490','Moo Shu Beef Lettuce Cups','lunch','5811');
INSERT INTO `meals`(`meal_id`, `meal_name`, `meal_type`, `calories`) VALUES ('491','Fennel and Apple Slaw','Dinner','9712');
INSERT INTO `meals`(`meal_id`, `meal_name`, `meal_type`, `calories`) VALUES ('492','Oven Fried Rosemary Chicken','Dinner','6406');
INSERT INTO `meals`(`meal_id`, `meal_name`, `meal_type`, `calories`) VALUES ('493','Ranch Buffalo Chicken Meatloaf','lunch','2743');
INSERT INTO `meals`(`meal_id`, `meal_name`, `meal_type`, `calories`) VALUES ('494','Honeydew Melon Smoothie','lunch','6019');
INSERT INTO `meals`(`meal_id`, `meal_name`, `meal_type`, `calories`) VALUES ('495','Loaded Pub Fries','Breakfast','9141');
INSERT INTO `meals`(`meal_id`, `meal_name`, `meal_type`, `calories`) VALUES ('496','Grilled Corn on the Cob with Roasted Red Pepper Butter','Breakfast','3181');
INSERT INTO `meals`(`meal_id`, `meal_name`, `meal_type`, `calories`) VALUES ('497','Beef Soup Series  Part 3: Hearty Beef Vegetable Soup','Dinner','6042');
INSERT INTO `meals`(`meal_id`, `meal_name`, `meal_type`, `calories`) VALUES ('498','No-Bake White Chocolate Peppermint Cheesecakes','Dinner','976');
INSERT INTO `meals`(`meal_id`, `meal_name`, `meal_type`, `calories`) VALUES ('499','Holiday Gift Guide: 20+ Great Gifts for Foodies','Dinner','9128');
INSERT INTO `meals`(`meal_id`, `meal_name`, `meal_type`, `calories`) VALUES ('500','Star Spangled Sugar Cookies','Dinner','8213');


INSERT INTO `creates`(`meal_id`, `recipe_id`) VALUES ('1','7');
INSERT INTO `creates`(`meal_id`, `recipe_id`) VALUES ('1','5');
INSERT INTO `creates`(`meal_id`, `recipe_id`) VALUES ('1','6');
INSERT INTO `creates`(`meal_id`, `recipe_id`) VALUES ('1','9');
INSERT INTO `creates`(`meal_id`, `recipe_id`) VALUES ('2','9');
INSERT INTO `creates`(`meal_id`, `recipe_id`) VALUES ('2','4');
INSERT INTO `creates`(`meal_id`, `recipe_id`) VALUES ('2','6');
INSERT INTO `creates`(`meal_id`, `recipe_id`) VALUES ('2','7');
INSERT INTO `creates`(`meal_id`, `recipe_id`) VALUES ('2','1');
INSERT INTO `creates`(`meal_id`, `recipe_id`) VALUES ('2','2');
INSERT INTO `creates`(`meal_id`, `recipe_id`) VALUES ('2','0');
INSERT INTO `creates`(`meal_id`, `recipe_id`) VALUES ('2','3');
INSERT INTO `creates`(`meal_id`, `recipe_id`) VALUES ('3','2');
INSERT INTO `creates`(`meal_id`, `recipe_id`) VALUES ('3','5');
INSERT INTO `creates`(`meal_id`, `recipe_id`) VALUES ('3','8');
INSERT INTO `creates`(`meal_id`, `recipe_id`) VALUES ('3','6');
INSERT INTO `creates`(`meal_id`, `recipe_id`) VALUES ('3','9');
INSERT INTO `creates`(`meal_id`, `recipe_id`) VALUES ('3','1');
INSERT INTO `creates`(`meal_id`, `recipe_id`) VALUES ('4','2');
INSERT INTO `creates`(`meal_id`, `recipe_id`) VALUES ('4','4');
INSERT INTO `creates`(`meal_id`, `recipe_id`) VALUES ('4','0');
INSERT INTO `creates`(`meal_id`, `recipe_id`) VALUES ('4','9');
INSERT INTO `creates`(`meal_id`, `recipe_id`) VALUES ('5','1');
INSERT INTO `creates`(`meal_id`, `recipe_id`) VALUES ('5','2');
INSERT INTO `creates`(`meal_id`, `recipe_id`) VALUES ('5','5');
INSERT INTO `creates`(`meal_id`, `recipe_id`) VALUES ('5','7');
INSERT INTO `creates`(`meal_id`, `recipe_id`) VALUES ('5','4');
INSERT INTO `creates`(`meal_id`, `recipe_id`) VALUES ('5','8');
INSERT INTO `creates`(`meal_id`, `recipe_id`) VALUES ('5','6');
INSERT INTO `creates`(`meal_id`, `recipe_id`) VALUES ('6','2');
INSERT INTO `creates`(`meal_id`, `recipe_id`) VALUES ('6','5');
INSERT INTO `creates`(`meal_id`, `recipe_id`) VALUES ('6','0');
INSERT INTO `creates`(`meal_id`, `recipe_id`) VALUES ('7','5');
INSERT INTO `creates`(`meal_id`, `recipe_id`) VALUES ('7','8');
INSERT INTO `creates`(`meal_id`, `recipe_id`) VALUES ('7','6');
INSERT INTO `creates`(`meal_id`, `recipe_id`) VALUES ('8','2');
INSERT INTO `creates`(`meal_id`, `recipe_id`) VALUES ('8','5');
INSERT INTO `creates`(`meal_id`, `recipe_id`) VALUES ('8','3');
INSERT INTO `creates`(`meal_id`, `recipe_id`) VALUES ('8','8');
INSERT INTO `creates`(`meal_id`, `recipe_id`) VALUES ('8','6');
INSERT INTO `creates`(`meal_id`, `recipe_id`) VALUES ('8','0');
INSERT INTO `creates`(`meal_id`, `recipe_id`) VALUES ('8','7');
INSERT INTO `creates`(`meal_id`, `recipe_id`) VALUES ('8','1');
INSERT INTO `creates`(`meal_id`, `recipe_id`) VALUES ('10','4');
INSERT INTO `creates`(`meal_id`, `recipe_id`) VALUES ('10','6');
INSERT INTO `creates`(`meal_id`, `recipe_id`) VALUES ('10','7');
INSERT INTO `creates`(`meal_id`, `recipe_id`) VALUES ('10','0');
INSERT INTO `creates`(`meal_id`, `recipe_id`) VALUES ('10','9');
INSERT INTO `creates`(`meal_id`, `recipe_id`) VALUES ('10','8');
INSERT INTO `creates`(`meal_id`, `recipe_id`) VALUES ('10','2');
INSERT INTO `creates`(`meal_id`, `recipe_id`) VALUES ('10','1');
INSERT INTO `creates`(`meal_id`, `recipe_id`) VALUES ('11','3');
INSERT INTO `creates`(`meal_id`, `recipe_id`) VALUES ('11','7');
INSERT INTO `creates`(`meal_id`, `recipe_id`) VALUES ('11','0');
INSERT INTO `creates`(`meal_id`, `recipe_id`) VALUES ('11','2');
INSERT INTO `creates`(`meal_id`, `recipe_id`) VALUES ('11','9');
INSERT INTO `creates`(`meal_id`, `recipe_id`) VALUES ('11','8');
INSERT INTO `creates`(`meal_id`, `recipe_id`) VALUES ('11','1');
INSERT INTO `creates`(`meal_id`, `recipe_id`) VALUES ('11','6');
INSERT INTO `creates`(`meal_id`, `recipe_id`) VALUES ('12','8');
INSERT INTO `creates`(`meal_id`, `recipe_id`) VALUES ('12','5');
INSERT INTO `creates`(`meal_id`, `recipe_id`) VALUES ('13','4');
INSERT INTO `creates`(`meal_id`, `recipe_id`) VALUES ('13','9');
INSERT INTO `creates`(`meal_id`, `recipe_id`) VALUES ('13','2');
INSERT INTO `creates`(`meal_id`, `recipe_id`) VALUES ('14','3');
INSERT INTO `creates`(`meal_id`, `recipe_id`) VALUES ('14','5');
INSERT INTO `creates`(`meal_id`, `recipe_id`) VALUES ('14','9');
INSERT INTO `creates`(`meal_id`, `recipe_id`) VALUES ('14','2');
INSERT INTO `creates`(`meal_id`, `recipe_id`) VALUES ('14','0');
INSERT INTO `creates`(`meal_id`, `recipe_id`) VALUES ('14','4');
INSERT INTO `creates`(`meal_id`, `recipe_id`) VALUES ('14','7');
INSERT INTO `creates`(`meal_id`, `recipe_id`) VALUES ('14','8');
INSERT INTO `creates`(`meal_id`, `recipe_id`) VALUES ('14','1');
INSERT INTO `creates`(`meal_id`, `recipe_id`) VALUES ('16','9');
INSERT INTO `creates`(`meal_id`, `recipe_id`) VALUES ('16','8');
INSERT INTO `creates`(`meal_id`, `recipe_id`) VALUES ('16','0');
INSERT INTO `creates`(`meal_id`, `recipe_id`) VALUES ('16','6');
INSERT INTO `creates`(`meal_id`, `recipe_id`) VALUES ('16','7');
INSERT INTO `creates`(`meal_id`, `recipe_id`) VALUES ('17','2');
INSERT INTO `creates`(`meal_id`, `recipe_id`) VALUES ('17','5');
INSERT INTO `creates`(`meal_id`, `recipe_id`) VALUES ('17','1');
INSERT INTO `creates`(`meal_id`, `recipe_id`) VALUES ('17','4');
INSERT INTO `creates`(`meal_id`, `recipe_id`) VALUES ('17','3');
INSERT INTO `creates`(`meal_id`, `recipe_id`) VALUES ('17','6');
INSERT INTO `creates`(`meal_id`, `recipe_id`) VALUES ('19','6');
INSERT INTO `creates`(`meal_id`, `recipe_id`) VALUES ('19','5');
INSERT INTO `creates`(`meal_id`, `recipe_id`) VALUES ('19','3');
INSERT INTO `creates`(`meal_id`, `recipe_id`) VALUES ('19','1');
INSERT INTO `creates`(`meal_id`, `recipe_id`) VALUES ('20','9');
INSERT INTO `creates`(`meal_id`, `recipe_id`) VALUES ('20','1');
INSERT INTO `creates`(`meal_id`, `recipe_id`) VALUES ('20','3');
INSERT INTO `creates`(`meal_id`, `recipe_id`) VALUES ('20','0');
INSERT INTO `creates`(`meal_id`, `recipe_id`) VALUES ('20','4');
INSERT INTO `creates`(`meal_id`, `recipe_id`) VALUES ('21','7');
INSERT INTO `creates`(`meal_id`, `recipe_id`) VALUES ('22','4');
INSERT INTO `creates`(`meal_id`, `recipe_id`) VALUES ('22','8');
INSERT INTO `creates`(`meal_id`, `recipe_id`) VALUES ('22','3');
INSERT INTO `creates`(`meal_id`, `recipe_id`) VALUES ('22','0');
INSERT INTO `creates`(`meal_id`, `recipe_id`) VALUES ('22','6');
INSERT INTO `creates`(`meal_id`, `recipe_id`) VALUES ('22','7');
INSERT INTO `creates`(`meal_id`, `recipe_id`) VALUES ('22','1');
INSERT INTO `creates`(`meal_id`, `recipe_id`) VALUES ('23','2');
INSERT INTO `creates`(`meal_id`, `recipe_id`) VALUES ('23','6');
INSERT INTO `creates`(`meal_id`, `recipe_id`) VALUES ('23','1');
INSERT INTO `creates`(`meal_id`, `recipe_id`) VALUES ('23','4');
INSERT INTO `creates`(`meal_id`, `recipe_id`) VALUES ('23','9');
INSERT INTO `creates`(`meal_id`, `recipe_id`) VALUES ('23','3');
INSERT INTO `creates`(`meal_id`, `recipe_id`) VALUES ('24','7');
INSERT INTO `creates`(`meal_id`, `recipe_id`) VALUES ('25','9');
INSERT INTO `creates`(`meal_id`, `recipe_id`) VALUES ('25','1');
INSERT INTO `creates`(`meal_id`, `recipe_id`) VALUES ('25','3');
INSERT INTO `creates`(`meal_id`, `recipe_id`) VALUES ('25','2');
INSERT INTO `creates`(`meal_id`, `recipe_id`) VALUES ('25','5');
INSERT INTO `creates`(`meal_id`, `recipe_id`) VALUES ('25','0');
INSERT INTO `creates`(`meal_id`, `recipe_id`) VALUES ('25','4');
INSERT INTO `creates`(`meal_id`, `recipe_id`) VALUES ('26','8');
INSERT INTO `creates`(`meal_id`, `recipe_id`) VALUES ('26','6');
INSERT INTO `creates`(`meal_id`, `recipe_id`) VALUES ('26','4');
INSERT INTO `creates`(`meal_id`, `recipe_id`) VALUES ('26','5');
INSERT INTO `creates`(`meal_id`, `recipe_id`) VALUES ('26','2');
INSERT INTO `creates`(`meal_id`, `recipe_id`) VALUES ('26','0');
INSERT INTO `creates`(`meal_id`, `recipe_id`) VALUES ('27','8');
INSERT INTO `creates`(`meal_id`, `recipe_id`) VALUES ('27','0');
INSERT INTO `creates`(`meal_id`, `recipe_id`) VALUES ('27','7');
INSERT INTO `creates`(`meal_id`, `recipe_id`) VALUES ('28','2');
INSERT INTO `creates`(`meal_id`, `recipe_id`) VALUES ('28','9');
INSERT INTO `creates`(`meal_id`, `recipe_id`) VALUES ('28','5');
INSERT INTO `creates`(`meal_id`, `recipe_id`) VALUES ('28','3');
INSERT INTO `creates`(`meal_id`, `recipe_id`) VALUES ('28','8');
INSERT INTO `creates`(`meal_id`, `recipe_id`) VALUES ('28','4');
INSERT INTO `creates`(`meal_id`, `recipe_id`) VALUES ('28','0');
INSERT INTO `creates`(`meal_id`, `recipe_id`) VALUES ('29','0');
INSERT INTO `creates`(`meal_id`, `recipe_id`) VALUES ('29','8');
INSERT INTO `creates`(`meal_id`, `recipe_id`) VALUES ('29','1');
INSERT INTO `creates`(`meal_id`, `recipe_id`) VALUES ('29','6');
INSERT INTO `creates`(`meal_id`, `recipe_id`) VALUES ('30','4');
INSERT INTO `creates`(`meal_id`, `recipe_id`) VALUES ('31','5');
INSERT INTO `creates`(`meal_id`, `recipe_id`) VALUES ('31','2');
INSERT INTO `creates`(`meal_id`, `recipe_id`) VALUES ('31','4');
INSERT INTO `creates`(`meal_id`, `recipe_id`) VALUES ('31','1');
INSERT INTO `creates`(`meal_id`, `recipe_id`) VALUES ('31','7');
INSERT INTO `creates`(`meal_id`, `recipe_id`) VALUES ('32','1');
INSERT INTO `creates`(`meal_id`, `recipe_id`) VALUES ('32','3');
INSERT INTO `creates`(`meal_id`, `recipe_id`) VALUES ('32','6');
INSERT INTO `creates`(`meal_id`, `recipe_id`) VALUES ('32','9');
INSERT INTO `creates`(`meal_id`, `recipe_id`) VALUES ('33','5');
INSERT INTO `creates`(`meal_id`, `recipe_id`) VALUES ('34','5');
INSERT INTO `creates`(`meal_id`, `recipe_id`) VALUES ('35','4');
INSERT INTO `creates`(`meal_id`, `recipe_id`) VALUES ('36','8');
INSERT INTO `creates`(`meal_id`, `recipe_id`) VALUES ('36','1');
INSERT INTO `creates`(`meal_id`, `recipe_id`) VALUES ('36','9');
INSERT INTO `creates`(`meal_id`, `recipe_id`) VALUES ('36','3');
INSERT INTO `creates`(`meal_id`, `recipe_id`) VALUES ('36','6');
INSERT INTO `creates`(`meal_id`, `recipe_id`) VALUES ('36','5');
INSERT INTO `creates`(`meal_id`, `recipe_id`) VALUES ('36','4');
INSERT INTO `creates`(`meal_id`, `recipe_id`) VALUES ('37','6');
INSERT INTO `creates`(`meal_id`, `recipe_id`) VALUES ('37','9');
INSERT INTO `creates`(`meal_id`, `recipe_id`) VALUES ('37','7');
INSERT INTO `creates`(`meal_id`, `recipe_id`) VALUES ('37','0');
INSERT INTO `creates`(`meal_id`, `recipe_id`) VALUES ('38','0');
INSERT INTO `creates`(`meal_id`, `recipe_id`) VALUES ('38','7');
INSERT INTO `creates`(`meal_id`, `recipe_id`) VALUES ('39','1');
INSERT INTO `creates`(`meal_id`, `recipe_id`) VALUES ('39','8');
INSERT INTO `creates`(`meal_id`, `recipe_id`) VALUES ('39','4');
INSERT INTO `creates`(`meal_id`, `recipe_id`) VALUES ('39','7');
INSERT INTO `creates`(`meal_id`, `recipe_id`) VALUES ('39','6');
INSERT INTO `creates`(`meal_id`, `recipe_id`) VALUES ('39','2');
INSERT INTO `creates`(`meal_id`, `recipe_id`) VALUES ('39','5');
INSERT INTO `creates`(`meal_id`, `recipe_id`) VALUES ('39','3');
INSERT INTO `creates`(`meal_id`, `recipe_id`) VALUES ('40','7');
INSERT INTO `creates`(`meal_id`, `recipe_id`) VALUES ('40','4');
INSERT INTO `creates`(`meal_id`, `recipe_id`) VALUES ('40','5');
INSERT INTO `creates`(`meal_id`, `recipe_id`) VALUES ('40','8');
INSERT INTO `creates`(`meal_id`, `recipe_id`) VALUES ('40','1');
INSERT INTO `creates`(`meal_id`, `recipe_id`) VALUES ('40','0');
INSERT INTO `creates`(`meal_id`, `recipe_id`) VALUES ('40','6');
INSERT INTO `creates`(`meal_id`, `recipe_id`) VALUES ('40','2');
INSERT INTO `creates`(`meal_id`, `recipe_id`) VALUES ('40','9');
INSERT INTO `creates`(`meal_id`, `recipe_id`) VALUES ('41','6');
INSERT INTO `creates`(`meal_id`, `recipe_id`) VALUES ('41','3');
INSERT INTO `creates`(`meal_id`, `recipe_id`) VALUES ('41','1');
INSERT INTO `creates`(`meal_id`, `recipe_id`) VALUES ('41','2');
INSERT INTO `creates`(`meal_id`, `recipe_id`) VALUES ('41','4');
INSERT INTO `creates`(`meal_id`, `recipe_id`) VALUES ('41','7');
INSERT INTO `creates`(`meal_id`, `recipe_id`) VALUES ('41','8');
INSERT INTO `creates`(`meal_id`, `recipe_id`) VALUES ('41','9');
INSERT INTO `creates`(`meal_id`, `recipe_id`) VALUES ('41','0');
INSERT INTO `creates`(`meal_id`, `recipe_id`) VALUES ('42','9');
INSERT INTO `creates`(`meal_id`, `recipe_id`) VALUES ('42','5');
INSERT INTO `creates`(`meal_id`, `recipe_id`) VALUES ('42','1');
INSERT INTO `creates`(`meal_id`, `recipe_id`) VALUES ('42','8');
INSERT INTO `creates`(`meal_id`, `recipe_id`) VALUES ('42','4');
INSERT INTO `creates`(`meal_id`, `recipe_id`) VALUES ('42','3');
INSERT INTO `creates`(`meal_id`, `recipe_id`) VALUES ('42','2');
INSERT INTO `creates`(`meal_id`, `recipe_id`) VALUES ('42','6');
INSERT INTO `creates`(`meal_id`, `recipe_id`) VALUES ('43','7');
INSERT INTO `creates`(`meal_id`, `recipe_id`) VALUES ('43','1');
INSERT INTO `creates`(`meal_id`, `recipe_id`) VALUES ('45','2');
INSERT INTO `creates`(`meal_id`, `recipe_id`) VALUES ('45','0');
INSERT INTO `creates`(`meal_id`, `recipe_id`) VALUES ('45','5');
INSERT INTO `creates`(`meal_id`, `recipe_id`) VALUES ('45','3');
INSERT INTO `creates`(`meal_id`, `recipe_id`) VALUES ('45','8');
INSERT INTO `creates`(`meal_id`, `recipe_id`) VALUES ('45','6');
INSERT INTO `creates`(`meal_id`, `recipe_id`) VALUES ('45','9');
INSERT INTO `creates`(`meal_id`, `recipe_id`) VALUES ('45','4');
INSERT INTO `creates`(`meal_id`, `recipe_id`) VALUES ('46','2');
INSERT INTO `creates`(`meal_id`, `recipe_id`) VALUES ('46','9');
INSERT INTO `creates`(`meal_id`, `recipe_id`) VALUES ('46','8');
INSERT INTO `creates`(`meal_id`, `recipe_id`) VALUES ('46','3');
INSERT INTO `creates`(`meal_id`, `recipe_id`) VALUES ('46','6');
INSERT INTO `creates`(`meal_id`, `recipe_id`) VALUES ('46','0');
INSERT INTO `creates`(`meal_id`, `recipe_id`) VALUES ('46','4');
INSERT INTO `creates`(`meal_id`, `recipe_id`) VALUES ('47','3');
INSERT INTO `creates`(`meal_id`, `recipe_id`) VALUES ('47','1');
INSERT INTO `creates`(`meal_id`, `recipe_id`) VALUES ('47','2');
INSERT INTO `creates`(`meal_id`, `recipe_id`) VALUES ('47','9');
INSERT INTO `creates`(`meal_id`, `recipe_id`) VALUES ('47','0');
INSERT INTO `creates`(`meal_id`, `recipe_id`) VALUES ('47','7');
INSERT INTO `creates`(`meal_id`, `recipe_id`) VALUES ('47','6');
INSERT INTO `creates`(`meal_id`, `recipe_id`) VALUES ('49','7');
INSERT INTO `creates`(`meal_id`, `recipe_id`) VALUES ('50','3');
INSERT INTO `creates`(`meal_id`, `recipe_id`) VALUES ('50','9');
INSERT INTO `creates`(`meal_id`, `recipe_id`) VALUES ('50','1');
INSERT INTO `creates`(`meal_id`, `recipe_id`) VALUES ('50','7');
INSERT INTO `creates`(`meal_id`, `recipe_id`) VALUES ('50','8');
INSERT INTO `creates`(`meal_id`, `recipe_id`) VALUES ('50','4');
INSERT INTO `creates`(`meal_id`, `recipe_id`) VALUES ('50','5');
INSERT INTO `creates`(`meal_id`, `recipe_id`) VALUES ('51','8');
INSERT INTO `creates`(`meal_id`, `recipe_id`) VALUES ('51','0');
INSERT INTO `creates`(`meal_id`, `recipe_id`) VALUES ('51','2');
INSERT INTO `creates`(`meal_id`, `recipe_id`) VALUES ('51','4');
INSERT INTO `creates`(`meal_id`, `recipe_id`) VALUES ('51','9');
INSERT INTO `creates`(`meal_id`, `recipe_id`) VALUES ('51','6');
INSERT INTO `creates`(`meal_id`, `recipe_id`) VALUES ('51','7');
INSERT INTO `creates`(`meal_id`, `recipe_id`) VALUES ('52','9');
INSERT INTO `creates`(`meal_id`, `recipe_id`) VALUES ('52','2');
INSERT INTO `creates`(`meal_id`, `recipe_id`) VALUES ('52','4');
INSERT INTO `creates`(`meal_id`, `recipe_id`) VALUES ('52','5');
INSERT INTO `creates`(`meal_id`, `recipe_id`) VALUES ('52','0');
INSERT INTO `creates`(`meal_id`, `recipe_id`) VALUES ('52','7');
INSERT INTO `creates`(`meal_id`, `recipe_id`) VALUES ('52','3');
INSERT INTO `creates`(`meal_id`, `recipe_id`) VALUES ('52','8');
INSERT INTO `creates`(`meal_id`, `recipe_id`) VALUES ('53','5');
INSERT INTO `creates`(`meal_id`, `recipe_id`) VALUES ('53','4');
INSERT INTO `creates`(`meal_id`, `recipe_id`) VALUES ('53','8');
INSERT INTO `creates`(`meal_id`, `recipe_id`) VALUES ('53','9');
INSERT INTO `creates`(`meal_id`, `recipe_id`) VALUES ('53','7');
INSERT INTO `creates`(`meal_id`, `recipe_id`) VALUES ('53','1');
INSERT INTO `creates`(`meal_id`, `recipe_id`) VALUES ('54','6');
INSERT INTO `creates`(`meal_id`, `recipe_id`) VALUES ('54','2');
INSERT INTO `creates`(`meal_id`, `recipe_id`) VALUES ('54','0');
INSERT INTO `creates`(`meal_id`, `recipe_id`) VALUES ('54','9');
INSERT INTO `creates`(`meal_id`, `recipe_id`) VALUES ('54','3');
INSERT INTO `creates`(`meal_id`, `recipe_id`) VALUES ('54','7');
INSERT INTO `creates`(`meal_id`, `recipe_id`) VALUES ('54','5');
INSERT INTO `creates`(`meal_id`, `recipe_id`) VALUES ('54','8');
INSERT INTO `creates`(`meal_id`, `recipe_id`) VALUES ('54','4');
INSERT INTO `creates`(`meal_id`, `recipe_id`) VALUES ('55','1');
INSERT INTO `creates`(`meal_id`, `recipe_id`) VALUES ('56','9');
INSERT INTO `creates`(`meal_id`, `recipe_id`) VALUES ('56','7');
INSERT INTO `creates`(`meal_id`, `recipe_id`) VALUES ('57','4');
INSERT INTO `creates`(`meal_id`, `recipe_id`) VALUES ('57','3');
INSERT INTO `creates`(`meal_id`, `recipe_id`) VALUES ('57','2');
INSERT INTO `creates`(`meal_id`, `recipe_id`) VALUES ('57','8');
INSERT INTO `creates`(`meal_id`, `recipe_id`) VALUES ('57','6');
INSERT INTO `creates`(`meal_id`, `recipe_id`) VALUES ('57','9');
INSERT INTO `creates`(`meal_id`, `recipe_id`) VALUES ('57','0');
INSERT INTO `creates`(`meal_id`, `recipe_id`) VALUES ('57','1');
INSERT INTO `creates`(`meal_id`, `recipe_id`) VALUES ('57','7');
INSERT INTO `creates`(`meal_id`, `recipe_id`) VALUES ('58','3');
INSERT INTO `creates`(`meal_id`, `recipe_id`) VALUES ('58','4');
INSERT INTO `creates`(`meal_id`, `recipe_id`) VALUES ('58','9');
INSERT INTO `creates`(`meal_id`, `recipe_id`) VALUES ('58','1');
INSERT INTO `creates`(`meal_id`, `recipe_id`) VALUES ('58','5');
INSERT INTO `creates`(`meal_id`, `recipe_id`) VALUES ('59','6');
INSERT INTO `creates`(`meal_id`, `recipe_id`) VALUES ('59','5');
INSERT INTO `creates`(`meal_id`, `recipe_id`) VALUES ('60','2');
INSERT INTO `creates`(`meal_id`, `recipe_id`) VALUES ('60','5');
INSERT INTO `creates`(`meal_id`, `recipe_id`) VALUES ('60','6');
INSERT INTO `creates`(`meal_id`, `recipe_id`) VALUES ('60','3');
INSERT INTO `creates`(`meal_id`, `recipe_id`) VALUES ('61','6');
INSERT INTO `creates`(`meal_id`, `recipe_id`) VALUES ('61','9');
INSERT INTO `creates`(`meal_id`, `recipe_id`) VALUES ('61','5');
INSERT INTO `creates`(`meal_id`, `recipe_id`) VALUES ('61','7');
INSERT INTO `creates`(`meal_id`, `recipe_id`) VALUES ('61','4');
INSERT INTO `creates`(`meal_id`, `recipe_id`) VALUES ('61','3');
INSERT INTO `creates`(`meal_id`, `recipe_id`) VALUES ('61','0');
INSERT INTO `creates`(`meal_id`, `recipe_id`) VALUES ('61','2');
INSERT INTO `creates`(`meal_id`, `recipe_id`) VALUES ('61','1');
INSERT INTO `creates`(`meal_id`, `recipe_id`) VALUES ('62','4');
INSERT INTO `creates`(`meal_id`, `recipe_id`) VALUES ('63','3');
INSERT INTO `creates`(`meal_id`, `recipe_id`) VALUES ('63','7');
INSERT INTO `creates`(`meal_id`, `recipe_id`) VALUES ('63','9');
INSERT INTO `creates`(`meal_id`, `recipe_id`) VALUES ('63','2');
INSERT INTO `creates`(`meal_id`, `recipe_id`) VALUES ('63','1');
INSERT INTO `creates`(`meal_id`, `recipe_id`) VALUES ('63','0');
INSERT INTO `creates`(`meal_id`, `recipe_id`) VALUES ('64','4');
INSERT INTO `creates`(`meal_id`, `recipe_id`) VALUES ('64','7');
INSERT INTO `creates`(`meal_id`, `recipe_id`) VALUES ('64','2');
INSERT INTO `creates`(`meal_id`, `recipe_id`) VALUES ('64','6');
INSERT INTO `creates`(`meal_id`, `recipe_id`) VALUES ('64','8');
INSERT INTO `creates`(`meal_id`, `recipe_id`) VALUES ('65','6');
INSERT INTO `creates`(`meal_id`, `recipe_id`) VALUES ('65','0');
INSERT INTO `creates`(`meal_id`, `recipe_id`) VALUES ('66','9');
INSERT INTO `creates`(`meal_id`, `recipe_id`) VALUES ('67','9');
INSERT INTO `creates`(`meal_id`, `recipe_id`) VALUES ('67','6');
INSERT INTO `creates`(`meal_id`, `recipe_id`) VALUES ('67','7');
INSERT INTO `creates`(`meal_id`, `recipe_id`) VALUES ('68','3');
INSERT INTO `creates`(`meal_id`, `recipe_id`) VALUES ('68','6');
INSERT INTO `creates`(`meal_id`, `recipe_id`) VALUES ('68','4');
INSERT INTO `creates`(`meal_id`, `recipe_id`) VALUES ('69','0');
INSERT INTO `creates`(`meal_id`, `recipe_id`) VALUES ('69','5');
INSERT INTO `creates`(`meal_id`, `recipe_id`) VALUES ('69','4');
INSERT INTO `creates`(`meal_id`, `recipe_id`) VALUES ('69','6');
INSERT INTO `creates`(`meal_id`, `recipe_id`) VALUES ('69','2');
INSERT INTO `creates`(`meal_id`, `recipe_id`) VALUES ('69','1');
INSERT INTO `creates`(`meal_id`, `recipe_id`) VALUES ('69','3');
INSERT INTO `creates`(`meal_id`, `recipe_id`) VALUES ('69','7');
INSERT INTO `creates`(`meal_id`, `recipe_id`) VALUES ('69','8');
INSERT INTO `creates`(`meal_id`, `recipe_id`) VALUES ('70','9');
INSERT INTO `creates`(`meal_id`, `recipe_id`) VALUES ('70','0');
INSERT INTO `creates`(`meal_id`, `recipe_id`) VALUES ('70','4');
INSERT INTO `creates`(`meal_id`, `recipe_id`) VALUES ('70','1');
INSERT INTO `creates`(`meal_id`, `recipe_id`) VALUES ('71','7');
INSERT INTO `creates`(`meal_id`, `recipe_id`) VALUES ('72','5');
INSERT INTO `creates`(`meal_id`, `recipe_id`) VALUES ('72','6');
INSERT INTO `creates`(`meal_id`, `recipe_id`) VALUES ('72','1');
INSERT INTO `creates`(`meal_id`, `recipe_id`) VALUES ('72','2');
INSERT INTO `creates`(`meal_id`, `recipe_id`) VALUES ('72','3');
INSERT INTO `creates`(`meal_id`, `recipe_id`) VALUES ('72','4');
INSERT INTO `creates`(`meal_id`, `recipe_id`) VALUES ('72','0');
INSERT INTO `creates`(`meal_id`, `recipe_id`) VALUES ('72','7');
INSERT INTO `creates`(`meal_id`, `recipe_id`) VALUES ('73','1');
INSERT INTO `creates`(`meal_id`, `recipe_id`) VALUES ('73','6');
INSERT INTO `creates`(`meal_id`, `recipe_id`) VALUES ('73','3');
INSERT INTO `creates`(`meal_id`, `recipe_id`) VALUES ('73','7');
INSERT INTO `creates`(`meal_id`, `recipe_id`) VALUES ('73','5');
INSERT INTO `creates`(`meal_id`, `recipe_id`) VALUES ('74','1');
INSERT INTO `creates`(`meal_id`, `recipe_id`) VALUES ('74','2');
INSERT INTO `creates`(`meal_id`, `recipe_id`) VALUES ('75','4');
INSERT INTO `creates`(`meal_id`, `recipe_id`) VALUES ('75','0');
INSERT INTO `creates`(`meal_id`, `recipe_id`) VALUES ('75','1');
INSERT INTO `creates`(`meal_id`, `recipe_id`) VALUES ('75','8');
INSERT INTO `creates`(`meal_id`, `recipe_id`) VALUES ('75','3');
INSERT INTO `creates`(`meal_id`, `recipe_id`) VALUES ('75','2');
INSERT INTO `creates`(`meal_id`, `recipe_id`) VALUES ('75','7');
INSERT INTO `creates`(`meal_id`, `recipe_id`) VALUES ('76','9');
INSERT INTO `creates`(`meal_id`, `recipe_id`) VALUES ('76','2');
INSERT INTO `creates`(`meal_id`, `recipe_id`) VALUES ('76','4');
INSERT INTO `creates`(`meal_id`, `recipe_id`) VALUES ('76','8');
INSERT INTO `creates`(`meal_id`, `recipe_id`) VALUES ('77','3');
INSERT INTO `creates`(`meal_id`, `recipe_id`) VALUES ('77','0');
INSERT INTO `creates`(`meal_id`, `recipe_id`) VALUES ('77','4');
INSERT INTO `creates`(`meal_id`, `recipe_id`) VALUES ('77','9');
INSERT INTO `creates`(`meal_id`, `recipe_id`) VALUES ('77','6');
INSERT INTO `creates`(`meal_id`, `recipe_id`) VALUES ('77','2');
INSERT INTO `creates`(`meal_id`, `recipe_id`) VALUES ('77','5');
INSERT INTO `creates`(`meal_id`, `recipe_id`) VALUES ('77','8');
INSERT INTO `creates`(`meal_id`, `recipe_id`) VALUES ('78','9');
INSERT INTO `creates`(`meal_id`, `recipe_id`) VALUES ('78','4');
INSERT INTO `creates`(`meal_id`, `recipe_id`) VALUES ('78','5');
INSERT INTO `creates`(`meal_id`, `recipe_id`) VALUES ('78','2');
INSERT INTO `creates`(`meal_id`, `recipe_id`) VALUES ('78','1');
INSERT INTO `creates`(`meal_id`, `recipe_id`) VALUES ('78','7');
INSERT INTO `creates`(`meal_id`, `recipe_id`) VALUES ('79','6');
INSERT INTO `creates`(`meal_id`, `recipe_id`) VALUES ('79','5');
INSERT INTO `creates`(`meal_id`, `recipe_id`) VALUES ('79','7');
INSERT INTO `creates`(`meal_id`, `recipe_id`) VALUES ('79','4');
INSERT INTO `creates`(`meal_id`, `recipe_id`) VALUES ('79','1');
INSERT INTO `creates`(`meal_id`, `recipe_id`) VALUES ('79','2');
INSERT INTO `creates`(`meal_id`, `recipe_id`) VALUES ('79','0');
INSERT INTO `creates`(`meal_id`, `recipe_id`) VALUES ('79','8');
INSERT INTO `creates`(`meal_id`, `recipe_id`) VALUES ('79','3');
INSERT INTO `creates`(`meal_id`, `recipe_id`) VALUES ('80','4');
INSERT INTO `creates`(`meal_id`, `recipe_id`) VALUES ('80','9');
INSERT INTO `creates`(`meal_id`, `recipe_id`) VALUES ('80','0');
INSERT INTO `creates`(`meal_id`, `recipe_id`) VALUES ('80','2');
INSERT INTO `creates`(`meal_id`, `recipe_id`) VALUES ('80','1');
INSERT INTO `creates`(`meal_id`, `recipe_id`) VALUES ('80','7');
INSERT INTO `creates`(`meal_id`, `recipe_id`) VALUES ('80','6');
INSERT INTO `creates`(`meal_id`, `recipe_id`) VALUES ('82','5');
INSERT INTO `creates`(`meal_id`, `recipe_id`) VALUES ('82','8');
INSERT INTO `creates`(`meal_id`, `recipe_id`) VALUES ('82','2');
INSERT INTO `creates`(`meal_id`, `recipe_id`) VALUES ('83','1');
INSERT INTO `creates`(`meal_id`, `recipe_id`) VALUES ('83','0');
INSERT INTO `creates`(`meal_id`, `recipe_id`) VALUES ('83','2');
INSERT INTO `creates`(`meal_id`, `recipe_id`) VALUES ('83','8');
INSERT INTO `creates`(`meal_id`, `recipe_id`) VALUES ('83','7');
INSERT INTO `creates`(`meal_id`, `recipe_id`) VALUES ('83','4');
INSERT INTO `creates`(`meal_id`, `recipe_id`) VALUES ('83','9');
INSERT INTO `creates`(`meal_id`, `recipe_id`) VALUES ('83','3');
INSERT INTO `creates`(`meal_id`, `recipe_id`) VALUES ('85','9');
INSERT INTO `creates`(`meal_id`, `recipe_id`) VALUES ('85','8');
INSERT INTO `creates`(`meal_id`, `recipe_id`) VALUES ('85','2');
INSERT INTO `creates`(`meal_id`, `recipe_id`) VALUES ('85','5');
INSERT INTO `creates`(`meal_id`, `recipe_id`) VALUES ('85','4');
INSERT INTO `creates`(`meal_id`, `recipe_id`) VALUES ('86','9');
INSERT INTO `creates`(`meal_id`, `recipe_id`) VALUES ('86','1');
INSERT INTO `creates`(`meal_id`, `recipe_id`) VALUES ('86','2');
INSERT INTO `creates`(`meal_id`, `recipe_id`) VALUES ('86','7');
INSERT INTO `creates`(`meal_id`, `recipe_id`) VALUES ('86','0');
INSERT INTO `creates`(`meal_id`, `recipe_id`) VALUES ('86','5');
INSERT INTO `creates`(`meal_id`, `recipe_id`) VALUES ('87','1');
INSERT INTO `creates`(`meal_id`, `recipe_id`) VALUES ('87','8');
INSERT INTO `creates`(`meal_id`, `recipe_id`) VALUES ('87','4');
INSERT INTO `creates`(`meal_id`, `recipe_id`) VALUES ('87','3');
INSERT INTO `creates`(`meal_id`, `recipe_id`) VALUES ('87','6');
INSERT INTO `creates`(`meal_id`, `recipe_id`) VALUES ('87','5');
INSERT INTO `creates`(`meal_id`, `recipe_id`) VALUES ('87','2');
INSERT INTO `creates`(`meal_id`, `recipe_id`) VALUES ('87','9');
INSERT INTO `creates`(`meal_id`, `recipe_id`) VALUES ('87','0');
INSERT INTO `creates`(`meal_id`, `recipe_id`) VALUES ('88','5');
INSERT INTO `creates`(`meal_id`, `recipe_id`) VALUES ('88','8');
INSERT INTO `creates`(`meal_id`, `recipe_id`) VALUES ('89','9');
INSERT INTO `creates`(`meal_id`, `recipe_id`) VALUES ('89','8');
INSERT INTO `creates`(`meal_id`, `recipe_id`) VALUES ('89','2');
INSERT INTO `creates`(`meal_id`, `recipe_id`) VALUES ('89','5');
INSERT INTO `creates`(`meal_id`, `recipe_id`) VALUES ('89','7');
INSERT INTO `creates`(`meal_id`, `recipe_id`) VALUES ('89','6');
INSERT INTO `creates`(`meal_id`, `recipe_id`) VALUES ('89','4');
INSERT INTO `creates`(`meal_id`, `recipe_id`) VALUES ('89','1');
INSERT INTO `creates`(`meal_id`, `recipe_id`) VALUES ('90','1');
INSERT INTO `creates`(`meal_id`, `recipe_id`) VALUES ('90','7');
INSERT INTO `creates`(`meal_id`, `recipe_id`) VALUES ('90','4');
INSERT INTO `creates`(`meal_id`, `recipe_id`) VALUES ('90','8');
INSERT INTO `creates`(`meal_id`, `recipe_id`) VALUES ('90','9');
INSERT INTO `creates`(`meal_id`, `recipe_id`) VALUES ('90','3');
INSERT INTO `creates`(`meal_id`, `recipe_id`) VALUES ('91','0');
INSERT INTO `creates`(`meal_id`, `recipe_id`) VALUES ('91','3');
INSERT INTO `creates`(`meal_id`, `recipe_id`) VALUES ('91','5');
INSERT INTO `creates`(`meal_id`, `recipe_id`) VALUES ('92','0');
INSERT INTO `creates`(`meal_id`, `recipe_id`) VALUES ('92','4');
INSERT INTO `creates`(`meal_id`, `recipe_id`) VALUES ('92','3');
INSERT INTO `creates`(`meal_id`, `recipe_id`) VALUES ('92','9');
INSERT INTO `creates`(`meal_id`, `recipe_id`) VALUES ('92','6');
INSERT INTO `creates`(`meal_id`, `recipe_id`) VALUES ('92','2');
INSERT INTO `creates`(`meal_id`, `recipe_id`) VALUES ('92','1');
INSERT INTO `creates`(`meal_id`, `recipe_id`) VALUES ('92','5');
INSERT INTO `creates`(`meal_id`, `recipe_id`) VALUES ('93','3');
INSERT INTO `creates`(`meal_id`, `recipe_id`) VALUES ('93','5');
INSERT INTO `creates`(`meal_id`, `recipe_id`) VALUES ('93','2');
INSERT INTO `creates`(`meal_id`, `recipe_id`) VALUES ('93','1');
INSERT INTO `creates`(`meal_id`, `recipe_id`) VALUES ('93','8');
INSERT INTO `creates`(`meal_id`, `recipe_id`) VALUES ('93','0');
INSERT INTO `creates`(`meal_id`, `recipe_id`) VALUES ('94','2');
INSERT INTO `creates`(`meal_id`, `recipe_id`) VALUES ('94','0');
INSERT INTO `creates`(`meal_id`, `recipe_id`) VALUES ('94','7');
INSERT INTO `creates`(`meal_id`, `recipe_id`) VALUES ('94','9');
INSERT INTO `creates`(`meal_id`, `recipe_id`) VALUES ('94','8');
INSERT INTO `creates`(`meal_id`, `recipe_id`) VALUES ('94','4');
INSERT INTO `creates`(`meal_id`, `recipe_id`) VALUES ('95','1');
INSERT INTO `creates`(`meal_id`, `recipe_id`) VALUES ('95','7');
INSERT INTO `creates`(`meal_id`, `recipe_id`) VALUES ('96','8');
INSERT INTO `creates`(`meal_id`, `recipe_id`) VALUES ('96','4');
INSERT INTO `creates`(`meal_id`, `recipe_id`) VALUES ('96','3');
INSERT INTO `creates`(`meal_id`, `recipe_id`) VALUES ('96','2');
INSERT INTO `creates`(`meal_id`, `recipe_id`) VALUES ('96','7');
INSERT INTO `creates`(`meal_id`, `recipe_id`) VALUES ('96','5');
INSERT INTO `creates`(`meal_id`, `recipe_id`) VALUES ('96','9');
INSERT INTO `creates`(`meal_id`, `recipe_id`) VALUES ('96','0');
INSERT INTO `creates`(`meal_id`, `recipe_id`) VALUES ('97','3');
INSERT INTO `creates`(`meal_id`, `recipe_id`) VALUES ('98','9');
INSERT INTO `creates`(`meal_id`, `recipe_id`) VALUES ('98','5');
INSERT INTO `creates`(`meal_id`, `recipe_id`) VALUES ('98','6');
INSERT INTO `creates`(`meal_id`, `recipe_id`) VALUES ('98','2');
INSERT INTO `creates`(`meal_id`, `recipe_id`) VALUES ('98','7');
INSERT INTO `creates`(`meal_id`, `recipe_id`) VALUES ('98','8');
INSERT INTO `creates`(`meal_id`, `recipe_id`) VALUES ('99','7');
INSERT INTO `creates`(`meal_id`, `recipe_id`) VALUES ('99','2');
INSERT INTO `creates`(`meal_id`, `recipe_id`) VALUES ('99','5');
INSERT INTO `creates`(`meal_id`, `recipe_id`) VALUES ('99','0');
INSERT INTO `creates`(`meal_id`, `recipe_id`) VALUES ('100','1');
INSERT INTO `creates`(`meal_id`, `recipe_id`) VALUES ('100','7');
INSERT INTO `creates`(`meal_id`, `recipe_id`) VALUES ('101','7');
INSERT INTO `creates`(`meal_id`, `recipe_id`) VALUES ('101','9');
INSERT INTO `creates`(`meal_id`, `recipe_id`) VALUES ('101','0');
INSERT INTO `creates`(`meal_id`, `recipe_id`) VALUES ('101','4');
INSERT INTO `creates`(`meal_id`, `recipe_id`) VALUES ('101','3');
INSERT INTO `creates`(`meal_id`, `recipe_id`) VALUES ('101','8');
INSERT INTO `creates`(`meal_id`, `recipe_id`) VALUES ('102','5');
INSERT INTO `creates`(`meal_id`, `recipe_id`) VALUES ('102','1');
INSERT INTO `creates`(`meal_id`, `recipe_id`) VALUES ('102','0');
INSERT INTO `creates`(`meal_id`, `recipe_id`) VALUES ('102','9');
INSERT INTO `creates`(`meal_id`, `recipe_id`) VALUES ('102','8');
INSERT INTO `creates`(`meal_id`, `recipe_id`) VALUES ('102','4');
INSERT INTO `creates`(`meal_id`, `recipe_id`) VALUES ('102','2');
INSERT INTO `creates`(`meal_id`, `recipe_id`) VALUES ('103','8');
INSERT INTO `creates`(`meal_id`, `recipe_id`) VALUES ('103','3');
INSERT INTO `creates`(`meal_id`, `recipe_id`) VALUES ('103','6');
INSERT INTO `creates`(`meal_id`, `recipe_id`) VALUES ('103','4');
INSERT INTO `creates`(`meal_id`, `recipe_id`) VALUES ('103','7');
INSERT INTO `creates`(`meal_id`, `recipe_id`) VALUES ('103','1');
INSERT INTO `creates`(`meal_id`, `recipe_id`) VALUES ('103','2');
INSERT INTO `creates`(`meal_id`, `recipe_id`) VALUES ('103','0');
INSERT INTO `creates`(`meal_id`, `recipe_id`) VALUES ('104','5');
INSERT INTO `creates`(`meal_id`, `recipe_id`) VALUES ('104','4');
INSERT INTO `creates`(`meal_id`, `recipe_id`) VALUES ('104','9');
INSERT INTO `creates`(`meal_id`, `recipe_id`) VALUES ('104','7');
INSERT INTO `creates`(`meal_id`, `recipe_id`) VALUES ('104','0');
INSERT INTO `creates`(`meal_id`, `recipe_id`) VALUES ('104','1');
INSERT INTO `creates`(`meal_id`, `recipe_id`) VALUES ('105','8');
INSERT INTO `creates`(`meal_id`, `recipe_id`) VALUES ('105','7');
INSERT INTO `creates`(`meal_id`, `recipe_id`) VALUES ('105','2');
INSERT INTO `creates`(`meal_id`, `recipe_id`) VALUES ('105','5');
INSERT INTO `creates`(`meal_id`, `recipe_id`) VALUES ('105','6');
INSERT INTO `creates`(`meal_id`, `recipe_id`) VALUES ('105','3');
INSERT INTO `creates`(`meal_id`, `recipe_id`) VALUES ('105','0');
INSERT INTO `creates`(`meal_id`, `recipe_id`) VALUES ('106','4');
INSERT INTO `creates`(`meal_id`, `recipe_id`) VALUES ('106','8');
INSERT INTO `creates`(`meal_id`, `recipe_id`) VALUES ('106','6');
INSERT INTO `creates`(`meal_id`, `recipe_id`) VALUES ('107','7');
INSERT INTO `creates`(`meal_id`, `recipe_id`) VALUES ('107','6');
INSERT INTO `creates`(`meal_id`, `recipe_id`) VALUES ('108','2');
INSERT INTO `creates`(`meal_id`, `recipe_id`) VALUES ('108','6');
INSERT INTO `creates`(`meal_id`, `recipe_id`) VALUES ('108','3');
INSERT INTO `creates`(`meal_id`, `recipe_id`) VALUES ('108','7');
INSERT INTO `creates`(`meal_id`, `recipe_id`) VALUES ('108','4');
INSERT INTO `creates`(`meal_id`, `recipe_id`) VALUES ('108','5');
INSERT INTO `creates`(`meal_id`, `recipe_id`) VALUES ('108','8');
INSERT INTO `creates`(`meal_id`, `recipe_id`) VALUES ('108','0');
INSERT INTO `creates`(`meal_id`, `recipe_id`) VALUES ('108','1');
INSERT INTO `creates`(`meal_id`, `recipe_id`) VALUES ('109','1');
INSERT INTO `creates`(`meal_id`, `recipe_id`) VALUES ('109','5');
INSERT INTO `creates`(`meal_id`, `recipe_id`) VALUES ('111','1');
INSERT INTO `creates`(`meal_id`, `recipe_id`) VALUES ('111','2');
INSERT INTO `creates`(`meal_id`, `recipe_id`) VALUES ('111','6');
INSERT INTO `creates`(`meal_id`, `recipe_id`) VALUES ('111','3');
INSERT INTO `creates`(`meal_id`, `recipe_id`) VALUES ('111','9');
INSERT INTO `creates`(`meal_id`, `recipe_id`) VALUES ('111','5');
INSERT INTO `creates`(`meal_id`, `recipe_id`) VALUES ('111','0');
INSERT INTO `creates`(`meal_id`, `recipe_id`) VALUES ('111','4');
INSERT INTO `creates`(`meal_id`, `recipe_id`) VALUES ('111','7');
INSERT INTO `creates`(`meal_id`, `recipe_id`) VALUES ('112','6');
INSERT INTO `creates`(`meal_id`, `recipe_id`) VALUES ('112','7');
INSERT INTO `creates`(`meal_id`, `recipe_id`) VALUES ('112','2');
INSERT INTO `creates`(`meal_id`, `recipe_id`) VALUES ('112','0');
INSERT INTO `creates`(`meal_id`, `recipe_id`) VALUES ('112','1');
INSERT INTO `creates`(`meal_id`, `recipe_id`) VALUES ('112','9');
INSERT INTO `creates`(`meal_id`, `recipe_id`) VALUES ('112','5');
INSERT INTO `creates`(`meal_id`, `recipe_id`) VALUES ('112','4');
INSERT INTO `creates`(`meal_id`, `recipe_id`) VALUES ('113','6');
INSERT INTO `creates`(`meal_id`, `recipe_id`) VALUES ('113','1');
INSERT INTO `creates`(`meal_id`, `recipe_id`) VALUES ('114','4');
INSERT INTO `creates`(`meal_id`, `recipe_id`) VALUES ('115','0');
INSERT INTO `creates`(`meal_id`, `recipe_id`) VALUES ('115','7');
INSERT INTO `creates`(`meal_id`, `recipe_id`) VALUES ('115','2');
INSERT INTO `creates`(`meal_id`, `recipe_id`) VALUES ('116','1');
INSERT INTO `creates`(`meal_id`, `recipe_id`) VALUES ('116','5');
INSERT INTO `creates`(`meal_id`, `recipe_id`) VALUES ('116','9');
INSERT INTO `creates`(`meal_id`, `recipe_id`) VALUES ('116','0');
INSERT INTO `creates`(`meal_id`, `recipe_id`) VALUES ('116','4');
INSERT INTO `creates`(`meal_id`, `recipe_id`) VALUES ('116','3');
INSERT INTO `creates`(`meal_id`, `recipe_id`) VALUES ('116','8');
INSERT INTO `creates`(`meal_id`, `recipe_id`) VALUES ('118','0');
INSERT INTO `creates`(`meal_id`, `recipe_id`) VALUES ('118','5');
INSERT INTO `creates`(`meal_id`, `recipe_id`) VALUES ('118','4');
INSERT INTO `creates`(`meal_id`, `recipe_id`) VALUES ('118','2');
INSERT INTO `creates`(`meal_id`, `recipe_id`) VALUES ('118','8');
INSERT INTO `creates`(`meal_id`, `recipe_id`) VALUES ('118','7');
INSERT INTO `creates`(`meal_id`, `recipe_id`) VALUES ('119','6');
INSERT INTO `creates`(`meal_id`, `recipe_id`) VALUES ('119','0');
INSERT INTO `creates`(`meal_id`, `recipe_id`) VALUES ('120','2');
INSERT INTO `creates`(`meal_id`, `recipe_id`) VALUES ('120','4');
INSERT INTO `creates`(`meal_id`, `recipe_id`) VALUES ('120','9');
INSERT INTO `creates`(`meal_id`, `recipe_id`) VALUES ('120','0');
INSERT INTO `creates`(`meal_id`, `recipe_id`) VALUES ('120','1');
INSERT INTO `creates`(`meal_id`, `recipe_id`) VALUES ('120','5');
INSERT INTO `creates`(`meal_id`, `recipe_id`) VALUES ('120','6');
INSERT INTO `creates`(`meal_id`, `recipe_id`) VALUES ('121','2');
INSERT INTO `creates`(`meal_id`, `recipe_id`) VALUES ('121','4');
INSERT INTO `creates`(`meal_id`, `recipe_id`) VALUES ('122','5');
INSERT INTO `creates`(`meal_id`, `recipe_id`) VALUES ('123','9');
INSERT INTO `creates`(`meal_id`, `recipe_id`) VALUES ('123','3');
INSERT INTO `creates`(`meal_id`, `recipe_id`) VALUES ('123','2');
INSERT INTO `creates`(`meal_id`, `recipe_id`) VALUES ('123','4');
INSERT INTO `creates`(`meal_id`, `recipe_id`) VALUES ('123','0');
INSERT INTO `creates`(`meal_id`, `recipe_id`) VALUES ('123','7');
INSERT INTO `creates`(`meal_id`, `recipe_id`) VALUES ('123','8');
INSERT INTO `creates`(`meal_id`, `recipe_id`) VALUES ('124','6');
INSERT INTO `creates`(`meal_id`, `recipe_id`) VALUES ('124','9');
INSERT INTO `creates`(`meal_id`, `recipe_id`) VALUES ('124','7');
INSERT INTO `creates`(`meal_id`, `recipe_id`) VALUES ('124','5');
INSERT INTO `creates`(`meal_id`, `recipe_id`) VALUES ('124','1');
INSERT INTO `creates`(`meal_id`, `recipe_id`) VALUES ('124','4');
INSERT INTO `creates`(`meal_id`, `recipe_id`) VALUES ('124','8');
INSERT INTO `creates`(`meal_id`, `recipe_id`) VALUES ('124','2');
INSERT INTO `creates`(`meal_id`, `recipe_id`) VALUES ('125','9');
INSERT INTO `creates`(`meal_id`, `recipe_id`) VALUES ('125','3');
INSERT INTO `creates`(`meal_id`, `recipe_id`) VALUES ('125','8');
INSERT INTO `creates`(`meal_id`, `recipe_id`) VALUES ('125','4');
INSERT INTO `creates`(`meal_id`, `recipe_id`) VALUES ('125','1');
INSERT INTO `creates`(`meal_id`, `recipe_id`) VALUES ('125','6');
INSERT INTO `creates`(`meal_id`, `recipe_id`) VALUES ('127','3');
INSERT INTO `creates`(`meal_id`, `recipe_id`) VALUES ('128','0');
INSERT INTO `creates`(`meal_id`, `recipe_id`) VALUES ('128','9');
INSERT INTO `creates`(`meal_id`, `recipe_id`) VALUES ('128','6');
INSERT INTO `creates`(`meal_id`, `recipe_id`) VALUES ('128','1');
INSERT INTO `creates`(`meal_id`, `recipe_id`) VALUES ('128','7');
INSERT INTO `creates`(`meal_id`, `recipe_id`) VALUES ('128','4');
INSERT INTO `creates`(`meal_id`, `recipe_id`) VALUES ('129','5');
INSERT INTO `creates`(`meal_id`, `recipe_id`) VALUES ('129','7');
INSERT INTO `creates`(`meal_id`, `recipe_id`) VALUES ('129','0');
INSERT INTO `creates`(`meal_id`, `recipe_id`) VALUES ('129','1');
INSERT INTO `creates`(`meal_id`, `recipe_id`) VALUES ('129','9');
INSERT INTO `creates`(`meal_id`, `recipe_id`) VALUES ('129','3');
INSERT INTO `creates`(`meal_id`, `recipe_id`) VALUES ('129','4');
INSERT INTO `creates`(`meal_id`, `recipe_id`) VALUES ('129','6');
INSERT INTO `creates`(`meal_id`, `recipe_id`) VALUES ('129','2');
INSERT INTO `creates`(`meal_id`, `recipe_id`) VALUES ('130','3');
INSERT INTO `creates`(`meal_id`, `recipe_id`) VALUES ('130','2');
INSERT INTO `creates`(`meal_id`, `recipe_id`) VALUES ('130','9');
INSERT INTO `creates`(`meal_id`, `recipe_id`) VALUES ('130','8');
INSERT INTO `creates`(`meal_id`, `recipe_id`) VALUES ('130','4');
INSERT INTO `creates`(`meal_id`, `recipe_id`) VALUES ('130','0');
INSERT INTO `creates`(`meal_id`, `recipe_id`) VALUES ('131','1');
INSERT INTO `creates`(`meal_id`, `recipe_id`) VALUES ('131','3');
INSERT INTO `creates`(`meal_id`, `recipe_id`) VALUES ('131','0');
INSERT INTO `creates`(`meal_id`, `recipe_id`) VALUES ('133','2');
INSERT INTO `creates`(`meal_id`, `recipe_id`) VALUES ('133','8');
INSERT INTO `creates`(`meal_id`, `recipe_id`) VALUES ('133','1');
INSERT INTO `creates`(`meal_id`, `recipe_id`) VALUES ('133','6');
INSERT INTO `creates`(`meal_id`, `recipe_id`) VALUES ('133','4');
INSERT INTO `creates`(`meal_id`, `recipe_id`) VALUES ('134','2');
INSERT INTO `creates`(`meal_id`, `recipe_id`) VALUES ('134','6');
INSERT INTO `creates`(`meal_id`, `recipe_id`) VALUES ('134','7');
INSERT INTO `creates`(`meal_id`, `recipe_id`) VALUES ('134','3');
INSERT INTO `creates`(`meal_id`, `recipe_id`) VALUES ('134','8');
INSERT INTO `creates`(`meal_id`, `recipe_id`) VALUES ('134','9');
INSERT INTO `creates`(`meal_id`, `recipe_id`) VALUES ('134','4');
INSERT INTO `creates`(`meal_id`, `recipe_id`) VALUES ('134','5');
INSERT INTO `creates`(`meal_id`, `recipe_id`) VALUES ('134','1');
INSERT INTO `creates`(`meal_id`, `recipe_id`) VALUES ('135','4');
INSERT INTO `creates`(`meal_id`, `recipe_id`) VALUES ('135','5');
INSERT INTO `creates`(`meal_id`, `recipe_id`) VALUES ('135','6');
INSERT INTO `creates`(`meal_id`, `recipe_id`) VALUES ('135','7');
INSERT INTO `creates`(`meal_id`, `recipe_id`) VALUES ('136','5');
INSERT INTO `creates`(`meal_id`, `recipe_id`) VALUES ('136','1');
INSERT INTO `creates`(`meal_id`, `recipe_id`) VALUES ('136','2');
INSERT INTO `creates`(`meal_id`, `recipe_id`) VALUES ('136','6');
INSERT INTO `creates`(`meal_id`, `recipe_id`) VALUES ('136','3');
INSERT INTO `creates`(`meal_id`, `recipe_id`) VALUES ('136','0');
INSERT INTO `creates`(`meal_id`, `recipe_id`) VALUES ('136','8');
INSERT INTO `creates`(`meal_id`, `recipe_id`) VALUES ('136','9');
INSERT INTO `creates`(`meal_id`, `recipe_id`) VALUES ('136','7');
INSERT INTO `creates`(`meal_id`, `recipe_id`) VALUES ('137','9');
INSERT INTO `creates`(`meal_id`, `recipe_id`) VALUES ('140','8');
INSERT INTO `creates`(`meal_id`, `recipe_id`) VALUES ('140','4');
INSERT INTO `creates`(`meal_id`, `recipe_id`) VALUES ('140','7');
INSERT INTO `creates`(`meal_id`, `recipe_id`) VALUES ('140','3');
INSERT INTO `creates`(`meal_id`, `recipe_id`) VALUES ('140','0');
INSERT INTO `creates`(`meal_id`, `recipe_id`) VALUES ('140','5');
INSERT INTO `creates`(`meal_id`, `recipe_id`) VALUES ('140','1');
INSERT INTO `creates`(`meal_id`, `recipe_id`) VALUES ('140','2');
INSERT INTO `creates`(`meal_id`, `recipe_id`) VALUES ('140','9');
INSERT INTO `creates`(`meal_id`, `recipe_id`) VALUES ('141','4');
INSERT INTO `creates`(`meal_id`, `recipe_id`) VALUES ('141','1');
INSERT INTO `creates`(`meal_id`, `recipe_id`) VALUES ('141','9');
INSERT INTO `creates`(`meal_id`, `recipe_id`) VALUES ('141','3');
INSERT INTO `creates`(`meal_id`, `recipe_id`) VALUES ('141','8');
INSERT INTO `creates`(`meal_id`, `recipe_id`) VALUES ('141','2');
INSERT INTO `creates`(`meal_id`, `recipe_id`) VALUES ('141','7');
INSERT INTO `creates`(`meal_id`, `recipe_id`) VALUES ('141','5');
INSERT INTO `creates`(`meal_id`, `recipe_id`) VALUES ('143','4');
INSERT INTO `creates`(`meal_id`, `recipe_id`) VALUES ('143','6');
INSERT INTO `creates`(`meal_id`, `recipe_id`) VALUES ('143','8');
INSERT INTO `creates`(`meal_id`, `recipe_id`) VALUES ('143','0');
INSERT INTO `creates`(`meal_id`, `recipe_id`) VALUES ('143','7');
INSERT INTO `creates`(`meal_id`, `recipe_id`) VALUES ('143','2');
INSERT INTO `creates`(`meal_id`, `recipe_id`) VALUES ('143','5');
INSERT INTO `creates`(`meal_id`, `recipe_id`) VALUES ('143','1');
INSERT INTO `creates`(`meal_id`, `recipe_id`) VALUES ('143','9');
INSERT INTO `creates`(`meal_id`, `recipe_id`) VALUES ('144','2');
INSERT INTO `creates`(`meal_id`, `recipe_id`) VALUES ('144','3');
INSERT INTO `creates`(`meal_id`, `recipe_id`) VALUES ('144','8');
INSERT INTO `creates`(`meal_id`, `recipe_id`) VALUES ('144','0');
INSERT INTO `creates`(`meal_id`, `recipe_id`) VALUES ('144','4');
INSERT INTO `creates`(`meal_id`, `recipe_id`) VALUES ('144','5');
INSERT INTO `creates`(`meal_id`, `recipe_id`) VALUES ('144','1');
INSERT INTO `creates`(`meal_id`, `recipe_id`) VALUES ('144','9');
INSERT INTO `creates`(`meal_id`, `recipe_id`) VALUES ('147','1');
INSERT INTO `creates`(`meal_id`, `recipe_id`) VALUES ('147','5');
INSERT INTO `creates`(`meal_id`, `recipe_id`) VALUES ('147','3');
INSERT INTO `creates`(`meal_id`, `recipe_id`) VALUES ('147','7');
INSERT INTO `creates`(`meal_id`, `recipe_id`) VALUES ('147','9');
INSERT INTO `creates`(`meal_id`, `recipe_id`) VALUES ('147','0');
INSERT INTO `creates`(`meal_id`, `recipe_id`) VALUES ('147','8');
INSERT INTO `creates`(`meal_id`, `recipe_id`) VALUES ('147','6');
INSERT INTO `creates`(`meal_id`, `recipe_id`) VALUES ('147','4');
INSERT INTO `creates`(`meal_id`, `recipe_id`) VALUES ('148','6');
INSERT INTO `creates`(`meal_id`, `recipe_id`) VALUES ('148','2');
INSERT INTO `creates`(`meal_id`, `recipe_id`) VALUES ('148','9');
INSERT INTO `creates`(`meal_id`, `recipe_id`) VALUES ('148','4');
INSERT INTO `creates`(`meal_id`, `recipe_id`) VALUES ('148','7');
INSERT INTO `creates`(`meal_id`, `recipe_id`) VALUES ('148','8');
INSERT INTO `creates`(`meal_id`, `recipe_id`) VALUES ('149','8');
INSERT INTO `creates`(`meal_id`, `recipe_id`) VALUES ('149','5');
INSERT INTO `creates`(`meal_id`, `recipe_id`) VALUES ('149','7');
INSERT INTO `creates`(`meal_id`, `recipe_id`) VALUES ('149','0');
INSERT INTO `creates`(`meal_id`, `recipe_id`) VALUES ('149','2');
INSERT INTO `creates`(`meal_id`, `recipe_id`) VALUES ('149','3');
INSERT INTO `creates`(`meal_id`, `recipe_id`) VALUES ('149','1');
INSERT INTO `creates`(`meal_id`, `recipe_id`) VALUES ('149','4');
INSERT INTO `creates`(`meal_id`, `recipe_id`) VALUES ('150','1');
INSERT INTO `creates`(`meal_id`, `recipe_id`) VALUES ('150','3');
INSERT INTO `creates`(`meal_id`, `recipe_id`) VALUES ('150','6');
INSERT INTO `creates`(`meal_id`, `recipe_id`) VALUES ('150','7');
INSERT INTO `creates`(`meal_id`, `recipe_id`) VALUES ('151','7');
INSERT INTO `creates`(`meal_id`, `recipe_id`) VALUES ('153','4');
INSERT INTO `creates`(`meal_id`, `recipe_id`) VALUES ('153','1');
INSERT INTO `creates`(`meal_id`, `recipe_id`) VALUES ('154','8');
INSERT INTO `creates`(`meal_id`, `recipe_id`) VALUES ('154','1');
INSERT INTO `creates`(`meal_id`, `recipe_id`) VALUES ('154','2');
INSERT INTO `creates`(`meal_id`, `recipe_id`) VALUES ('154','4');
INSERT INTO `creates`(`meal_id`, `recipe_id`) VALUES ('154','5');
INSERT INTO `creates`(`meal_id`, `recipe_id`) VALUES ('154','0');
INSERT INTO `creates`(`meal_id`, `recipe_id`) VALUES ('154','6');
INSERT INTO `creates`(`meal_id`, `recipe_id`) VALUES ('154','7');
INSERT INTO `creates`(`meal_id`, `recipe_id`) VALUES ('155','1');
INSERT INTO `creates`(`meal_id`, `recipe_id`) VALUES ('155','2');
INSERT INTO `creates`(`meal_id`, `recipe_id`) VALUES ('155','4');
INSERT INTO `creates`(`meal_id`, `recipe_id`) VALUES ('155','5');
INSERT INTO `creates`(`meal_id`, `recipe_id`) VALUES ('156','2');
INSERT INTO `creates`(`meal_id`, `recipe_id`) VALUES ('157','3');
INSERT INTO `creates`(`meal_id`, `recipe_id`) VALUES ('157','4');
INSERT INTO `creates`(`meal_id`, `recipe_id`) VALUES ('157','2');
INSERT INTO `creates`(`meal_id`, `recipe_id`) VALUES ('157','6');
INSERT INTO `creates`(`meal_id`, `recipe_id`) VALUES ('158','4');
INSERT INTO `creates`(`meal_id`, `recipe_id`) VALUES ('158','8');
INSERT INTO `creates`(`meal_id`, `recipe_id`) VALUES ('158','2');
INSERT INTO `creates`(`meal_id`, `recipe_id`) VALUES ('158','3');
INSERT INTO `creates`(`meal_id`, `recipe_id`) VALUES ('158','5');
INSERT INTO `creates`(`meal_id`, `recipe_id`) VALUES ('159','0');
INSERT INTO `creates`(`meal_id`, `recipe_id`) VALUES ('159','8');
INSERT INTO `creates`(`meal_id`, `recipe_id`) VALUES ('159','4');
INSERT INTO `creates`(`meal_id`, `recipe_id`) VALUES ('159','3');
INSERT INTO `creates`(`meal_id`, `recipe_id`) VALUES ('160','0');
INSERT INTO `creates`(`meal_id`, `recipe_id`) VALUES ('161','4');
INSERT INTO `creates`(`meal_id`, `recipe_id`) VALUES ('161','0');
INSERT INTO `creates`(`meal_id`, `recipe_id`) VALUES ('161','1');
INSERT INTO `creates`(`meal_id`, `recipe_id`) VALUES ('161','8');
INSERT INTO `creates`(`meal_id`, `recipe_id`) VALUES ('161','7');
INSERT INTO `creates`(`meal_id`, `recipe_id`) VALUES ('161','6');
INSERT INTO `creates`(`meal_id`, `recipe_id`) VALUES ('161','2');
INSERT INTO `creates`(`meal_id`, `recipe_id`) VALUES ('161','5');
INSERT INTO `creates`(`meal_id`, `recipe_id`) VALUES ('161','9');
INSERT INTO `creates`(`meal_id`, `recipe_id`) VALUES ('162','5');
INSERT INTO `creates`(`meal_id`, `recipe_id`) VALUES ('162','1');
INSERT INTO `creates`(`meal_id`, `recipe_id`) VALUES ('163','5');
INSERT INTO `creates`(`meal_id`, `recipe_id`) VALUES ('163','7');
INSERT INTO `creates`(`meal_id`, `recipe_id`) VALUES ('163','3');
INSERT INTO `creates`(`meal_id`, `recipe_id`) VALUES ('163','6');
INSERT INTO `creates`(`meal_id`, `recipe_id`) VALUES ('164','9');
INSERT INTO `creates`(`meal_id`, `recipe_id`) VALUES ('164','0');
INSERT INTO `creates`(`meal_id`, `recipe_id`) VALUES ('164','4');
INSERT INTO `creates`(`meal_id`, `recipe_id`) VALUES ('164','7');
INSERT INTO `creates`(`meal_id`, `recipe_id`) VALUES ('164','8');
INSERT INTO `creates`(`meal_id`, `recipe_id`) VALUES ('164','1');
INSERT INTO `creates`(`meal_id`, `recipe_id`) VALUES ('164','2');
INSERT INTO `creates`(`meal_id`, `recipe_id`) VALUES ('164','5');
INSERT INTO `creates`(`meal_id`, `recipe_id`) VALUES ('166','1');
INSERT INTO `creates`(`meal_id`, `recipe_id`) VALUES ('166','2');
INSERT INTO `creates`(`meal_id`, `recipe_id`) VALUES ('166','9');
INSERT INTO `creates`(`meal_id`, `recipe_id`) VALUES ('166','0');
INSERT INTO `creates`(`meal_id`, `recipe_id`) VALUES ('166','6');
INSERT INTO `creates`(`meal_id`, `recipe_id`) VALUES ('166','3');
INSERT INTO `creates`(`meal_id`, `recipe_id`) VALUES ('166','8');
INSERT INTO `creates`(`meal_id`, `recipe_id`) VALUES ('167','0');
INSERT INTO `creates`(`meal_id`, `recipe_id`) VALUES ('167','2');
INSERT INTO `creates`(`meal_id`, `recipe_id`) VALUES ('167','9');
INSERT INTO `creates`(`meal_id`, `recipe_id`) VALUES ('167','1');
INSERT INTO `creates`(`meal_id`, `recipe_id`) VALUES ('167','4');
INSERT INTO `creates`(`meal_id`, `recipe_id`) VALUES ('167','8');
INSERT INTO `creates`(`meal_id`, `recipe_id`) VALUES ('167','5');
INSERT INTO `creates`(`meal_id`, `recipe_id`) VALUES ('168','2');
INSERT INTO `creates`(`meal_id`, `recipe_id`) VALUES ('168','3');
INSERT INTO `creates`(`meal_id`, `recipe_id`) VALUES ('168','0');
INSERT INTO `creates`(`meal_id`, `recipe_id`) VALUES ('168','6');
INSERT INTO `creates`(`meal_id`, `recipe_id`) VALUES ('168','8');
INSERT INTO `creates`(`meal_id`, `recipe_id`) VALUES ('168','9');
INSERT INTO `creates`(`meal_id`, `recipe_id`) VALUES ('169','7');
INSERT INTO `creates`(`meal_id`, `recipe_id`) VALUES ('169','4');
INSERT INTO `creates`(`meal_id`, `recipe_id`) VALUES ('169','9');
INSERT INTO `creates`(`meal_id`, `recipe_id`) VALUES ('169','6');
INSERT INTO `creates`(`meal_id`, `recipe_id`) VALUES ('169','0');
INSERT INTO `creates`(`meal_id`, `recipe_id`) VALUES ('169','3');
INSERT INTO `creates`(`meal_id`, `recipe_id`) VALUES ('169','5');
INSERT INTO `creates`(`meal_id`, `recipe_id`) VALUES ('169','2');
INSERT INTO `creates`(`meal_id`, `recipe_id`) VALUES ('170','5');
INSERT INTO `creates`(`meal_id`, `recipe_id`) VALUES ('170','7');
INSERT INTO `creates`(`meal_id`, `recipe_id`) VALUES ('170','8');
INSERT INTO `creates`(`meal_id`, `recipe_id`) VALUES ('170','6');
INSERT INTO `creates`(`meal_id`, `recipe_id`) VALUES ('170','0');
INSERT INTO `creates`(`meal_id`, `recipe_id`) VALUES ('170','3');
INSERT INTO `creates`(`meal_id`, `recipe_id`) VALUES ('170','4');
INSERT INTO `creates`(`meal_id`, `recipe_id`) VALUES ('170','1');
INSERT INTO `creates`(`meal_id`, `recipe_id`) VALUES ('171','3');
INSERT INTO `creates`(`meal_id`, `recipe_id`) VALUES ('171','1');
INSERT INTO `creates`(`meal_id`, `recipe_id`) VALUES ('171','5');
INSERT INTO `creates`(`meal_id`, `recipe_id`) VALUES ('172','4');
INSERT INTO `creates`(`meal_id`, `recipe_id`) VALUES ('172','2');
INSERT INTO `creates`(`meal_id`, `recipe_id`) VALUES ('172','9');
INSERT INTO `creates`(`meal_id`, `recipe_id`) VALUES ('172','7');
INSERT INTO `creates`(`meal_id`, `recipe_id`) VALUES ('172','8');
INSERT INTO `creates`(`meal_id`, `recipe_id`) VALUES ('172','1');
INSERT INTO `creates`(`meal_id`, `recipe_id`) VALUES ('173','5');
INSERT INTO `creates`(`meal_id`, `recipe_id`) VALUES ('173','0');
INSERT INTO `creates`(`meal_id`, `recipe_id`) VALUES ('173','1');
INSERT INTO `creates`(`meal_id`, `recipe_id`) VALUES ('173','4');
INSERT INTO `creates`(`meal_id`, `recipe_id`) VALUES ('173','6');
INSERT INTO `creates`(`meal_id`, `recipe_id`) VALUES ('173','2');
INSERT INTO `creates`(`meal_id`, `recipe_id`) VALUES ('173','8');
INSERT INTO `creates`(`meal_id`, `recipe_id`) VALUES ('173','3');
INSERT INTO `creates`(`meal_id`, `recipe_id`) VALUES ('173','7');
INSERT INTO `creates`(`meal_id`, `recipe_id`) VALUES ('174','1');
INSERT INTO `creates`(`meal_id`, `recipe_id`) VALUES ('175','8');
INSERT INTO `creates`(`meal_id`, `recipe_id`) VALUES ('175','1');
INSERT INTO `creates`(`meal_id`, `recipe_id`) VALUES ('175','6');
INSERT INTO `creates`(`meal_id`, `recipe_id`) VALUES ('175','9');
INSERT INTO `creates`(`meal_id`, `recipe_id`) VALUES ('175','4');
INSERT INTO `creates`(`meal_id`, `recipe_id`) VALUES ('175','7');
INSERT INTO `creates`(`meal_id`, `recipe_id`) VALUES ('175','3');
INSERT INTO `creates`(`meal_id`, `recipe_id`) VALUES ('176','3');
INSERT INTO `creates`(`meal_id`, `recipe_id`) VALUES ('176','7');
INSERT INTO `creates`(`meal_id`, `recipe_id`) VALUES ('176','4');
INSERT INTO `creates`(`meal_id`, `recipe_id`) VALUES ('176','6');
INSERT INTO `creates`(`meal_id`, `recipe_id`) VALUES ('176','5');
INSERT INTO `creates`(`meal_id`, `recipe_id`) VALUES ('176','0');
INSERT INTO `creates`(`meal_id`, `recipe_id`) VALUES ('176','2');
INSERT INTO `creates`(`meal_id`, `recipe_id`) VALUES ('177','3');
INSERT INTO `creates`(`meal_id`, `recipe_id`) VALUES ('178','5');
INSERT INTO `creates`(`meal_id`, `recipe_id`) VALUES ('178','9');
INSERT INTO `creates`(`meal_id`, `recipe_id`) VALUES ('178','3');
INSERT INTO `creates`(`meal_id`, `recipe_id`) VALUES ('179','3');
INSERT INTO `creates`(`meal_id`, `recipe_id`) VALUES ('179','0');
INSERT INTO `creates`(`meal_id`, `recipe_id`) VALUES ('179','5');
INSERT INTO `creates`(`meal_id`, `recipe_id`) VALUES ('179','2');
INSERT INTO `creates`(`meal_id`, `recipe_id`) VALUES ('179','8');
INSERT INTO `creates`(`meal_id`, `recipe_id`) VALUES ('179','4');
INSERT INTO `creates`(`meal_id`, `recipe_id`) VALUES ('179','7');
INSERT INTO `creates`(`meal_id`, `recipe_id`) VALUES ('179','6');
INSERT INTO `creates`(`meal_id`, `recipe_id`) VALUES ('180','0');
INSERT INTO `creates`(`meal_id`, `recipe_id`) VALUES ('180','7');
INSERT INTO `creates`(`meal_id`, `recipe_id`) VALUES ('180','8');
INSERT INTO `creates`(`meal_id`, `recipe_id`) VALUES ('180','1');
INSERT INTO `creates`(`meal_id`, `recipe_id`) VALUES ('180','3');
INSERT INTO `creates`(`meal_id`, `recipe_id`) VALUES ('180','5');
INSERT INTO `creates`(`meal_id`, `recipe_id`) VALUES ('180','9');
INSERT INTO `creates`(`meal_id`, `recipe_id`) VALUES ('180','6');
INSERT INTO `creates`(`meal_id`, `recipe_id`) VALUES ('181','2');
INSERT INTO `creates`(`meal_id`, `recipe_id`) VALUES ('182','6');
INSERT INTO `creates`(`meal_id`, `recipe_id`) VALUES ('184','7');
INSERT INTO `creates`(`meal_id`, `recipe_id`) VALUES ('185','8');
INSERT INTO `creates`(`meal_id`, `recipe_id`) VALUES ('186','5');
INSERT INTO `creates`(`meal_id`, `recipe_id`) VALUES ('186','7');
INSERT INTO `creates`(`meal_id`, `recipe_id`) VALUES ('186','8');
INSERT INTO `creates`(`meal_id`, `recipe_id`) VALUES ('186','4');
INSERT INTO `creates`(`meal_id`, `recipe_id`) VALUES ('186','0');
INSERT INTO `creates`(`meal_id`, `recipe_id`) VALUES ('186','3');
INSERT INTO `creates`(`meal_id`, `recipe_id`) VALUES ('186','2');
INSERT INTO `creates`(`meal_id`, `recipe_id`) VALUES ('186','1');
INSERT INTO `creates`(`meal_id`, `recipe_id`) VALUES ('186','9');
INSERT INTO `creates`(`meal_id`, `recipe_id`) VALUES ('187','6');
INSERT INTO `creates`(`meal_id`, `recipe_id`) VALUES ('187','1');
INSERT INTO `creates`(`meal_id`, `recipe_id`) VALUES ('187','8');
INSERT INTO `creates`(`meal_id`, `recipe_id`) VALUES ('187','7');
INSERT INTO `creates`(`meal_id`, `recipe_id`) VALUES ('188','4');
INSERT INTO `creates`(`meal_id`, `recipe_id`) VALUES ('188','7');
INSERT INTO `creates`(`meal_id`, `recipe_id`) VALUES ('189','6');
INSERT INTO `creates`(`meal_id`, `recipe_id`) VALUES ('189','1');
INSERT INTO `creates`(`meal_id`, `recipe_id`) VALUES ('189','2');
INSERT INTO `creates`(`meal_id`, `recipe_id`) VALUES ('189','0');
INSERT INTO `creates`(`meal_id`, `recipe_id`) VALUES ('189','7');
INSERT INTO `creates`(`meal_id`, `recipe_id`) VALUES ('189','3');
INSERT INTO `creates`(`meal_id`, `recipe_id`) VALUES ('189','9');
INSERT INTO `creates`(`meal_id`, `recipe_id`) VALUES ('189','8');
INSERT INTO `creates`(`meal_id`, `recipe_id`) VALUES ('190','7');
INSERT INTO `creates`(`meal_id`, `recipe_id`) VALUES ('191','1');
INSERT INTO `creates`(`meal_id`, `recipe_id`) VALUES ('191','3');
INSERT INTO `creates`(`meal_id`, `recipe_id`) VALUES ('191','5');
INSERT INTO `creates`(`meal_id`, `recipe_id`) VALUES ('191','8');
INSERT INTO `creates`(`meal_id`, `recipe_id`) VALUES ('191','6');
INSERT INTO `creates`(`meal_id`, `recipe_id`) VALUES ('191','4');
INSERT INTO `creates`(`meal_id`, `recipe_id`) VALUES ('191','9');
INSERT INTO `creates`(`meal_id`, `recipe_id`) VALUES ('191','2');
INSERT INTO `creates`(`meal_id`, `recipe_id`) VALUES ('192','2');
INSERT INTO `creates`(`meal_id`, `recipe_id`) VALUES ('192','8');
INSERT INTO `creates`(`meal_id`, `recipe_id`) VALUES ('192','5');
INSERT INTO `creates`(`meal_id`, `recipe_id`) VALUES ('192','4');
INSERT INTO `creates`(`meal_id`, `recipe_id`) VALUES ('192','6');
INSERT INTO `creates`(`meal_id`, `recipe_id`) VALUES ('194','8');
INSERT INTO `creates`(`meal_id`, `recipe_id`) VALUES ('195','4');
INSERT INTO `creates`(`meal_id`, `recipe_id`) VALUES ('195','5');
INSERT INTO `creates`(`meal_id`, `recipe_id`) VALUES ('195','9');
INSERT INTO `creates`(`meal_id`, `recipe_id`) VALUES ('195','3');
INSERT INTO `creates`(`meal_id`, `recipe_id`) VALUES ('195','1');
INSERT INTO `creates`(`meal_id`, `recipe_id`) VALUES ('195','2');
INSERT INTO `creates`(`meal_id`, `recipe_id`) VALUES ('195','8');
INSERT INTO `creates`(`meal_id`, `recipe_id`) VALUES ('195','6');
INSERT INTO `creates`(`meal_id`, `recipe_id`) VALUES ('195','7');
INSERT INTO `creates`(`meal_id`, `recipe_id`) VALUES ('196','6');
INSERT INTO `creates`(`meal_id`, `recipe_id`) VALUES ('196','8');
INSERT INTO `creates`(`meal_id`, `recipe_id`) VALUES ('196','0');
INSERT INTO `creates`(`meal_id`, `recipe_id`) VALUES ('196','7');
INSERT INTO `creates`(`meal_id`, `recipe_id`) VALUES ('196','3');
INSERT INTO `creates`(`meal_id`, `recipe_id`) VALUES ('196','1');
INSERT INTO `creates`(`meal_id`, `recipe_id`) VALUES ('196','2');
INSERT INTO `creates`(`meal_id`, `recipe_id`) VALUES ('196','5');
INSERT INTO `creates`(`meal_id`, `recipe_id`) VALUES ('197','6');
INSERT INTO `creates`(`meal_id`, `recipe_id`) VALUES ('197','3');
INSERT INTO `creates`(`meal_id`, `recipe_id`) VALUES ('197','5');
INSERT INTO `creates`(`meal_id`, `recipe_id`) VALUES ('197','9');
INSERT INTO `creates`(`meal_id`, `recipe_id`) VALUES ('198','5');
INSERT INTO `creates`(`meal_id`, `recipe_id`) VALUES ('199','2');
INSERT INTO `creates`(`meal_id`, `recipe_id`) VALUES ('199','1');
INSERT INTO `creates`(`meal_id`, `recipe_id`) VALUES ('199','5');
INSERT INTO `creates`(`meal_id`, `recipe_id`) VALUES ('199','4');
INSERT INTO `creates`(`meal_id`, `recipe_id`) VALUES ('199','9');
INSERT INTO `creates`(`meal_id`, `recipe_id`) VALUES ('200','6');
INSERT INTO `creates`(`meal_id`, `recipe_id`) VALUES ('200','7');
INSERT INTO `creates`(`meal_id`, `recipe_id`) VALUES ('200','9');
INSERT INTO `creates`(`meal_id`, `recipe_id`) VALUES ('200','5');
INSERT INTO `creates`(`meal_id`, `recipe_id`) VALUES ('200','1');
INSERT INTO `creates`(`meal_id`, `recipe_id`) VALUES ('200','8');
INSERT INTO `creates`(`meal_id`, `recipe_id`) VALUES ('200','2');
INSERT INTO `creates`(`meal_id`, `recipe_id`) VALUES ('200','4');
INSERT INTO `creates`(`meal_id`, `recipe_id`) VALUES ('201','4');
INSERT INTO `creates`(`meal_id`, `recipe_id`) VALUES ('201','1');
INSERT INTO `creates`(`meal_id`, `recipe_id`) VALUES ('201','8');
INSERT INTO `creates`(`meal_id`, `recipe_id`) VALUES ('201','9');
INSERT INTO `creates`(`meal_id`, `recipe_id`) VALUES ('202','4');
INSERT INTO `creates`(`meal_id`, `recipe_id`) VALUES ('202','9');
INSERT INTO `creates`(`meal_id`, `recipe_id`) VALUES ('202','2');
INSERT INTO `creates`(`meal_id`, `recipe_id`) VALUES ('202','5');
INSERT INTO `creates`(`meal_id`, `recipe_id`) VALUES ('202','7');
INSERT INTO `creates`(`meal_id`, `recipe_id`) VALUES ('202','8');
INSERT INTO `creates`(`meal_id`, `recipe_id`) VALUES ('202','0');
INSERT INTO `creates`(`meal_id`, `recipe_id`) VALUES ('203','3');
INSERT INTO `creates`(`meal_id`, `recipe_id`) VALUES ('203','4');
INSERT INTO `creates`(`meal_id`, `recipe_id`) VALUES ('203','2');
INSERT INTO `creates`(`meal_id`, `recipe_id`) VALUES ('204','0');
INSERT INTO `creates`(`meal_id`, `recipe_id`) VALUES ('204','3');
INSERT INTO `creates`(`meal_id`, `recipe_id`) VALUES ('205','9');
INSERT INTO `creates`(`meal_id`, `recipe_id`) VALUES ('205','6');
INSERT INTO `creates`(`meal_id`, `recipe_id`) VALUES ('205','5');
INSERT INTO `creates`(`meal_id`, `recipe_id`) VALUES ('205','1');
INSERT INTO `creates`(`meal_id`, `recipe_id`) VALUES ('205','0');
INSERT INTO `creates`(`meal_id`, `recipe_id`) VALUES ('206','2');
INSERT INTO `creates`(`meal_id`, `recipe_id`) VALUES ('206','6');
INSERT INTO `creates`(`meal_id`, `recipe_id`) VALUES ('206','9');
INSERT INTO `creates`(`meal_id`, `recipe_id`) VALUES ('206','0');
INSERT INTO `creates`(`meal_id`, `recipe_id`) VALUES ('206','8');
INSERT INTO `creates`(`meal_id`, `recipe_id`) VALUES ('206','1');
INSERT INTO `creates`(`meal_id`, `recipe_id`) VALUES ('206','3');
INSERT INTO `creates`(`meal_id`, `recipe_id`) VALUES ('206','7');
INSERT INTO `creates`(`meal_id`, `recipe_id`) VALUES ('207','7');
INSERT INTO `creates`(`meal_id`, `recipe_id`) VALUES ('207','9');
INSERT INTO `creates`(`meal_id`, `recipe_id`) VALUES ('207','2');
INSERT INTO `creates`(`meal_id`, `recipe_id`) VALUES ('207','6');
INSERT INTO `creates`(`meal_id`, `recipe_id`) VALUES ('207','8');
INSERT INTO `creates`(`meal_id`, `recipe_id`) VALUES ('207','0');
INSERT INTO `creates`(`meal_id`, `recipe_id`) VALUES ('207','4');
INSERT INTO `creates`(`meal_id`, `recipe_id`) VALUES ('208','0');
INSERT INTO `creates`(`meal_id`, `recipe_id`) VALUES ('209','5');
INSERT INTO `creates`(`meal_id`, `recipe_id`) VALUES ('210','3');
INSERT INTO `creates`(`meal_id`, `recipe_id`) VALUES ('210','8');
INSERT INTO `creates`(`meal_id`, `recipe_id`) VALUES ('210','0');
INSERT INTO `creates`(`meal_id`, `recipe_id`) VALUES ('211','8');
INSERT INTO `creates`(`meal_id`, `recipe_id`) VALUES ('212','5');
INSERT INTO `creates`(`meal_id`, `recipe_id`) VALUES ('212','8');
INSERT INTO `creates`(`meal_id`, `recipe_id`) VALUES ('213','3');
INSERT INTO `creates`(`meal_id`, `recipe_id`) VALUES ('213','7');
INSERT INTO `creates`(`meal_id`, `recipe_id`) VALUES ('213','1');
INSERT INTO `creates`(`meal_id`, `recipe_id`) VALUES ('213','9');
INSERT INTO `creates`(`meal_id`, `recipe_id`) VALUES ('213','4');
INSERT INTO `creates`(`meal_id`, `recipe_id`) VALUES ('215','3');
INSERT INTO `creates`(`meal_id`, `recipe_id`) VALUES ('215','9');
INSERT INTO `creates`(`meal_id`, `recipe_id`) VALUES ('215','2');
INSERT INTO `creates`(`meal_id`, `recipe_id`) VALUES ('215','8');
INSERT INTO `creates`(`meal_id`, `recipe_id`) VALUES ('215','6');
INSERT INTO `creates`(`meal_id`, `recipe_id`) VALUES ('215','4');
INSERT INTO `creates`(`meal_id`, `recipe_id`) VALUES ('215','7');
INSERT INTO `creates`(`meal_id`, `recipe_id`) VALUES ('216','5');
INSERT INTO `creates`(`meal_id`, `recipe_id`) VALUES ('216','1');
INSERT INTO `creates`(`meal_id`, `recipe_id`) VALUES ('216','4');
INSERT INTO `creates`(`meal_id`, `recipe_id`) VALUES ('216','8');
INSERT INTO `creates`(`meal_id`, `recipe_id`) VALUES ('216','6');
INSERT INTO `creates`(`meal_id`, `recipe_id`) VALUES ('217','2');
INSERT INTO `creates`(`meal_id`, `recipe_id`) VALUES ('217','4');
INSERT INTO `creates`(`meal_id`, `recipe_id`) VALUES ('218','5');
INSERT INTO `creates`(`meal_id`, `recipe_id`) VALUES ('218','0');
INSERT INTO `creates`(`meal_id`, `recipe_id`) VALUES ('218','6');
INSERT INTO `creates`(`meal_id`, `recipe_id`) VALUES ('218','4');
INSERT INTO `creates`(`meal_id`, `recipe_id`) VALUES ('218','7');
INSERT INTO `creates`(`meal_id`, `recipe_id`) VALUES ('219','5');
INSERT INTO `creates`(`meal_id`, `recipe_id`) VALUES ('219','9');
INSERT INTO `creates`(`meal_id`, `recipe_id`) VALUES ('219','6');
INSERT INTO `creates`(`meal_id`, `recipe_id`) VALUES ('219','1');
INSERT INTO `creates`(`meal_id`, `recipe_id`) VALUES ('219','2');
INSERT INTO `creates`(`meal_id`, `recipe_id`) VALUES ('219','7');
INSERT INTO `creates`(`meal_id`, `recipe_id`) VALUES ('219','3');
INSERT INTO `creates`(`meal_id`, `recipe_id`) VALUES ('220','3');
INSERT INTO `creates`(`meal_id`, `recipe_id`) VALUES ('220','2');
INSERT INTO `creates`(`meal_id`, `recipe_id`) VALUES ('220','1');
INSERT INTO `creates`(`meal_id`, `recipe_id`) VALUES ('222','3');
INSERT INTO `creates`(`meal_id`, `recipe_id`) VALUES ('222','7');
INSERT INTO `creates`(`meal_id`, `recipe_id`) VALUES ('222','1');
INSERT INTO `creates`(`meal_id`, `recipe_id`) VALUES ('222','9');
INSERT INTO `creates`(`meal_id`, `recipe_id`) VALUES ('222','5');
INSERT INTO `creates`(`meal_id`, `recipe_id`) VALUES ('222','0');
INSERT INTO `creates`(`meal_id`, `recipe_id`) VALUES ('222','2');
INSERT INTO `creates`(`meal_id`, `recipe_id`) VALUES ('222','6');
INSERT INTO `creates`(`meal_id`, `recipe_id`) VALUES ('222','8');
INSERT INTO `creates`(`meal_id`, `recipe_id`) VALUES ('223','8');
INSERT INTO `creates`(`meal_id`, `recipe_id`) VALUES ('223','5');
INSERT INTO `creates`(`meal_id`, `recipe_id`) VALUES ('223','9');
INSERT INTO `creates`(`meal_id`, `recipe_id`) VALUES ('223','3');
INSERT INTO `creates`(`meal_id`, `recipe_id`) VALUES ('223','2');
INSERT INTO `creates`(`meal_id`, `recipe_id`) VALUES ('223','1');
INSERT INTO `creates`(`meal_id`, `recipe_id`) VALUES ('223','4');
INSERT INTO `creates`(`meal_id`, `recipe_id`) VALUES ('223','6');
INSERT INTO `creates`(`meal_id`, `recipe_id`) VALUES ('223','7');
INSERT INTO `creates`(`meal_id`, `recipe_id`) VALUES ('224','8');
INSERT INTO `creates`(`meal_id`, `recipe_id`) VALUES ('224','7');
INSERT INTO `creates`(`meal_id`, `recipe_id`) VALUES ('224','2');
INSERT INTO `creates`(`meal_id`, `recipe_id`) VALUES ('224','6');
INSERT INTO `creates`(`meal_id`, `recipe_id`) VALUES ('225','3');
INSERT INTO `creates`(`meal_id`, `recipe_id`) VALUES ('225','8');
INSERT INTO `creates`(`meal_id`, `recipe_id`) VALUES ('225','1');
INSERT INTO `creates`(`meal_id`, `recipe_id`) VALUES ('225','6');
INSERT INTO `creates`(`meal_id`, `recipe_id`) VALUES ('225','0');
INSERT INTO `creates`(`meal_id`, `recipe_id`) VALUES ('225','5');
INSERT INTO `creates`(`meal_id`, `recipe_id`) VALUES ('227','2');
INSERT INTO `creates`(`meal_id`, `recipe_id`) VALUES ('228','3');
INSERT INTO `creates`(`meal_id`, `recipe_id`) VALUES ('228','0');
INSERT INTO `creates`(`meal_id`, `recipe_id`) VALUES ('228','9');
INSERT INTO `creates`(`meal_id`, `recipe_id`) VALUES ('228','1');
INSERT INTO `creates`(`meal_id`, `recipe_id`) VALUES ('228','2');
INSERT INTO `creates`(`meal_id`, `recipe_id`) VALUES ('228','8');
INSERT INTO `creates`(`meal_id`, `recipe_id`) VALUES ('228','4');
INSERT INTO `creates`(`meal_id`, `recipe_id`) VALUES ('228','7');
INSERT INTO `creates`(`meal_id`, `recipe_id`) VALUES ('229','6');
INSERT INTO `creates`(`meal_id`, `recipe_id`) VALUES ('229','3');
INSERT INTO `creates`(`meal_id`, `recipe_id`) VALUES ('229','1');
INSERT INTO `creates`(`meal_id`, `recipe_id`) VALUES ('229','2');
INSERT INTO `creates`(`meal_id`, `recipe_id`) VALUES ('229','7');
INSERT INTO `creates`(`meal_id`, `recipe_id`) VALUES ('229','0');
INSERT INTO `creates`(`meal_id`, `recipe_id`) VALUES ('229','9');
INSERT INTO `creates`(`meal_id`, `recipe_id`) VALUES ('229','5');
INSERT INTO `creates`(`meal_id`, `recipe_id`) VALUES ('229','8');
INSERT INTO `creates`(`meal_id`, `recipe_id`) VALUES ('231','9');
INSERT INTO `creates`(`meal_id`, `recipe_id`) VALUES ('231','6');
INSERT INTO `creates`(`meal_id`, `recipe_id`) VALUES ('231','4');
INSERT INTO `creates`(`meal_id`, `recipe_id`) VALUES ('231','3');
INSERT INTO `creates`(`meal_id`, `recipe_id`) VALUES ('231','5');
INSERT INTO `creates`(`meal_id`, `recipe_id`) VALUES ('231','0');
INSERT INTO `creates`(`meal_id`, `recipe_id`) VALUES ('231','2');
INSERT INTO `creates`(`meal_id`, `recipe_id`) VALUES ('232','8');
INSERT INTO `creates`(`meal_id`, `recipe_id`) VALUES ('232','3');
INSERT INTO `creates`(`meal_id`, `recipe_id`) VALUES ('233','3');
INSERT INTO `creates`(`meal_id`, `recipe_id`) VALUES ('233','0');
INSERT INTO `creates`(`meal_id`, `recipe_id`) VALUES ('233','1');
INSERT INTO `creates`(`meal_id`, `recipe_id`) VALUES ('233','5');
INSERT INTO `creates`(`meal_id`, `recipe_id`) VALUES ('233','2');
INSERT INTO `creates`(`meal_id`, `recipe_id`) VALUES ('233','8');
INSERT INTO `creates`(`meal_id`, `recipe_id`) VALUES ('234','3');
INSERT INTO `creates`(`meal_id`, `recipe_id`) VALUES ('234','7');
INSERT INTO `creates`(`meal_id`, `recipe_id`) VALUES ('234','1');
INSERT INTO `creates`(`meal_id`, `recipe_id`) VALUES ('234','6');
INSERT INTO `creates`(`meal_id`, `recipe_id`) VALUES ('234','2');
INSERT INTO `creates`(`meal_id`, `recipe_id`) VALUES ('234','0');
INSERT INTO `creates`(`meal_id`, `recipe_id`) VALUES ('234','5');
INSERT INTO `creates`(`meal_id`, `recipe_id`) VALUES ('234','4');
INSERT INTO `creates`(`meal_id`, `recipe_id`) VALUES ('235','4');
INSERT INTO `creates`(`meal_id`, `recipe_id`) VALUES ('235','8');
INSERT INTO `creates`(`meal_id`, `recipe_id`) VALUES ('235','0');
INSERT INTO `creates`(`meal_id`, `recipe_id`) VALUES ('235','5');
INSERT INTO `creates`(`meal_id`, `recipe_id`) VALUES ('236','4');
INSERT INTO `creates`(`meal_id`, `recipe_id`) VALUES ('236','9');
INSERT INTO `creates`(`meal_id`, `recipe_id`) VALUES ('236','7');
INSERT INTO `creates`(`meal_id`, `recipe_id`) VALUES ('236','2');
INSERT INTO `creates`(`meal_id`, `recipe_id`) VALUES ('236','0');
INSERT INTO `creates`(`meal_id`, `recipe_id`) VALUES ('236','3');
INSERT INTO `creates`(`meal_id`, `recipe_id`) VALUES ('236','6');
INSERT INTO `creates`(`meal_id`, `recipe_id`) VALUES ('236','8');
INSERT INTO `creates`(`meal_id`, `recipe_id`) VALUES ('236','5');
INSERT INTO `creates`(`meal_id`, `recipe_id`) VALUES ('237','2');
INSERT INTO `creates`(`meal_id`, `recipe_id`) VALUES ('237','0');
INSERT INTO `creates`(`meal_id`, `recipe_id`) VALUES ('237','3');
INSERT INTO `creates`(`meal_id`, `recipe_id`) VALUES ('237','7');
INSERT INTO `creates`(`meal_id`, `recipe_id`) VALUES ('237','5');
INSERT INTO `creates`(`meal_id`, `recipe_id`) VALUES ('237','4');
INSERT INTO `creates`(`meal_id`, `recipe_id`) VALUES ('237','6');
INSERT INTO `creates`(`meal_id`, `recipe_id`) VALUES ('237','8');
INSERT INTO `creates`(`meal_id`, `recipe_id`) VALUES ('238','0');
INSERT INTO `creates`(`meal_id`, `recipe_id`) VALUES ('238','6');
INSERT INTO `creates`(`meal_id`, `recipe_id`) VALUES ('238','4');
INSERT INTO `creates`(`meal_id`, `recipe_id`) VALUES ('238','8');
INSERT INTO `creates`(`meal_id`, `recipe_id`) VALUES ('238','7');
INSERT INTO `creates`(`meal_id`, `recipe_id`) VALUES ('238','1');
INSERT INTO `creates`(`meal_id`, `recipe_id`) VALUES ('238','9');
INSERT INTO `creates`(`meal_id`, `recipe_id`) VALUES ('239','1');
INSERT INTO `creates`(`meal_id`, `recipe_id`) VALUES ('239','5');
INSERT INTO `creates`(`meal_id`, `recipe_id`) VALUES ('239','8');
INSERT INTO `creates`(`meal_id`, `recipe_id`) VALUES ('240','8');
INSERT INTO `creates`(`meal_id`, `recipe_id`) VALUES ('241','3');
INSERT INTO `creates`(`meal_id`, `recipe_id`) VALUES ('241','5');
INSERT INTO `creates`(`meal_id`, `recipe_id`) VALUES ('241','0');
INSERT INTO `creates`(`meal_id`, `recipe_id`) VALUES ('241','1');
INSERT INTO `creates`(`meal_id`, `recipe_id`) VALUES ('242','1');
INSERT INTO `creates`(`meal_id`, `recipe_id`) VALUES ('242','5');
INSERT INTO `creates`(`meal_id`, `recipe_id`) VALUES ('242','6');
INSERT INTO `creates`(`meal_id`, `recipe_id`) VALUES ('242','8');
INSERT INTO `creates`(`meal_id`, `recipe_id`) VALUES ('242','7');
INSERT INTO `creates`(`meal_id`, `recipe_id`) VALUES ('242','2');
INSERT INTO `creates`(`meal_id`, `recipe_id`) VALUES ('242','4');
INSERT INTO `creates`(`meal_id`, `recipe_id`) VALUES ('242','0');
INSERT INTO `creates`(`meal_id`, `recipe_id`) VALUES ('243','0');
INSERT INTO `creates`(`meal_id`, `recipe_id`) VALUES ('243','1');
INSERT INTO `creates`(`meal_id`, `recipe_id`) VALUES ('243','7');
INSERT INTO `creates`(`meal_id`, `recipe_id`) VALUES ('243','2');
INSERT INTO `creates`(`meal_id`, `recipe_id`) VALUES ('243','9');
INSERT INTO `creates`(`meal_id`, `recipe_id`) VALUES ('243','8');
INSERT INTO `creates`(`meal_id`, `recipe_id`) VALUES ('243','3');
INSERT INTO `creates`(`meal_id`, `recipe_id`) VALUES ('243','4');
INSERT INTO `creates`(`meal_id`, `recipe_id`) VALUES ('243','6');
INSERT INTO `creates`(`meal_id`, `recipe_id`) VALUES ('245','3');
INSERT INTO `creates`(`meal_id`, `recipe_id`) VALUES ('245','2');
INSERT INTO `creates`(`meal_id`, `recipe_id`) VALUES ('245','4');
INSERT INTO `creates`(`meal_id`, `recipe_id`) VALUES ('245','1');
INSERT INTO `creates`(`meal_id`, `recipe_id`) VALUES ('245','5');
INSERT INTO `creates`(`meal_id`, `recipe_id`) VALUES ('245','0');
INSERT INTO `creates`(`meal_id`, `recipe_id`) VALUES ('245','8');
INSERT INTO `creates`(`meal_id`, `recipe_id`) VALUES ('247','8');
INSERT INTO `creates`(`meal_id`, `recipe_id`) VALUES ('247','7');
INSERT INTO `creates`(`meal_id`, `recipe_id`) VALUES ('247','5');
INSERT INTO `creates`(`meal_id`, `recipe_id`) VALUES ('247','2');
INSERT INTO `creates`(`meal_id`, `recipe_id`) VALUES ('247','3');
INSERT INTO `creates`(`meal_id`, `recipe_id`) VALUES ('247','6');
INSERT INTO `creates`(`meal_id`, `recipe_id`) VALUES ('247','1');
INSERT INTO `creates`(`meal_id`, `recipe_id`) VALUES ('247','4');
INSERT INTO `creates`(`meal_id`, `recipe_id`) VALUES ('247','0');
INSERT INTO `creates`(`meal_id`, `recipe_id`) VALUES ('248','9');
INSERT INTO `creates`(`meal_id`, `recipe_id`) VALUES ('248','0');
INSERT INTO `creates`(`meal_id`, `recipe_id`) VALUES ('248','2');
INSERT INTO `creates`(`meal_id`, `recipe_id`) VALUES ('248','5');
INSERT INTO `creates`(`meal_id`, `recipe_id`) VALUES ('248','7');
INSERT INTO `creates`(`meal_id`, `recipe_id`) VALUES ('249','3');
INSERT INTO `creates`(`meal_id`, `recipe_id`) VALUES ('249','0');
INSERT INTO `creates`(`meal_id`, `recipe_id`) VALUES ('249','5');
INSERT INTO `creates`(`meal_id`, `recipe_id`) VALUES ('250','5');
INSERT INTO `creates`(`meal_id`, `recipe_id`) VALUES ('250','1');
INSERT INTO `creates`(`meal_id`, `recipe_id`) VALUES ('251','4');
INSERT INTO `creates`(`meal_id`, `recipe_id`) VALUES ('252','1');
INSERT INTO `creates`(`meal_id`, `recipe_id`) VALUES ('253','7');
INSERT INTO `creates`(`meal_id`, `recipe_id`) VALUES ('253','1');
INSERT INTO `creates`(`meal_id`, `recipe_id`) VALUES ('253','2');
INSERT INTO `creates`(`meal_id`, `recipe_id`) VALUES ('253','9');
INSERT INTO `creates`(`meal_id`, `recipe_id`) VALUES ('253','4');
INSERT INTO `creates`(`meal_id`, `recipe_id`) VALUES ('254','6');
INSERT INTO `creates`(`meal_id`, `recipe_id`) VALUES ('254','1');
INSERT INTO `creates`(`meal_id`, `recipe_id`) VALUES ('254','2');
INSERT INTO `creates`(`meal_id`, `recipe_id`) VALUES ('255','5');
INSERT INTO `creates`(`meal_id`, `recipe_id`) VALUES ('255','9');
INSERT INTO `creates`(`meal_id`, `recipe_id`) VALUES ('255','2');
INSERT INTO `creates`(`meal_id`, `recipe_id`) VALUES ('255','4');
INSERT INTO `creates`(`meal_id`, `recipe_id`) VALUES ('255','8');
INSERT INTO `creates`(`meal_id`, `recipe_id`) VALUES ('255','7');
INSERT INTO `creates`(`meal_id`, `recipe_id`) VALUES ('255','6');
INSERT INTO `creates`(`meal_id`, `recipe_id`) VALUES ('256','7');
INSERT INTO `creates`(`meal_id`, `recipe_id`) VALUES ('256','5');
INSERT INTO `creates`(`meal_id`, `recipe_id`) VALUES ('256','2');
INSERT INTO `creates`(`meal_id`, `recipe_id`) VALUES ('256','3');
INSERT INTO `creates`(`meal_id`, `recipe_id`) VALUES ('256','0');
INSERT INTO `creates`(`meal_id`, `recipe_id`) VALUES ('256','9');
INSERT INTO `creates`(`meal_id`, `recipe_id`) VALUES ('257','2');
INSERT INTO `creates`(`meal_id`, `recipe_id`) VALUES ('257','0');
INSERT INTO `creates`(`meal_id`, `recipe_id`) VALUES ('257','7');
INSERT INTO `creates`(`meal_id`, `recipe_id`) VALUES ('257','8');
INSERT INTO `creates`(`meal_id`, `recipe_id`) VALUES ('257','5');
INSERT INTO `creates`(`meal_id`, `recipe_id`) VALUES ('258','2');
INSERT INTO `creates`(`meal_id`, `recipe_id`) VALUES ('258','7');
INSERT INTO `creates`(`meal_id`, `recipe_id`) VALUES ('259','5');
INSERT INTO `creates`(`meal_id`, `recipe_id`) VALUES ('259','1');
INSERT INTO `creates`(`meal_id`, `recipe_id`) VALUES ('259','8');
INSERT INTO `creates`(`meal_id`, `recipe_id`) VALUES ('259','2');
INSERT INTO `creates`(`meal_id`, `recipe_id`) VALUES ('260','7');
INSERT INTO `creates`(`meal_id`, `recipe_id`) VALUES ('260','0');
INSERT INTO `creates`(`meal_id`, `recipe_id`) VALUES ('260','5');
INSERT INTO `creates`(`meal_id`, `recipe_id`) VALUES ('260','1');
INSERT INTO `creates`(`meal_id`, `recipe_id`) VALUES ('262','0');
INSERT INTO `creates`(`meal_id`, `recipe_id`) VALUES ('262','8');
INSERT INTO `creates`(`meal_id`, `recipe_id`) VALUES ('262','7');
INSERT INTO `creates`(`meal_id`, `recipe_id`) VALUES ('262','2');
INSERT INTO `creates`(`meal_id`, `recipe_id`) VALUES ('262','9');
INSERT INTO `creates`(`meal_id`, `recipe_id`) VALUES ('262','5');
INSERT INTO `creates`(`meal_id`, `recipe_id`) VALUES ('263','0');
INSERT INTO `creates`(`meal_id`, `recipe_id`) VALUES ('263','8');
INSERT INTO `creates`(`meal_id`, `recipe_id`) VALUES ('263','9');
INSERT INTO `creates`(`meal_id`, `recipe_id`) VALUES ('263','2');
INSERT INTO `creates`(`meal_id`, `recipe_id`) VALUES ('263','7');
INSERT INTO `creates`(`meal_id`, `recipe_id`) VALUES ('263','4');
INSERT INTO `creates`(`meal_id`, `recipe_id`) VALUES ('263','5');
INSERT INTO `creates`(`meal_id`, `recipe_id`) VALUES ('264','1');
INSERT INTO `creates`(`meal_id`, `recipe_id`) VALUES ('264','7');
INSERT INTO `creates`(`meal_id`, `recipe_id`) VALUES ('264','5');
INSERT INTO `creates`(`meal_id`, `recipe_id`) VALUES ('266','6');
INSERT INTO `creates`(`meal_id`, `recipe_id`) VALUES ('266','0');
INSERT INTO `creates`(`meal_id`, `recipe_id`) VALUES ('266','4');
INSERT INTO `creates`(`meal_id`, `recipe_id`) VALUES ('266','8');
INSERT INTO `creates`(`meal_id`, `recipe_id`) VALUES ('266','3');
INSERT INTO `creates`(`meal_id`, `recipe_id`) VALUES ('266','1');
INSERT INTO `creates`(`meal_id`, `recipe_id`) VALUES ('267','3');
INSERT INTO `creates`(`meal_id`, `recipe_id`) VALUES ('268','6');
INSERT INTO `creates`(`meal_id`, `recipe_id`) VALUES ('268','1');
INSERT INTO `creates`(`meal_id`, `recipe_id`) VALUES ('268','3');
INSERT INTO `creates`(`meal_id`, `recipe_id`) VALUES ('269','8');
INSERT INTO `creates`(`meal_id`, `recipe_id`) VALUES ('269','0');
INSERT INTO `creates`(`meal_id`, `recipe_id`) VALUES ('269','3');
INSERT INTO `creates`(`meal_id`, `recipe_id`) VALUES ('269','9');
INSERT INTO `creates`(`meal_id`, `recipe_id`) VALUES ('269','7');
INSERT INTO `creates`(`meal_id`, `recipe_id`) VALUES ('270','1');
INSERT INTO `creates`(`meal_id`, `recipe_id`) VALUES ('270','6');
INSERT INTO `creates`(`meal_id`, `recipe_id`) VALUES ('270','5');
INSERT INTO `creates`(`meal_id`, `recipe_id`) VALUES ('270','9');
INSERT INTO `creates`(`meal_id`, `recipe_id`) VALUES ('270','0');
INSERT INTO `creates`(`meal_id`, `recipe_id`) VALUES ('270','8');
INSERT INTO `creates`(`meal_id`, `recipe_id`) VALUES ('270','7');
INSERT INTO `creates`(`meal_id`, `recipe_id`) VALUES ('270','3');
INSERT INTO `creates`(`meal_id`, `recipe_id`) VALUES ('271','8');
INSERT INTO `creates`(`meal_id`, `recipe_id`) VALUES ('271','3');
INSERT INTO `creates`(`meal_id`, `recipe_id`) VALUES ('271','9');
INSERT INTO `creates`(`meal_id`, `recipe_id`) VALUES ('271','5');
INSERT INTO `creates`(`meal_id`, `recipe_id`) VALUES ('271','0');
INSERT INTO `creates`(`meal_id`, `recipe_id`) VALUES ('272','0');
INSERT INTO `creates`(`meal_id`, `recipe_id`) VALUES ('272','6');
INSERT INTO `creates`(`meal_id`, `recipe_id`) VALUES ('272','5');
INSERT INTO `creates`(`meal_id`, `recipe_id`) VALUES ('272','3');
INSERT INTO `creates`(`meal_id`, `recipe_id`) VALUES ('272','7');
INSERT INTO `creates`(`meal_id`, `recipe_id`) VALUES ('272','8');
INSERT INTO `creates`(`meal_id`, `recipe_id`) VALUES ('272','4');
INSERT INTO `creates`(`meal_id`, `recipe_id`) VALUES ('272','2');
INSERT INTO `creates`(`meal_id`, `recipe_id`) VALUES ('273','2');
INSERT INTO `creates`(`meal_id`, `recipe_id`) VALUES ('273','3');
INSERT INTO `creates`(`meal_id`, `recipe_id`) VALUES ('274','8');
INSERT INTO `creates`(`meal_id`, `recipe_id`) VALUES ('274','7');
INSERT INTO `creates`(`meal_id`, `recipe_id`) VALUES ('274','0');
INSERT INTO `creates`(`meal_id`, `recipe_id`) VALUES ('274','2');
INSERT INTO `creates`(`meal_id`, `recipe_id`) VALUES ('274','9');
INSERT INTO `creates`(`meal_id`, `recipe_id`) VALUES ('274','3');
INSERT INTO `creates`(`meal_id`, `recipe_id`) VALUES ('274','1');
INSERT INTO `creates`(`meal_id`, `recipe_id`) VALUES ('275','5');
INSERT INTO `creates`(`meal_id`, `recipe_id`) VALUES ('275','3');
INSERT INTO `creates`(`meal_id`, `recipe_id`) VALUES ('275','2');
INSERT INTO `creates`(`meal_id`, `recipe_id`) VALUES ('275','0');
INSERT INTO `creates`(`meal_id`, `recipe_id`) VALUES ('275','1');
INSERT INTO `creates`(`meal_id`, `recipe_id`) VALUES ('275','7');
INSERT INTO `creates`(`meal_id`, `recipe_id`) VALUES ('275','4');
INSERT INTO `creates`(`meal_id`, `recipe_id`) VALUES ('276','4');
INSERT INTO `creates`(`meal_id`, `recipe_id`) VALUES ('276','7');
INSERT INTO `creates`(`meal_id`, `recipe_id`) VALUES ('276','1');
INSERT INTO `creates`(`meal_id`, `recipe_id`) VALUES ('276','6');
INSERT INTO `creates`(`meal_id`, `recipe_id`) VALUES ('276','3');
INSERT INTO `creates`(`meal_id`, `recipe_id`) VALUES ('276','2');
INSERT INTO `creates`(`meal_id`, `recipe_id`) VALUES ('277','2');
INSERT INTO `creates`(`meal_id`, `recipe_id`) VALUES ('277','5');
INSERT INTO `creates`(`meal_id`, `recipe_id`) VALUES ('277','0');
INSERT INTO `creates`(`meal_id`, `recipe_id`) VALUES ('278','5');
INSERT INTO `creates`(`meal_id`, `recipe_id`) VALUES ('278','2');
INSERT INTO `creates`(`meal_id`, `recipe_id`) VALUES ('278','4');
INSERT INTO `creates`(`meal_id`, `recipe_id`) VALUES ('278','3');
INSERT INTO `creates`(`meal_id`, `recipe_id`) VALUES ('278','0');
INSERT INTO `creates`(`meal_id`, `recipe_id`) VALUES ('278','1');
INSERT INTO `creates`(`meal_id`, `recipe_id`) VALUES ('278','8');
INSERT INTO `creates`(`meal_id`, `recipe_id`) VALUES ('279','7');
INSERT INTO `creates`(`meal_id`, `recipe_id`) VALUES ('279','3');
INSERT INTO `creates`(`meal_id`, `recipe_id`) VALUES ('279','2');
INSERT INTO `creates`(`meal_id`, `recipe_id`) VALUES ('279','4');
INSERT INTO `creates`(`meal_id`, `recipe_id`) VALUES ('279','0');
INSERT INTO `creates`(`meal_id`, `recipe_id`) VALUES ('279','9');
INSERT INTO `creates`(`meal_id`, `recipe_id`) VALUES ('279','8');
INSERT INTO `creates`(`meal_id`, `recipe_id`) VALUES ('279','5');
INSERT INTO `creates`(`meal_id`, `recipe_id`) VALUES ('279','1');
INSERT INTO `creates`(`meal_id`, `recipe_id`) VALUES ('280','2');
INSERT INTO `creates`(`meal_id`, `recipe_id`) VALUES ('280','1');
INSERT INTO `creates`(`meal_id`, `recipe_id`) VALUES ('281','7');
INSERT INTO `creates`(`meal_id`, `recipe_id`) VALUES ('281','8');
INSERT INTO `creates`(`meal_id`, `recipe_id`) VALUES ('281','3');
INSERT INTO `creates`(`meal_id`, `recipe_id`) VALUES ('281','6');
INSERT INTO `creates`(`meal_id`, `recipe_id`) VALUES ('281','4');
INSERT INTO `creates`(`meal_id`, `recipe_id`) VALUES ('282','0');
INSERT INTO `creates`(`meal_id`, `recipe_id`) VALUES ('282','1');
INSERT INTO `creates`(`meal_id`, `recipe_id`) VALUES ('282','7');
INSERT INTO `creates`(`meal_id`, `recipe_id`) VALUES ('282','3');
INSERT INTO `creates`(`meal_id`, `recipe_id`) VALUES ('282','9');
INSERT INTO `creates`(`meal_id`, `recipe_id`) VALUES ('282','5');
INSERT INTO `creates`(`meal_id`, `recipe_id`) VALUES ('284','0');
INSERT INTO `creates`(`meal_id`, `recipe_id`) VALUES ('284','8');
INSERT INTO `creates`(`meal_id`, `recipe_id`) VALUES ('284','2');
INSERT INTO `creates`(`meal_id`, `recipe_id`) VALUES ('284','7');
INSERT INTO `creates`(`meal_id`, `recipe_id`) VALUES ('284','3');
INSERT INTO `creates`(`meal_id`, `recipe_id`) VALUES ('284','6');
INSERT INTO `creates`(`meal_id`, `recipe_id`) VALUES ('284','5');
INSERT INTO `creates`(`meal_id`, `recipe_id`) VALUES ('284','4');
INSERT INTO `creates`(`meal_id`, `recipe_id`) VALUES ('284','1');
INSERT INTO `creates`(`meal_id`, `recipe_id`) VALUES ('285','4');
INSERT INTO `creates`(`meal_id`, `recipe_id`) VALUES ('285','6');
INSERT INTO `creates`(`meal_id`, `recipe_id`) VALUES ('285','7');
INSERT INTO `creates`(`meal_id`, `recipe_id`) VALUES ('285','5');
INSERT INTO `creates`(`meal_id`, `recipe_id`) VALUES ('286','6');
INSERT INTO `creates`(`meal_id`, `recipe_id`) VALUES ('286','9');
INSERT INTO `creates`(`meal_id`, `recipe_id`) VALUES ('286','8');
INSERT INTO `creates`(`meal_id`, `recipe_id`) VALUES ('287','5');
INSERT INTO `creates`(`meal_id`, `recipe_id`) VALUES ('287','8');
INSERT INTO `creates`(`meal_id`, `recipe_id`) VALUES ('289','8');
INSERT INTO `creates`(`meal_id`, `recipe_id`) VALUES ('289','9');
INSERT INTO `creates`(`meal_id`, `recipe_id`) VALUES ('289','7');
INSERT INTO `creates`(`meal_id`, `recipe_id`) VALUES ('291','8');
INSERT INTO `creates`(`meal_id`, `recipe_id`) VALUES ('291','1');
INSERT INTO `creates`(`meal_id`, `recipe_id`) VALUES ('291','5');
INSERT INTO `creates`(`meal_id`, `recipe_id`) VALUES ('291','2');
INSERT INTO `creates`(`meal_id`, `recipe_id`) VALUES ('291','0');
INSERT INTO `creates`(`meal_id`, `recipe_id`) VALUES ('291','4');
INSERT INTO `creates`(`meal_id`, `recipe_id`) VALUES ('291','3');
INSERT INTO `creates`(`meal_id`, `recipe_id`) VALUES ('291','9');
INSERT INTO `creates`(`meal_id`, `recipe_id`) VALUES ('292','6');
INSERT INTO `creates`(`meal_id`, `recipe_id`) VALUES ('292','2');
INSERT INTO `creates`(`meal_id`, `recipe_id`) VALUES ('292','4');
INSERT INTO `creates`(`meal_id`, `recipe_id`) VALUES ('293','6');
INSERT INTO `creates`(`meal_id`, `recipe_id`) VALUES ('293','1');
INSERT INTO `creates`(`meal_id`, `recipe_id`) VALUES ('293','2');
INSERT INTO `creates`(`meal_id`, `recipe_id`) VALUES ('293','8');
INSERT INTO `creates`(`meal_id`, `recipe_id`) VALUES ('293','5');
INSERT INTO `creates`(`meal_id`, `recipe_id`) VALUES ('293','3');
INSERT INTO `creates`(`meal_id`, `recipe_id`) VALUES ('294','7');
INSERT INTO `creates`(`meal_id`, `recipe_id`) VALUES ('295','6');
INSERT INTO `creates`(`meal_id`, `recipe_id`) VALUES ('295','8');
INSERT INTO `creates`(`meal_id`, `recipe_id`) VALUES ('295','4');
INSERT INTO `creates`(`meal_id`, `recipe_id`) VALUES ('295','5');
INSERT INTO `creates`(`meal_id`, `recipe_id`) VALUES ('296','4');
INSERT INTO `creates`(`meal_id`, `recipe_id`) VALUES ('296','8');
INSERT INTO `creates`(`meal_id`, `recipe_id`) VALUES ('296','1');
INSERT INTO `creates`(`meal_id`, `recipe_id`) VALUES ('296','2');
INSERT INTO `creates`(`meal_id`, `recipe_id`) VALUES ('296','0');
INSERT INTO `creates`(`meal_id`, `recipe_id`) VALUES ('296','5');
INSERT INTO `creates`(`meal_id`, `recipe_id`) VALUES ('296','7');
INSERT INTO `creates`(`meal_id`, `recipe_id`) VALUES ('297','5');
INSERT INTO `creates`(`meal_id`, `recipe_id`) VALUES ('297','0');
INSERT INTO `creates`(`meal_id`, `recipe_id`) VALUES ('297','8');
INSERT INTO `creates`(`meal_id`, `recipe_id`) VALUES ('297','3');
INSERT INTO `creates`(`meal_id`, `recipe_id`) VALUES ('297','1');
INSERT INTO `creates`(`meal_id`, `recipe_id`) VALUES ('298','1');
INSERT INTO `creates`(`meal_id`, `recipe_id`) VALUES ('298','3');
INSERT INTO `creates`(`meal_id`, `recipe_id`) VALUES ('298','9');
INSERT INTO `creates`(`meal_id`, `recipe_id`) VALUES ('298','2');
INSERT INTO `creates`(`meal_id`, `recipe_id`) VALUES ('298','5');
INSERT INTO `creates`(`meal_id`, `recipe_id`) VALUES ('298','0');
INSERT INTO `creates`(`meal_id`, `recipe_id`) VALUES ('298','7');
INSERT INTO `creates`(`meal_id`, `recipe_id`) VALUES ('299','8');
INSERT INTO `creates`(`meal_id`, `recipe_id`) VALUES ('300','6');
INSERT INTO `creates`(`meal_id`, `recipe_id`) VALUES ('300','9');
INSERT INTO `creates`(`meal_id`, `recipe_id`) VALUES ('301','4');
INSERT INTO `creates`(`meal_id`, `recipe_id`) VALUES ('301','3');
INSERT INTO `creates`(`meal_id`, `recipe_id`) VALUES ('301','9');
INSERT INTO `creates`(`meal_id`, `recipe_id`) VALUES ('301','0');
INSERT INTO `creates`(`meal_id`, `recipe_id`) VALUES ('301','1');
INSERT INTO `creates`(`meal_id`, `recipe_id`) VALUES ('301','8');
INSERT INTO `creates`(`meal_id`, `recipe_id`) VALUES ('301','2');
INSERT INTO `creates`(`meal_id`, `recipe_id`) VALUES ('302','1');
INSERT INTO `creates`(`meal_id`, `recipe_id`) VALUES ('302','7');
INSERT INTO `creates`(`meal_id`, `recipe_id`) VALUES ('302','5');
INSERT INTO `creates`(`meal_id`, `recipe_id`) VALUES ('302','4');
INSERT INTO `creates`(`meal_id`, `recipe_id`) VALUES ('302','0');
INSERT INTO `creates`(`meal_id`, `recipe_id`) VALUES ('302','8');
INSERT INTO `creates`(`meal_id`, `recipe_id`) VALUES ('303','0');
INSERT INTO `creates`(`meal_id`, `recipe_id`) VALUES ('303','7');
INSERT INTO `creates`(`meal_id`, `recipe_id`) VALUES ('303','5');
INSERT INTO `creates`(`meal_id`, `recipe_id`) VALUES ('303','8');
INSERT INTO `creates`(`meal_id`, `recipe_id`) VALUES ('304','7');
INSERT INTO `creates`(`meal_id`, `recipe_id`) VALUES ('304','8');
INSERT INTO `creates`(`meal_id`, `recipe_id`) VALUES ('304','3');
INSERT INTO `creates`(`meal_id`, `recipe_id`) VALUES ('304','4');
INSERT INTO `creates`(`meal_id`, `recipe_id`) VALUES ('304','5');
INSERT INTO `creates`(`meal_id`, `recipe_id`) VALUES ('304','9');
INSERT INTO `creates`(`meal_id`, `recipe_id`) VALUES ('304','2');
INSERT INTO `creates`(`meal_id`, `recipe_id`) VALUES ('304','1');
INSERT INTO `creates`(`meal_id`, `recipe_id`) VALUES ('304','0');
INSERT INTO `creates`(`meal_id`, `recipe_id`) VALUES ('305','5');
INSERT INTO `creates`(`meal_id`, `recipe_id`) VALUES ('305','7');
INSERT INTO `creates`(`meal_id`, `recipe_id`) VALUES ('305','6');
INSERT INTO `creates`(`meal_id`, `recipe_id`) VALUES ('305','8');
INSERT INTO `creates`(`meal_id`, `recipe_id`) VALUES ('305','4');
INSERT INTO `creates`(`meal_id`, `recipe_id`) VALUES ('305','1');
INSERT INTO `creates`(`meal_id`, `recipe_id`) VALUES ('305','0');
INSERT INTO `creates`(`meal_id`, `recipe_id`) VALUES ('305','3');
INSERT INTO `creates`(`meal_id`, `recipe_id`) VALUES ('305','9');
INSERT INTO `creates`(`meal_id`, `recipe_id`) VALUES ('306','1');
INSERT INTO `creates`(`meal_id`, `recipe_id`) VALUES ('306','4');
INSERT INTO `creates`(`meal_id`, `recipe_id`) VALUES ('306','6');
INSERT INTO `creates`(`meal_id`, `recipe_id`) VALUES ('306','2');
INSERT INTO `creates`(`meal_id`, `recipe_id`) VALUES ('306','5');
INSERT INTO `creates`(`meal_id`, `recipe_id`) VALUES ('306','7');
INSERT INTO `creates`(`meal_id`, `recipe_id`) VALUES ('306','0');
INSERT INTO `creates`(`meal_id`, `recipe_id`) VALUES ('306','9');
INSERT INTO `creates`(`meal_id`, `recipe_id`) VALUES ('307','7');
INSERT INTO `creates`(`meal_id`, `recipe_id`) VALUES ('308','1');
INSERT INTO `creates`(`meal_id`, `recipe_id`) VALUES ('308','5');
INSERT INTO `creates`(`meal_id`, `recipe_id`) VALUES ('308','4');
INSERT INTO `creates`(`meal_id`, `recipe_id`) VALUES ('308','7');
INSERT INTO `creates`(`meal_id`, `recipe_id`) VALUES ('308','0');
INSERT INTO `creates`(`meal_id`, `recipe_id`) VALUES ('308','3');
INSERT INTO `creates`(`meal_id`, `recipe_id`) VALUES ('308','2');
INSERT INTO `creates`(`meal_id`, `recipe_id`) VALUES ('308','9');
INSERT INTO `creates`(`meal_id`, `recipe_id`) VALUES ('308','8');
INSERT INTO `creates`(`meal_id`, `recipe_id`) VALUES ('309','8');
INSERT INTO `creates`(`meal_id`, `recipe_id`) VALUES ('309','9');
INSERT INTO `creates`(`meal_id`, `recipe_id`) VALUES ('309','7');
INSERT INTO `creates`(`meal_id`, `recipe_id`) VALUES ('310','5');
INSERT INTO `creates`(`meal_id`, `recipe_id`) VALUES ('310','4');
INSERT INTO `creates`(`meal_id`, `recipe_id`) VALUES ('310','7');
INSERT INTO `creates`(`meal_id`, `recipe_id`) VALUES ('310','9');
INSERT INTO `creates`(`meal_id`, `recipe_id`) VALUES ('310','6');
INSERT INTO `creates`(`meal_id`, `recipe_id`) VALUES ('310','3');
INSERT INTO `creates`(`meal_id`, `recipe_id`) VALUES ('310','1');
INSERT INTO `creates`(`meal_id`, `recipe_id`) VALUES ('310','0');
INSERT INTO `creates`(`meal_id`, `recipe_id`) VALUES ('310','2');
INSERT INTO `creates`(`meal_id`, `recipe_id`) VALUES ('311','9');
INSERT INTO `creates`(`meal_id`, `recipe_id`) VALUES ('311','3');
INSERT INTO `creates`(`meal_id`, `recipe_id`) VALUES ('311','4');
INSERT INTO `creates`(`meal_id`, `recipe_id`) VALUES ('312','4');
INSERT INTO `creates`(`meal_id`, `recipe_id`) VALUES ('312','8');
INSERT INTO `creates`(`meal_id`, `recipe_id`) VALUES ('312','5');
INSERT INTO `creates`(`meal_id`, `recipe_id`) VALUES ('312','1');
INSERT INTO `creates`(`meal_id`, `recipe_id`) VALUES ('312','2');
INSERT INTO `creates`(`meal_id`, `recipe_id`) VALUES ('312','0');
INSERT INTO `creates`(`meal_id`, `recipe_id`) VALUES ('313','6');
INSERT INTO `creates`(`meal_id`, `recipe_id`) VALUES ('313','0');
INSERT INTO `creates`(`meal_id`, `recipe_id`) VALUES ('313','5');
INSERT INTO `creates`(`meal_id`, `recipe_id`) VALUES ('313','2');
INSERT INTO `creates`(`meal_id`, `recipe_id`) VALUES ('313','9');
INSERT INTO `creates`(`meal_id`, `recipe_id`) VALUES ('313','8');
INSERT INTO `creates`(`meal_id`, `recipe_id`) VALUES ('313','3');
INSERT INTO `creates`(`meal_id`, `recipe_id`) VALUES ('313','4');
INSERT INTO `creates`(`meal_id`, `recipe_id`) VALUES ('314','6');
INSERT INTO `creates`(`meal_id`, `recipe_id`) VALUES ('314','4');
INSERT INTO `creates`(`meal_id`, `recipe_id`) VALUES ('314','7');
INSERT INTO `creates`(`meal_id`, `recipe_id`) VALUES ('314','0');
INSERT INTO `creates`(`meal_id`, `recipe_id`) VALUES ('314','3');
INSERT INTO `creates`(`meal_id`, `recipe_id`) VALUES ('315','4');
INSERT INTO `creates`(`meal_id`, `recipe_id`) VALUES ('315','6');
INSERT INTO `creates`(`meal_id`, `recipe_id`) VALUES ('315','0');
INSERT INTO `creates`(`meal_id`, `recipe_id`) VALUES ('316','6');
INSERT INTO `creates`(`meal_id`, `recipe_id`) VALUES ('316','1');
INSERT INTO `creates`(`meal_id`, `recipe_id`) VALUES ('316','0');
INSERT INTO `creates`(`meal_id`, `recipe_id`) VALUES ('316','5');
INSERT INTO `creates`(`meal_id`, `recipe_id`) VALUES ('316','3');
INSERT INTO `creates`(`meal_id`, `recipe_id`) VALUES ('317','3');
INSERT INTO `creates`(`meal_id`, `recipe_id`) VALUES ('318','3');
INSERT INTO `creates`(`meal_id`, `recipe_id`) VALUES ('318','2');
INSERT INTO `creates`(`meal_id`, `recipe_id`) VALUES ('318','7');
INSERT INTO `creates`(`meal_id`, `recipe_id`) VALUES ('318','0');
INSERT INTO `creates`(`meal_id`, `recipe_id`) VALUES ('319','4');
INSERT INTO `creates`(`meal_id`, `recipe_id`) VALUES ('319','3');
INSERT INTO `creates`(`meal_id`, `recipe_id`) VALUES ('319','2');
INSERT INTO `creates`(`meal_id`, `recipe_id`) VALUES ('319','5');
INSERT INTO `creates`(`meal_id`, `recipe_id`) VALUES ('319','8');
INSERT INTO `creates`(`meal_id`, `recipe_id`) VALUES ('319','0');
INSERT INTO `creates`(`meal_id`, `recipe_id`) VALUES ('319','9');
INSERT INTO `creates`(`meal_id`, `recipe_id`) VALUES ('319','6');
INSERT INTO `creates`(`meal_id`, `recipe_id`) VALUES ('319','1');
INSERT INTO `creates`(`meal_id`, `recipe_id`) VALUES ('320','4');
INSERT INTO `creates`(`meal_id`, `recipe_id`) VALUES ('320','7');
INSERT INTO `creates`(`meal_id`, `recipe_id`) VALUES ('320','8');
INSERT INTO `creates`(`meal_id`, `recipe_id`) VALUES ('320','0');
INSERT INTO `creates`(`meal_id`, `recipe_id`) VALUES ('320','1');
INSERT INTO `creates`(`meal_id`, `recipe_id`) VALUES ('320','5');
INSERT INTO `creates`(`meal_id`, `recipe_id`) VALUES ('320','3');
INSERT INTO `creates`(`meal_id`, `recipe_id`) VALUES ('320','2');
INSERT INTO `creates`(`meal_id`, `recipe_id`) VALUES ('320','6');
INSERT INTO `creates`(`meal_id`, `recipe_id`) VALUES ('321','9');
INSERT INTO `creates`(`meal_id`, `recipe_id`) VALUES ('321','8');
INSERT INTO `creates`(`meal_id`, `recipe_id`) VALUES ('321','6');
INSERT INTO `creates`(`meal_id`, `recipe_id`) VALUES ('321','2');
INSERT INTO `creates`(`meal_id`, `recipe_id`) VALUES ('321','3');
INSERT INTO `creates`(`meal_id`, `recipe_id`) VALUES ('323','1');
INSERT INTO `creates`(`meal_id`, `recipe_id`) VALUES ('323','5');
INSERT INTO `creates`(`meal_id`, `recipe_id`) VALUES ('323','0');
INSERT INTO `creates`(`meal_id`, `recipe_id`) VALUES ('324','5');
INSERT INTO `creates`(`meal_id`, `recipe_id`) VALUES ('324','7');
INSERT INTO `creates`(`meal_id`, `recipe_id`) VALUES ('324','3');
INSERT INTO `creates`(`meal_id`, `recipe_id`) VALUES ('324','4');
INSERT INTO `creates`(`meal_id`, `recipe_id`) VALUES ('324','9');
INSERT INTO `creates`(`meal_id`, `recipe_id`) VALUES ('324','0');
INSERT INTO `creates`(`meal_id`, `recipe_id`) VALUES ('324','2');
INSERT INTO `creates`(`meal_id`, `recipe_id`) VALUES ('324','6');
INSERT INTO `creates`(`meal_id`, `recipe_id`) VALUES ('324','8');
INSERT INTO `creates`(`meal_id`, `recipe_id`) VALUES ('325','6');
INSERT INTO `creates`(`meal_id`, `recipe_id`) VALUES ('325','9');
INSERT INTO `creates`(`meal_id`, `recipe_id`) VALUES ('327','8');
INSERT INTO `creates`(`meal_id`, `recipe_id`) VALUES ('327','2');
INSERT INTO `creates`(`meal_id`, `recipe_id`) VALUES ('328','1');
INSERT INTO `creates`(`meal_id`, `recipe_id`) VALUES ('328','3');
INSERT INTO `creates`(`meal_id`, `recipe_id`) VALUES ('328','8');
INSERT INTO `creates`(`meal_id`, `recipe_id`) VALUES ('328','9');
INSERT INTO `creates`(`meal_id`, `recipe_id`) VALUES ('329','2');
INSERT INTO `creates`(`meal_id`, `recipe_id`) VALUES ('330','7');
INSERT INTO `creates`(`meal_id`, `recipe_id`) VALUES ('330','6');
INSERT INTO `creates`(`meal_id`, `recipe_id`) VALUES ('331','0');
INSERT INTO `creates`(`meal_id`, `recipe_id`) VALUES ('331','2');
INSERT INTO `creates`(`meal_id`, `recipe_id`) VALUES ('331','3');
INSERT INTO `creates`(`meal_id`, `recipe_id`) VALUES ('331','9');
INSERT INTO `creates`(`meal_id`, `recipe_id`) VALUES ('331','8');
INSERT INTO `creates`(`meal_id`, `recipe_id`) VALUES ('331','5');
INSERT INTO `creates`(`meal_id`, `recipe_id`) VALUES ('331','4');
INSERT INTO `creates`(`meal_id`, `recipe_id`) VALUES ('331','7');
INSERT INTO `creates`(`meal_id`, `recipe_id`) VALUES ('331','6');
INSERT INTO `creates`(`meal_id`, `recipe_id`) VALUES ('332','7');
INSERT INTO `creates`(`meal_id`, `recipe_id`) VALUES ('332','5');
INSERT INTO `creates`(`meal_id`, `recipe_id`) VALUES ('332','1');
INSERT INTO `creates`(`meal_id`, `recipe_id`) VALUES ('332','2');
INSERT INTO `creates`(`meal_id`, `recipe_id`) VALUES ('333','6');
INSERT INTO `creates`(`meal_id`, `recipe_id`) VALUES ('333','3');
INSERT INTO `creates`(`meal_id`, `recipe_id`) VALUES ('333','1');
INSERT INTO `creates`(`meal_id`, `recipe_id`) VALUES ('333','7');
INSERT INTO `creates`(`meal_id`, `recipe_id`) VALUES ('333','5');
INSERT INTO `creates`(`meal_id`, `recipe_id`) VALUES ('333','2');
INSERT INTO `creates`(`meal_id`, `recipe_id`) VALUES ('334','2');
INSERT INTO `creates`(`meal_id`, `recipe_id`) VALUES ('334','9');
INSERT INTO `creates`(`meal_id`, `recipe_id`) VALUES ('334','7');
INSERT INTO `creates`(`meal_id`, `recipe_id`) VALUES ('334','0');
INSERT INTO `creates`(`meal_id`, `recipe_id`) VALUES ('335','9');
INSERT INTO `creates`(`meal_id`, `recipe_id`) VALUES ('335','2');
INSERT INTO `creates`(`meal_id`, `recipe_id`) VALUES ('335','7');
INSERT INTO `creates`(`meal_id`, `recipe_id`) VALUES ('335','6');
INSERT INTO `creates`(`meal_id`, `recipe_id`) VALUES ('335','0');
INSERT INTO `creates`(`meal_id`, `recipe_id`) VALUES ('335','4');
INSERT INTO `creates`(`meal_id`, `recipe_id`) VALUES ('336','6');
INSERT INTO `creates`(`meal_id`, `recipe_id`) VALUES ('336','9');
INSERT INTO `creates`(`meal_id`, `recipe_id`) VALUES ('336','4');
INSERT INTO `creates`(`meal_id`, `recipe_id`) VALUES ('336','5');
INSERT INTO `creates`(`meal_id`, `recipe_id`) VALUES ('336','2');
INSERT INTO `creates`(`meal_id`, `recipe_id`) VALUES ('337','4');
INSERT INTO `creates`(`meal_id`, `recipe_id`) VALUES ('337','9');
INSERT INTO `creates`(`meal_id`, `recipe_id`) VALUES ('337','1');
INSERT INTO `creates`(`meal_id`, `recipe_id`) VALUES ('337','5');
INSERT INTO `creates`(`meal_id`, `recipe_id`) VALUES ('337','8');
INSERT INTO `creates`(`meal_id`, `recipe_id`) VALUES ('338','5');
INSERT INTO `creates`(`meal_id`, `recipe_id`) VALUES ('338','3');
INSERT INTO `creates`(`meal_id`, `recipe_id`) VALUES ('338','6');
INSERT INTO `creates`(`meal_id`, `recipe_id`) VALUES ('338','7');
INSERT INTO `creates`(`meal_id`, `recipe_id`) VALUES ('339','0');
INSERT INTO `creates`(`meal_id`, `recipe_id`) VALUES ('339','6');
INSERT INTO `creates`(`meal_id`, `recipe_id`) VALUES ('340','1');
INSERT INTO `creates`(`meal_id`, `recipe_id`) VALUES ('340','9');
INSERT INTO `creates`(`meal_id`, `recipe_id`) VALUES ('340','7');
INSERT INTO `creates`(`meal_id`, `recipe_id`) VALUES ('340','4');
INSERT INTO `creates`(`meal_id`, `recipe_id`) VALUES ('340','0');
INSERT INTO `creates`(`meal_id`, `recipe_id`) VALUES ('340','5');
INSERT INTO `creates`(`meal_id`, `recipe_id`) VALUES ('341','7');
INSERT INTO `creates`(`meal_id`, `recipe_id`) VALUES ('342','1');
INSERT INTO `creates`(`meal_id`, `recipe_id`) VALUES ('342','5');
INSERT INTO `creates`(`meal_id`, `recipe_id`) VALUES ('342','6');
INSERT INTO `creates`(`meal_id`, `recipe_id`) VALUES ('342','8');
INSERT INTO `creates`(`meal_id`, `recipe_id`) VALUES ('342','7');
INSERT INTO `creates`(`meal_id`, `recipe_id`) VALUES ('342','3');
INSERT INTO `creates`(`meal_id`, `recipe_id`) VALUES ('342','9');
INSERT INTO `creates`(`meal_id`, `recipe_id`) VALUES ('342','0');
INSERT INTO `creates`(`meal_id`, `recipe_id`) VALUES ('343','6');
INSERT INTO `creates`(`meal_id`, `recipe_id`) VALUES ('343','7');
INSERT INTO `creates`(`meal_id`, `recipe_id`) VALUES ('343','9');
INSERT INTO `creates`(`meal_id`, `recipe_id`) VALUES ('343','4');
INSERT INTO `creates`(`meal_id`, `recipe_id`) VALUES ('343','5');
INSERT INTO `creates`(`meal_id`, `recipe_id`) VALUES ('343','2');
INSERT INTO `creates`(`meal_id`, `recipe_id`) VALUES ('343','0');
INSERT INTO `creates`(`meal_id`, `recipe_id`) VALUES ('343','1');
INSERT INTO `creates`(`meal_id`, `recipe_id`) VALUES ('344','3');
INSERT INTO `creates`(`meal_id`, `recipe_id`) VALUES ('344','6');
INSERT INTO `creates`(`meal_id`, `recipe_id`) VALUES ('344','7');
INSERT INTO `creates`(`meal_id`, `recipe_id`) VALUES ('344','8');
INSERT INTO `creates`(`meal_id`, `recipe_id`) VALUES ('344','1');
INSERT INTO `creates`(`meal_id`, `recipe_id`) VALUES ('344','2');
INSERT INTO `creates`(`meal_id`, `recipe_id`) VALUES ('344','5');
INSERT INTO `creates`(`meal_id`, `recipe_id`) VALUES ('344','9');
INSERT INTO `creates`(`meal_id`, `recipe_id`) VALUES ('344','0');
INSERT INTO `creates`(`meal_id`, `recipe_id`) VALUES ('345','4');
INSERT INTO `creates`(`meal_id`, `recipe_id`) VALUES ('345','5');
INSERT INTO `creates`(`meal_id`, `recipe_id`) VALUES ('345','1');
INSERT INTO `creates`(`meal_id`, `recipe_id`) VALUES ('345','9');
INSERT INTO `creates`(`meal_id`, `recipe_id`) VALUES ('345','6');
INSERT INTO `creates`(`meal_id`, `recipe_id`) VALUES ('345','2');
INSERT INTO `creates`(`meal_id`, `recipe_id`) VALUES ('345','8');
INSERT INTO `creates`(`meal_id`, `recipe_id`) VALUES ('346','1');
INSERT INTO `creates`(`meal_id`, `recipe_id`) VALUES ('346','3');
INSERT INTO `creates`(`meal_id`, `recipe_id`) VALUES ('346','4');
INSERT INTO `creates`(`meal_id`, `recipe_id`) VALUES ('347','8');
INSERT INTO `creates`(`meal_id`, `recipe_id`) VALUES ('347','5');
INSERT INTO `creates`(`meal_id`, `recipe_id`) VALUES ('347','6');
INSERT INTO `creates`(`meal_id`, `recipe_id`) VALUES ('347','2');
INSERT INTO `creates`(`meal_id`, `recipe_id`) VALUES ('347','1');
INSERT INTO `creates`(`meal_id`, `recipe_id`) VALUES ('347','0');
INSERT INTO `creates`(`meal_id`, `recipe_id`) VALUES ('348','0');
INSERT INTO `creates`(`meal_id`, `recipe_id`) VALUES ('348','1');
INSERT INTO `creates`(`meal_id`, `recipe_id`) VALUES ('348','2');
INSERT INTO `creates`(`meal_id`, `recipe_id`) VALUES ('348','4');
INSERT INTO `creates`(`meal_id`, `recipe_id`) VALUES ('348','6');
INSERT INTO `creates`(`meal_id`, `recipe_id`) VALUES ('348','5');
INSERT INTO `creates`(`meal_id`, `recipe_id`) VALUES ('349','2');
INSERT INTO `creates`(`meal_id`, `recipe_id`) VALUES ('349','1');
INSERT INTO `creates`(`meal_id`, `recipe_id`) VALUES ('349','6');
INSERT INTO `creates`(`meal_id`, `recipe_id`) VALUES ('349','4');
INSERT INTO `creates`(`meal_id`, `recipe_id`) VALUES ('349','3');
INSERT INTO `creates`(`meal_id`, `recipe_id`) VALUES ('349','0');
INSERT INTO `creates`(`meal_id`, `recipe_id`) VALUES ('349','5');
INSERT INTO `creates`(`meal_id`, `recipe_id`) VALUES ('349','8');
INSERT INTO `creates`(`meal_id`, `recipe_id`) VALUES ('350','2');
INSERT INTO `creates`(`meal_id`, `recipe_id`) VALUES ('350','4');
INSERT INTO `creates`(`meal_id`, `recipe_id`) VALUES ('350','5');
INSERT INTO `creates`(`meal_id`, `recipe_id`) VALUES ('350','7');
INSERT INTO `creates`(`meal_id`, `recipe_id`) VALUES ('350','0');
INSERT INTO `creates`(`meal_id`, `recipe_id`) VALUES ('350','9');
INSERT INTO `creates`(`meal_id`, `recipe_id`) VALUES ('350','1');
INSERT INTO `creates`(`meal_id`, `recipe_id`) VALUES ('350','8');
INSERT INTO `creates`(`meal_id`, `recipe_id`) VALUES ('351','9');
INSERT INTO `creates`(`meal_id`, `recipe_id`) VALUES ('351','5');
INSERT INTO `creates`(`meal_id`, `recipe_id`) VALUES ('351','6');
INSERT INTO `creates`(`meal_id`, `recipe_id`) VALUES ('351','8');
INSERT INTO `creates`(`meal_id`, `recipe_id`) VALUES ('351','3');
INSERT INTO `creates`(`meal_id`, `recipe_id`) VALUES ('352','5');
INSERT INTO `creates`(`meal_id`, `recipe_id`) VALUES ('352','2');
INSERT INTO `creates`(`meal_id`, `recipe_id`) VALUES ('352','1');
INSERT INTO `creates`(`meal_id`, `recipe_id`) VALUES ('352','3');
INSERT INTO `creates`(`meal_id`, `recipe_id`) VALUES ('352','9');
INSERT INTO `creates`(`meal_id`, `recipe_id`) VALUES ('352','7');
INSERT INTO `creates`(`meal_id`, `recipe_id`) VALUES ('352','0');
INSERT INTO `creates`(`meal_id`, `recipe_id`) VALUES ('352','6');
INSERT INTO `creates`(`meal_id`, `recipe_id`) VALUES ('353','4');
INSERT INTO `creates`(`meal_id`, `recipe_id`) VALUES ('353','7');
INSERT INTO `creates`(`meal_id`, `recipe_id`) VALUES ('353','6');
INSERT INTO `creates`(`meal_id`, `recipe_id`) VALUES ('353','8');
INSERT INTO `creates`(`meal_id`, `recipe_id`) VALUES ('354','7');
INSERT INTO `creates`(`meal_id`, `recipe_id`) VALUES ('354','6');
INSERT INTO `creates`(`meal_id`, `recipe_id`) VALUES ('354','1');
INSERT INTO `creates`(`meal_id`, `recipe_id`) VALUES ('354','9');
INSERT INTO `creates`(`meal_id`, `recipe_id`) VALUES ('354','8');
INSERT INTO `creates`(`meal_id`, `recipe_id`) VALUES ('355','5');
INSERT INTO `creates`(`meal_id`, `recipe_id`) VALUES ('355','2');
INSERT INTO `creates`(`meal_id`, `recipe_id`) VALUES ('355','7');
INSERT INTO `creates`(`meal_id`, `recipe_id`) VALUES ('356','9');
INSERT INTO `creates`(`meal_id`, `recipe_id`) VALUES ('357','4');
INSERT INTO `creates`(`meal_id`, `recipe_id`) VALUES ('358','9');
INSERT INTO `creates`(`meal_id`, `recipe_id`) VALUES ('358','5');
INSERT INTO `creates`(`meal_id`, `recipe_id`) VALUES ('358','8');
INSERT INTO `creates`(`meal_id`, `recipe_id`) VALUES ('358','2');
INSERT INTO `creates`(`meal_id`, `recipe_id`) VALUES ('358','0');
INSERT INTO `creates`(`meal_id`, `recipe_id`) VALUES ('359','6');
INSERT INTO `creates`(`meal_id`, `recipe_id`) VALUES ('359','0');
INSERT INTO `creates`(`meal_id`, `recipe_id`) VALUES ('359','2');
INSERT INTO `creates`(`meal_id`, `recipe_id`) VALUES ('359','1');
INSERT INTO `creates`(`meal_id`, `recipe_id`) VALUES ('360','5');
INSERT INTO `creates`(`meal_id`, `recipe_id`) VALUES ('360','6');
INSERT INTO `creates`(`meal_id`, `recipe_id`) VALUES ('360','3');
INSERT INTO `creates`(`meal_id`, `recipe_id`) VALUES ('360','7');
INSERT INTO `creates`(`meal_id`, `recipe_id`) VALUES ('360','2');
INSERT INTO `creates`(`meal_id`, `recipe_id`) VALUES ('360','9');
INSERT INTO `creates`(`meal_id`, `recipe_id`) VALUES ('360','8');
INSERT INTO `creates`(`meal_id`, `recipe_id`) VALUES ('360','4');
INSERT INTO `creates`(`meal_id`, `recipe_id`) VALUES ('360','1');
INSERT INTO `creates`(`meal_id`, `recipe_id`) VALUES ('361','9');
INSERT INTO `creates`(`meal_id`, `recipe_id`) VALUES ('361','5');
INSERT INTO `creates`(`meal_id`, `recipe_id`) VALUES ('362','0');
INSERT INTO `creates`(`meal_id`, `recipe_id`) VALUES ('362','3');
INSERT INTO `creates`(`meal_id`, `recipe_id`) VALUES ('362','4');
INSERT INTO `creates`(`meal_id`, `recipe_id`) VALUES ('362','6');
INSERT INTO `creates`(`meal_id`, `recipe_id`) VALUES ('362','2');
INSERT INTO `creates`(`meal_id`, `recipe_id`) VALUES ('362','8');
INSERT INTO `creates`(`meal_id`, `recipe_id`) VALUES ('362','9');
INSERT INTO `creates`(`meal_id`, `recipe_id`) VALUES ('363','9');
INSERT INTO `creates`(`meal_id`, `recipe_id`) VALUES ('364','9');
INSERT INTO `creates`(`meal_id`, `recipe_id`) VALUES ('364','5');
INSERT INTO `creates`(`meal_id`, `recipe_id`) VALUES ('364','4');
INSERT INTO `creates`(`meal_id`, `recipe_id`) VALUES ('364','6');
INSERT INTO `creates`(`meal_id`, `recipe_id`) VALUES ('364','0');
INSERT INTO `creates`(`meal_id`, `recipe_id`) VALUES ('364','3');
INSERT INTO `creates`(`meal_id`, `recipe_id`) VALUES ('364','1');
INSERT INTO `creates`(`meal_id`, `recipe_id`) VALUES ('365','0');
INSERT INTO `creates`(`meal_id`, `recipe_id`) VALUES ('365','5');
INSERT INTO `creates`(`meal_id`, `recipe_id`) VALUES ('366','0');
INSERT INTO `creates`(`meal_id`, `recipe_id`) VALUES ('366','9');
INSERT INTO `creates`(`meal_id`, `recipe_id`) VALUES ('366','3');
INSERT INTO `creates`(`meal_id`, `recipe_id`) VALUES ('366','4');
INSERT INTO `creates`(`meal_id`, `recipe_id`) VALUES ('367','6');
INSERT INTO `creates`(`meal_id`, `recipe_id`) VALUES ('367','4');
INSERT INTO `creates`(`meal_id`, `recipe_id`) VALUES ('368','6');
INSERT INTO `creates`(`meal_id`, `recipe_id`) VALUES ('369','5');
INSERT INTO `creates`(`meal_id`, `recipe_id`) VALUES ('369','3');
INSERT INTO `creates`(`meal_id`, `recipe_id`) VALUES ('370','5');
INSERT INTO `creates`(`meal_id`, `recipe_id`) VALUES ('370','2');
INSERT INTO `creates`(`meal_id`, `recipe_id`) VALUES ('370','8');
INSERT INTO `creates`(`meal_id`, `recipe_id`) VALUES ('370','6');
INSERT INTO `creates`(`meal_id`, `recipe_id`) VALUES ('370','9');
INSERT INTO `creates`(`meal_id`, `recipe_id`) VALUES ('370','1');
INSERT INTO `creates`(`meal_id`, `recipe_id`) VALUES ('370','4');
INSERT INTO `creates`(`meal_id`, `recipe_id`) VALUES ('370','7');
INSERT INTO `creates`(`meal_id`, `recipe_id`) VALUES ('370','3');
INSERT INTO `creates`(`meal_id`, `recipe_id`) VALUES ('372','9');
INSERT INTO `creates`(`meal_id`, `recipe_id`) VALUES ('373','6');
INSERT INTO `creates`(`meal_id`, `recipe_id`) VALUES ('373','8');
INSERT INTO `creates`(`meal_id`, `recipe_id`) VALUES ('373','9');
INSERT INTO `creates`(`meal_id`, `recipe_id`) VALUES ('373','2');
INSERT INTO `creates`(`meal_id`, `recipe_id`) VALUES ('373','4');
INSERT INTO `creates`(`meal_id`, `recipe_id`) VALUES ('373','5');
INSERT INTO `creates`(`meal_id`, `recipe_id`) VALUES ('373','1');
INSERT INTO `creates`(`meal_id`, `recipe_id`) VALUES ('373','3');
INSERT INTO `creates`(`meal_id`, `recipe_id`) VALUES ('374','3');
INSERT INTO `creates`(`meal_id`, `recipe_id`) VALUES ('374','9');
INSERT INTO `creates`(`meal_id`, `recipe_id`) VALUES ('374','0');
INSERT INTO `creates`(`meal_id`, `recipe_id`) VALUES ('375','2');
INSERT INTO `creates`(`meal_id`, `recipe_id`) VALUES ('375','6');
INSERT INTO `creates`(`meal_id`, `recipe_id`) VALUES ('375','9');
INSERT INTO `creates`(`meal_id`, `recipe_id`) VALUES ('375','4');
INSERT INTO `creates`(`meal_id`, `recipe_id`) VALUES ('375','7');
INSERT INTO `creates`(`meal_id`, `recipe_id`) VALUES ('375','0');
INSERT INTO `creates`(`meal_id`, `recipe_id`) VALUES ('376','5');
INSERT INTO `creates`(`meal_id`, `recipe_id`) VALUES ('377','2');
INSERT INTO `creates`(`meal_id`, `recipe_id`) VALUES ('377','5');
INSERT INTO `creates`(`meal_id`, `recipe_id`) VALUES ('377','4');
INSERT INTO `creates`(`meal_id`, `recipe_id`) VALUES ('378','9');
INSERT INTO `creates`(`meal_id`, `recipe_id`) VALUES ('378','1');
INSERT INTO `creates`(`meal_id`, `recipe_id`) VALUES ('379','7');
INSERT INTO `creates`(`meal_id`, `recipe_id`) VALUES ('379','8');
INSERT INTO `creates`(`meal_id`, `recipe_id`) VALUES ('379','2');
INSERT INTO `creates`(`meal_id`, `recipe_id`) VALUES ('379','4');
INSERT INTO `creates`(`meal_id`, `recipe_id`) VALUES ('379','3');
INSERT INTO `creates`(`meal_id`, `recipe_id`) VALUES ('379','1');
INSERT INTO `creates`(`meal_id`, `recipe_id`) VALUES ('379','5');
INSERT INTO `creates`(`meal_id`, `recipe_id`) VALUES ('380','6');
INSERT INTO `creates`(`meal_id`, `recipe_id`) VALUES ('380','9');
INSERT INTO `creates`(`meal_id`, `recipe_id`) VALUES ('380','2');
INSERT INTO `creates`(`meal_id`, `recipe_id`) VALUES ('380','0');
INSERT INTO `creates`(`meal_id`, `recipe_id`) VALUES ('380','4');
INSERT INTO `creates`(`meal_id`, `recipe_id`) VALUES ('382','8');
INSERT INTO `creates`(`meal_id`, `recipe_id`) VALUES ('382','4');
INSERT INTO `creates`(`meal_id`, `recipe_id`) VALUES ('382','6');
INSERT INTO `creates`(`meal_id`, `recipe_id`) VALUES ('382','5');
INSERT INTO `creates`(`meal_id`, `recipe_id`) VALUES ('383','3');
INSERT INTO `creates`(`meal_id`, `recipe_id`) VALUES ('384','6');
INSERT INTO `creates`(`meal_id`, `recipe_id`) VALUES ('384','0');
INSERT INTO `creates`(`meal_id`, `recipe_id`) VALUES ('384','8');
INSERT INTO `creates`(`meal_id`, `recipe_id`) VALUES ('385','1');
INSERT INTO `creates`(`meal_id`, `recipe_id`) VALUES ('385','2');
INSERT INTO `creates`(`meal_id`, `recipe_id`) VALUES ('385','7');
INSERT INTO `creates`(`meal_id`, `recipe_id`) VALUES ('385','3');
INSERT INTO `creates`(`meal_id`, `recipe_id`) VALUES ('385','4');
INSERT INTO `creates`(`meal_id`, `recipe_id`) VALUES ('385','6');
INSERT INTO `creates`(`meal_id`, `recipe_id`) VALUES ('385','0');
INSERT INTO `creates`(`meal_id`, `recipe_id`) VALUES ('386','9');
INSERT INTO `creates`(`meal_id`, `recipe_id`) VALUES ('386','2');
INSERT INTO `creates`(`meal_id`, `recipe_id`) VALUES ('386','7');
INSERT INTO `creates`(`meal_id`, `recipe_id`) VALUES ('387','1');
INSERT INTO `creates`(`meal_id`, `recipe_id`) VALUES ('387','8');
INSERT INTO `creates`(`meal_id`, `recipe_id`) VALUES ('388','9');
INSERT INTO `creates`(`meal_id`, `recipe_id`) VALUES ('388','5');
INSERT INTO `creates`(`meal_id`, `recipe_id`) VALUES ('388','4');
INSERT INTO `creates`(`meal_id`, `recipe_id`) VALUES ('388','2');
INSERT INTO `creates`(`meal_id`, `recipe_id`) VALUES ('388','8');
INSERT INTO `creates`(`meal_id`, `recipe_id`) VALUES ('388','0');
INSERT INTO `creates`(`meal_id`, `recipe_id`) VALUES ('389','1');
INSERT INTO `creates`(`meal_id`, `recipe_id`) VALUES ('389','5');
INSERT INTO `creates`(`meal_id`, `recipe_id`) VALUES ('389','3');
INSERT INTO `creates`(`meal_id`, `recipe_id`) VALUES ('389','9');
INSERT INTO `creates`(`meal_id`, `recipe_id`) VALUES ('389','4');
INSERT INTO `creates`(`meal_id`, `recipe_id`) VALUES ('389','0');
INSERT INTO `creates`(`meal_id`, `recipe_id`) VALUES ('389','7');
INSERT INTO `creates`(`meal_id`, `recipe_id`) VALUES ('389','2');
INSERT INTO `creates`(`meal_id`, `recipe_id`) VALUES ('390','1');
INSERT INTO `creates`(`meal_id`, `recipe_id`) VALUES ('390','8');
INSERT INTO `creates`(`meal_id`, `recipe_id`) VALUES ('390','0');
INSERT INTO `creates`(`meal_id`, `recipe_id`) VALUES ('390','2');
INSERT INTO `creates`(`meal_id`, `recipe_id`) VALUES ('390','6');
INSERT INTO `creates`(`meal_id`, `recipe_id`) VALUES ('390','7');
INSERT INTO `creates`(`meal_id`, `recipe_id`) VALUES ('391','9');
INSERT INTO `creates`(`meal_id`, `recipe_id`) VALUES ('391','1');
INSERT INTO `creates`(`meal_id`, `recipe_id`) VALUES ('392','8');
INSERT INTO `creates`(`meal_id`, `recipe_id`) VALUES ('392','2');
INSERT INTO `creates`(`meal_id`, `recipe_id`) VALUES ('392','0');
INSERT INTO `creates`(`meal_id`, `recipe_id`) VALUES ('392','9');
INSERT INTO `creates`(`meal_id`, `recipe_id`) VALUES ('392','7');
INSERT INTO `creates`(`meal_id`, `recipe_id`) VALUES ('392','3');
INSERT INTO `creates`(`meal_id`, `recipe_id`) VALUES ('392','4');
INSERT INTO `creates`(`meal_id`, `recipe_id`) VALUES ('394','0');
INSERT INTO `creates`(`meal_id`, `recipe_id`) VALUES ('394','4');
INSERT INTO `creates`(`meal_id`, `recipe_id`) VALUES ('395','4');
INSERT INTO `creates`(`meal_id`, `recipe_id`) VALUES ('395','7');
INSERT INTO `creates`(`meal_id`, `recipe_id`) VALUES ('395','8');
INSERT INTO `creates`(`meal_id`, `recipe_id`) VALUES ('395','6');
INSERT INTO `creates`(`meal_id`, `recipe_id`) VALUES ('395','5');
INSERT INTO `creates`(`meal_id`, `recipe_id`) VALUES ('395','0');
INSERT INTO `creates`(`meal_id`, `recipe_id`) VALUES ('395','9');
INSERT INTO `creates`(`meal_id`, `recipe_id`) VALUES ('395','1');
INSERT INTO `creates`(`meal_id`, `recipe_id`) VALUES ('395','3');
INSERT INTO `creates`(`meal_id`, `recipe_id`) VALUES ('396','1');
INSERT INTO `creates`(`meal_id`, `recipe_id`) VALUES ('397','1');
INSERT INTO `creates`(`meal_id`, `recipe_id`) VALUES ('397','7');
INSERT INTO `creates`(`meal_id`, `recipe_id`) VALUES ('397','4');
INSERT INTO `creates`(`meal_id`, `recipe_id`) VALUES ('397','5');
INSERT INTO `creates`(`meal_id`, `recipe_id`) VALUES ('397','2');
INSERT INTO `creates`(`meal_id`, `recipe_id`) VALUES ('398','8');
INSERT INTO `creates`(`meal_id`, `recipe_id`) VALUES ('398','3');
INSERT INTO `creates`(`meal_id`, `recipe_id`) VALUES ('398','5');
INSERT INTO `creates`(`meal_id`, `recipe_id`) VALUES ('398','6');
INSERT INTO `creates`(`meal_id`, `recipe_id`) VALUES ('398','9');
INSERT INTO `creates`(`meal_id`, `recipe_id`) VALUES ('399','1');
INSERT INTO `creates`(`meal_id`, `recipe_id`) VALUES ('399','3');
INSERT INTO `creates`(`meal_id`, `recipe_id`) VALUES ('400','5');
INSERT INTO `creates`(`meal_id`, `recipe_id`) VALUES ('400','1');
INSERT INTO `creates`(`meal_id`, `recipe_id`) VALUES ('400','9');
INSERT INTO `creates`(`meal_id`, `recipe_id`) VALUES ('400','4');
INSERT INTO `creates`(`meal_id`, `recipe_id`) VALUES ('400','3');
INSERT INTO `creates`(`meal_id`, `recipe_id`) VALUES ('401','8');
INSERT INTO `creates`(`meal_id`, `recipe_id`) VALUES ('401','6');
INSERT INTO `creates`(`meal_id`, `recipe_id`) VALUES ('401','9');
INSERT INTO `creates`(`meal_id`, `recipe_id`) VALUES ('401','4');
INSERT INTO `creates`(`meal_id`, `recipe_id`) VALUES ('401','5');
INSERT INTO `creates`(`meal_id`, `recipe_id`) VALUES ('401','1');
INSERT INTO `creates`(`meal_id`, `recipe_id`) VALUES ('401','0');
INSERT INTO `creates`(`meal_id`, `recipe_id`) VALUES ('401','7');
INSERT INTO `creates`(`meal_id`, `recipe_id`) VALUES ('401','3');
INSERT INTO `creates`(`meal_id`, `recipe_id`) VALUES ('402','9');
INSERT INTO `creates`(`meal_id`, `recipe_id`) VALUES ('403','1');
INSERT INTO `creates`(`meal_id`, `recipe_id`) VALUES ('403','6');
INSERT INTO `creates`(`meal_id`, `recipe_id`) VALUES ('403','8');
INSERT INTO `creates`(`meal_id`, `recipe_id`) VALUES ('403','3');
INSERT INTO `creates`(`meal_id`, `recipe_id`) VALUES ('404','8');
INSERT INTO `creates`(`meal_id`, `recipe_id`) VALUES ('405','6');
INSERT INTO `creates`(`meal_id`, `recipe_id`) VALUES ('405','9');
INSERT INTO `creates`(`meal_id`, `recipe_id`) VALUES ('405','1');
INSERT INTO `creates`(`meal_id`, `recipe_id`) VALUES ('405','0');
INSERT INTO `creates`(`meal_id`, `recipe_id`) VALUES ('405','2');
INSERT INTO `creates`(`meal_id`, `recipe_id`) VALUES ('406','6');
INSERT INTO `creates`(`meal_id`, `recipe_id`) VALUES ('406','0');
INSERT INTO `creates`(`meal_id`, `recipe_id`) VALUES ('406','9');
INSERT INTO `creates`(`meal_id`, `recipe_id`) VALUES ('406','1');
INSERT INTO `creates`(`meal_id`, `recipe_id`) VALUES ('406','3');
INSERT INTO `creates`(`meal_id`, `recipe_id`) VALUES ('406','5');
INSERT INTO `creates`(`meal_id`, `recipe_id`) VALUES ('406','4');
INSERT INTO `creates`(`meal_id`, `recipe_id`) VALUES ('406','8');
INSERT INTO `creates`(`meal_id`, `recipe_id`) VALUES ('406','2');
INSERT INTO `creates`(`meal_id`, `recipe_id`) VALUES ('407','2');
INSERT INTO `creates`(`meal_id`, `recipe_id`) VALUES ('407','0');
INSERT INTO `creates`(`meal_id`, `recipe_id`) VALUES ('407','9');
INSERT INTO `creates`(`meal_id`, `recipe_id`) VALUES ('407','5');
INSERT INTO `creates`(`meal_id`, `recipe_id`) VALUES ('408','6');
INSERT INTO `creates`(`meal_id`, `recipe_id`) VALUES ('409','6');
INSERT INTO `creates`(`meal_id`, `recipe_id`) VALUES ('409','2');
INSERT INTO `creates`(`meal_id`, `recipe_id`) VALUES ('410','2');
INSERT INTO `creates`(`meal_id`, `recipe_id`) VALUES ('410','9');
INSERT INTO `creates`(`meal_id`, `recipe_id`) VALUES ('410','1');
INSERT INTO `creates`(`meal_id`, `recipe_id`) VALUES ('410','6');
INSERT INTO `creates`(`meal_id`, `recipe_id`) VALUES ('410','5');
INSERT INTO `creates`(`meal_id`, `recipe_id`) VALUES ('410','7');
INSERT INTO `creates`(`meal_id`, `recipe_id`) VALUES ('411','7');
INSERT INTO `creates`(`meal_id`, `recipe_id`) VALUES ('411','5');
INSERT INTO `creates`(`meal_id`, `recipe_id`) VALUES ('411','6');
INSERT INTO `creates`(`meal_id`, `recipe_id`) VALUES ('411','2');
INSERT INTO `creates`(`meal_id`, `recipe_id`) VALUES ('411','1');
INSERT INTO `creates`(`meal_id`, `recipe_id`) VALUES ('412','8');
INSERT INTO `creates`(`meal_id`, `recipe_id`) VALUES ('412','2');
INSERT INTO `creates`(`meal_id`, `recipe_id`) VALUES ('414','2');
INSERT INTO `creates`(`meal_id`, `recipe_id`) VALUES ('415','1');
INSERT INTO `creates`(`meal_id`, `recipe_id`) VALUES ('415','7');
INSERT INTO `creates`(`meal_id`, `recipe_id`) VALUES ('415','8');
INSERT INTO `creates`(`meal_id`, `recipe_id`) VALUES ('415','6');
INSERT INTO `creates`(`meal_id`, `recipe_id`) VALUES ('415','2');
INSERT INTO `creates`(`meal_id`, `recipe_id`) VALUES ('415','4');
INSERT INTO `creates`(`meal_id`, `recipe_id`) VALUES ('415','3');
INSERT INTO `creates`(`meal_id`, `recipe_id`) VALUES ('415','0');
INSERT INTO `creates`(`meal_id`, `recipe_id`) VALUES ('415','9');
INSERT INTO `creates`(`meal_id`, `recipe_id`) VALUES ('416','6');
INSERT INTO `creates`(`meal_id`, `recipe_id`) VALUES ('416','2');
INSERT INTO `creates`(`meal_id`, `recipe_id`) VALUES ('416','1');
INSERT INTO `creates`(`meal_id`, `recipe_id`) VALUES ('416','9');
INSERT INTO `creates`(`meal_id`, `recipe_id`) VALUES ('416','0');
INSERT INTO `creates`(`meal_id`, `recipe_id`) VALUES ('416','5');
INSERT INTO `creates`(`meal_id`, `recipe_id`) VALUES ('416','7');
INSERT INTO `creates`(`meal_id`, `recipe_id`) VALUES ('416','8');
INSERT INTO `creates`(`meal_id`, `recipe_id`) VALUES ('417','4');
INSERT INTO `creates`(`meal_id`, `recipe_id`) VALUES ('417','9');
INSERT INTO `creates`(`meal_id`, `recipe_id`) VALUES ('417','6');
INSERT INTO `creates`(`meal_id`, `recipe_id`) VALUES ('417','1');
INSERT INTO `creates`(`meal_id`, `recipe_id`) VALUES ('417','8');
INSERT INTO `creates`(`meal_id`, `recipe_id`) VALUES ('417','7');
INSERT INTO `creates`(`meal_id`, `recipe_id`) VALUES ('417','5');
INSERT INTO `creates`(`meal_id`, `recipe_id`) VALUES ('417','3');
INSERT INTO `creates`(`meal_id`, `recipe_id`) VALUES ('417','2');
INSERT INTO `creates`(`meal_id`, `recipe_id`) VALUES ('418','8');
INSERT INTO `creates`(`meal_id`, `recipe_id`) VALUES ('418','7');
INSERT INTO `creates`(`meal_id`, `recipe_id`) VALUES ('419','6');
INSERT INTO `creates`(`meal_id`, `recipe_id`) VALUES ('419','0');
INSERT INTO `creates`(`meal_id`, `recipe_id`) VALUES ('419','4');
INSERT INTO `creates`(`meal_id`, `recipe_id`) VALUES ('419','1');
INSERT INTO `creates`(`meal_id`, `recipe_id`) VALUES ('419','5');
INSERT INTO `creates`(`meal_id`, `recipe_id`) VALUES ('419','8');
INSERT INTO `creates`(`meal_id`, `recipe_id`) VALUES ('419','9');
INSERT INTO `creates`(`meal_id`, `recipe_id`) VALUES ('420','8');
INSERT INTO `creates`(`meal_id`, `recipe_id`) VALUES ('420','1');
INSERT INTO `creates`(`meal_id`, `recipe_id`) VALUES ('420','4');
INSERT INTO `creates`(`meal_id`, `recipe_id`) VALUES ('420','0');
INSERT INTO `creates`(`meal_id`, `recipe_id`) VALUES ('420','7');
INSERT INTO `creates`(`meal_id`, `recipe_id`) VALUES ('420','6');
INSERT INTO `creates`(`meal_id`, `recipe_id`) VALUES ('421','4');
INSERT INTO `creates`(`meal_id`, `recipe_id`) VALUES ('421','0');
INSERT INTO `creates`(`meal_id`, `recipe_id`) VALUES ('421','5');
INSERT INTO `creates`(`meal_id`, `recipe_id`) VALUES ('421','8');
INSERT INTO `creates`(`meal_id`, `recipe_id`) VALUES ('422','6');
INSERT INTO `creates`(`meal_id`, `recipe_id`) VALUES ('422','8');
INSERT INTO `creates`(`meal_id`, `recipe_id`) VALUES ('422','9');
INSERT INTO `creates`(`meal_id`, `recipe_id`) VALUES ('423','7');
INSERT INTO `creates`(`meal_id`, `recipe_id`) VALUES ('423','0');
INSERT INTO `creates`(`meal_id`, `recipe_id`) VALUES ('423','1');
INSERT INTO `creates`(`meal_id`, `recipe_id`) VALUES ('423','9');
INSERT INTO `creates`(`meal_id`, `recipe_id`) VALUES ('423','8');
INSERT INTO `creates`(`meal_id`, `recipe_id`) VALUES ('423','2');
INSERT INTO `creates`(`meal_id`, `recipe_id`) VALUES ('423','4');
INSERT INTO `creates`(`meal_id`, `recipe_id`) VALUES ('423','5');
INSERT INTO `creates`(`meal_id`, `recipe_id`) VALUES ('423','6');
INSERT INTO `creates`(`meal_id`, `recipe_id`) VALUES ('424','6');
INSERT INTO `creates`(`meal_id`, `recipe_id`) VALUES ('424','1');
INSERT INTO `creates`(`meal_id`, `recipe_id`) VALUES ('424','7');
INSERT INTO `creates`(`meal_id`, `recipe_id`) VALUES ('424','5');
INSERT INTO `creates`(`meal_id`, `recipe_id`) VALUES ('424','4');
INSERT INTO `creates`(`meal_id`, `recipe_id`) VALUES ('424','2');
INSERT INTO `creates`(`meal_id`, `recipe_id`) VALUES ('424','8');
INSERT INTO `creates`(`meal_id`, `recipe_id`) VALUES ('425','9');
INSERT INTO `creates`(`meal_id`, `recipe_id`) VALUES ('425','2');
INSERT INTO `creates`(`meal_id`, `recipe_id`) VALUES ('425','5');
INSERT INTO `creates`(`meal_id`, `recipe_id`) VALUES ('425','7');
INSERT INTO `creates`(`meal_id`, `recipe_id`) VALUES ('425','3');
INSERT INTO `creates`(`meal_id`, `recipe_id`) VALUES ('425','4');
INSERT INTO `creates`(`meal_id`, `recipe_id`) VALUES ('425','1');
INSERT INTO `creates`(`meal_id`, `recipe_id`) VALUES ('426','8');
INSERT INTO `creates`(`meal_id`, `recipe_id`) VALUES ('426','0');
INSERT INTO `creates`(`meal_id`, `recipe_id`) VALUES ('426','9');
INSERT INTO `creates`(`meal_id`, `recipe_id`) VALUES ('427','5');
INSERT INTO `creates`(`meal_id`, `recipe_id`) VALUES ('427','1');
INSERT INTO `creates`(`meal_id`, `recipe_id`) VALUES ('427','7');
INSERT INTO `creates`(`meal_id`, `recipe_id`) VALUES ('427','6');
INSERT INTO `creates`(`meal_id`, `recipe_id`) VALUES ('428','6');
INSERT INTO `creates`(`meal_id`, `recipe_id`) VALUES ('428','8');
INSERT INTO `creates`(`meal_id`, `recipe_id`) VALUES ('428','3');
INSERT INTO `creates`(`meal_id`, `recipe_id`) VALUES ('428','9');
INSERT INTO `creates`(`meal_id`, `recipe_id`) VALUES ('428','0');
INSERT INTO `creates`(`meal_id`, `recipe_id`) VALUES ('429','9');
INSERT INTO `creates`(`meal_id`, `recipe_id`) VALUES ('429','5');
INSERT INTO `creates`(`meal_id`, `recipe_id`) VALUES ('429','2');
INSERT INTO `creates`(`meal_id`, `recipe_id`) VALUES ('429','0');
INSERT INTO `creates`(`meal_id`, `recipe_id`) VALUES ('429','7');
INSERT INTO `creates`(`meal_id`, `recipe_id`) VALUES ('430','2');
INSERT INTO `creates`(`meal_id`, `recipe_id`) VALUES ('430','0');
INSERT INTO `creates`(`meal_id`, `recipe_id`) VALUES ('430','9');
INSERT INTO `creates`(`meal_id`, `recipe_id`) VALUES ('431','7');
INSERT INTO `creates`(`meal_id`, `recipe_id`) VALUES ('431','3');
INSERT INTO `creates`(`meal_id`, `recipe_id`) VALUES ('431','8');
INSERT INTO `creates`(`meal_id`, `recipe_id`) VALUES ('431','5');
INSERT INTO `creates`(`meal_id`, `recipe_id`) VALUES ('431','4');
INSERT INTO `creates`(`meal_id`, `recipe_id`) VALUES ('432','1');
INSERT INTO `creates`(`meal_id`, `recipe_id`) VALUES ('432','3');
INSERT INTO `creates`(`meal_id`, `recipe_id`) VALUES ('432','6');
INSERT INTO `creates`(`meal_id`, `recipe_id`) VALUES ('433','8');
INSERT INTO `creates`(`meal_id`, `recipe_id`) VALUES ('433','7');
INSERT INTO `creates`(`meal_id`, `recipe_id`) VALUES ('434','1');
INSERT INTO `creates`(`meal_id`, `recipe_id`) VALUES ('434','0');
INSERT INTO `creates`(`meal_id`, `recipe_id`) VALUES ('434','9');
INSERT INTO `creates`(`meal_id`, `recipe_id`) VALUES ('434','2');
INSERT INTO `creates`(`meal_id`, `recipe_id`) VALUES ('434','7');
INSERT INTO `creates`(`meal_id`, `recipe_id`) VALUES ('434','3');
INSERT INTO `creates`(`meal_id`, `recipe_id`) VALUES ('435','6');
INSERT INTO `creates`(`meal_id`, `recipe_id`) VALUES ('435','2');
INSERT INTO `creates`(`meal_id`, `recipe_id`) VALUES ('435','0');
INSERT INTO `creates`(`meal_id`, `recipe_id`) VALUES ('435','8');
INSERT INTO `creates`(`meal_id`, `recipe_id`) VALUES ('435','9');
INSERT INTO `creates`(`meal_id`, `recipe_id`) VALUES ('435','4');
INSERT INTO `creates`(`meal_id`, `recipe_id`) VALUES ('435','7');
INSERT INTO `creates`(`meal_id`, `recipe_id`) VALUES ('436','0');
INSERT INTO `creates`(`meal_id`, `recipe_id`) VALUES ('436','3');
INSERT INTO `creates`(`meal_id`, `recipe_id`) VALUES ('436','5');
INSERT INTO `creates`(`meal_id`, `recipe_id`) VALUES ('436','8');
INSERT INTO `creates`(`meal_id`, `recipe_id`) VALUES ('437','6');
INSERT INTO `creates`(`meal_id`, `recipe_id`) VALUES ('438','2');
INSERT INTO `creates`(`meal_id`, `recipe_id`) VALUES ('438','5');
INSERT INTO `creates`(`meal_id`, `recipe_id`) VALUES ('438','9');
INSERT INTO `creates`(`meal_id`, `recipe_id`) VALUES ('438','6');
INSERT INTO `creates`(`meal_id`, `recipe_id`) VALUES ('438','1');
INSERT INTO `creates`(`meal_id`, `recipe_id`) VALUES ('439','0');
INSERT INTO `creates`(`meal_id`, `recipe_id`) VALUES ('440','0');
INSERT INTO `creates`(`meal_id`, `recipe_id`) VALUES ('440','3');
INSERT INTO `creates`(`meal_id`, `recipe_id`) VALUES ('440','6');
INSERT INTO `creates`(`meal_id`, `recipe_id`) VALUES ('441','1');
INSERT INTO `creates`(`meal_id`, `recipe_id`) VALUES ('441','4');
INSERT INTO `creates`(`meal_id`, `recipe_id`) VALUES ('442','9');
INSERT INTO `creates`(`meal_id`, `recipe_id`) VALUES ('442','1');
INSERT INTO `creates`(`meal_id`, `recipe_id`) VALUES ('442','4');
INSERT INTO `creates`(`meal_id`, `recipe_id`) VALUES ('442','6');
INSERT INTO `creates`(`meal_id`, `recipe_id`) VALUES ('442','7');
INSERT INTO `creates`(`meal_id`, `recipe_id`) VALUES ('442','5');
INSERT INTO `creates`(`meal_id`, `recipe_id`) VALUES ('443','2');
INSERT INTO `creates`(`meal_id`, `recipe_id`) VALUES ('443','3');
INSERT INTO `creates`(`meal_id`, `recipe_id`) VALUES ('443','8');
INSERT INTO `creates`(`meal_id`, `recipe_id`) VALUES ('444','2');
INSERT INTO `creates`(`meal_id`, `recipe_id`) VALUES ('444','0');
INSERT INTO `creates`(`meal_id`, `recipe_id`) VALUES ('444','9');
INSERT INTO `creates`(`meal_id`, `recipe_id`) VALUES ('445','6');
INSERT INTO `creates`(`meal_id`, `recipe_id`) VALUES ('445','8');
INSERT INTO `creates`(`meal_id`, `recipe_id`) VALUES ('445','4');
INSERT INTO `creates`(`meal_id`, `recipe_id`) VALUES ('445','7');
INSERT INTO `creates`(`meal_id`, `recipe_id`) VALUES ('446','7');
INSERT INTO `creates`(`meal_id`, `recipe_id`) VALUES ('446','3');
INSERT INTO `creates`(`meal_id`, `recipe_id`) VALUES ('446','5');
INSERT INTO `creates`(`meal_id`, `recipe_id`) VALUES ('446','1');
INSERT INTO `creates`(`meal_id`, `recipe_id`) VALUES ('447','3');
INSERT INTO `creates`(`meal_id`, `recipe_id`) VALUES ('447','6');
INSERT INTO `creates`(`meal_id`, `recipe_id`) VALUES ('447','1');
INSERT INTO `creates`(`meal_id`, `recipe_id`) VALUES ('447','7');
INSERT INTO `creates`(`meal_id`, `recipe_id`) VALUES ('448','6');
INSERT INTO `creates`(`meal_id`, `recipe_id`) VALUES ('448','7');
INSERT INTO `creates`(`meal_id`, `recipe_id`) VALUES ('448','9');
INSERT INTO `creates`(`meal_id`, `recipe_id`) VALUES ('449','0');
INSERT INTO `creates`(`meal_id`, `recipe_id`) VALUES ('449','9');
INSERT INTO `creates`(`meal_id`, `recipe_id`) VALUES ('449','1');
INSERT INTO `creates`(`meal_id`, `recipe_id`) VALUES ('450','6');
INSERT INTO `creates`(`meal_id`, `recipe_id`) VALUES ('450','2');
INSERT INTO `creates`(`meal_id`, `recipe_id`) VALUES ('450','4');
INSERT INTO `creates`(`meal_id`, `recipe_id`) VALUES ('450','8');
INSERT INTO `creates`(`meal_id`, `recipe_id`) VALUES ('450','3');
INSERT INTO `creates`(`meal_id`, `recipe_id`) VALUES ('450','0');
INSERT INTO `creates`(`meal_id`, `recipe_id`) VALUES ('450','7');
INSERT INTO `creates`(`meal_id`, `recipe_id`) VALUES ('450','5');
INSERT INTO `creates`(`meal_id`, `recipe_id`) VALUES ('450','1');
INSERT INTO `creates`(`meal_id`, `recipe_id`) VALUES ('451','3');
INSERT INTO `creates`(`meal_id`, `recipe_id`) VALUES ('451','8');
INSERT INTO `creates`(`meal_id`, `recipe_id`) VALUES ('451','2');
INSERT INTO `creates`(`meal_id`, `recipe_id`) VALUES ('451','4');
INSERT INTO `creates`(`meal_id`, `recipe_id`) VALUES ('451','7');
INSERT INTO `creates`(`meal_id`, `recipe_id`) VALUES ('451','9');
INSERT INTO `creates`(`meal_id`, `recipe_id`) VALUES ('451','5');
INSERT INTO `creates`(`meal_id`, `recipe_id`) VALUES ('451','0');
INSERT INTO `creates`(`meal_id`, `recipe_id`) VALUES ('451','1');
INSERT INTO `creates`(`meal_id`, `recipe_id`) VALUES ('453','2');
INSERT INTO `creates`(`meal_id`, `recipe_id`) VALUES ('454','9');
INSERT INTO `creates`(`meal_id`, `recipe_id`) VALUES ('454','3');
INSERT INTO `creates`(`meal_id`, `recipe_id`) VALUES ('454','6');
INSERT INTO `creates`(`meal_id`, `recipe_id`) VALUES ('454','7');
INSERT INTO `creates`(`meal_id`, `recipe_id`) VALUES ('454','4');
INSERT INTO `creates`(`meal_id`, `recipe_id`) VALUES ('454','8');
INSERT INTO `creates`(`meal_id`, `recipe_id`) VALUES ('454','0');
INSERT INTO `creates`(`meal_id`, `recipe_id`) VALUES ('455','8');
INSERT INTO `creates`(`meal_id`, `recipe_id`) VALUES ('455','5');
INSERT INTO `creates`(`meal_id`, `recipe_id`) VALUES ('456','7');
INSERT INTO `creates`(`meal_id`, `recipe_id`) VALUES ('457','5');
INSERT INTO `creates`(`meal_id`, `recipe_id`) VALUES ('457','3');
INSERT INTO `creates`(`meal_id`, `recipe_id`) VALUES ('457','0');
INSERT INTO `creates`(`meal_id`, `recipe_id`) VALUES ('458','1');
INSERT INTO `creates`(`meal_id`, `recipe_id`) VALUES ('458','7');
INSERT INTO `creates`(`meal_id`, `recipe_id`) VALUES ('460','3');
INSERT INTO `creates`(`meal_id`, `recipe_id`) VALUES ('460','4');
INSERT INTO `creates`(`meal_id`, `recipe_id`) VALUES ('460','7');
INSERT INTO `creates`(`meal_id`, `recipe_id`) VALUES ('460','0');
INSERT INTO `creates`(`meal_id`, `recipe_id`) VALUES ('460','5');
INSERT INTO `creates`(`meal_id`, `recipe_id`) VALUES ('461','3');
INSERT INTO `creates`(`meal_id`, `recipe_id`) VALUES ('461','0');
INSERT INTO `creates`(`meal_id`, `recipe_id`) VALUES ('462','0');
INSERT INTO `creates`(`meal_id`, `recipe_id`) VALUES ('462','7');
INSERT INTO `creates`(`meal_id`, `recipe_id`) VALUES ('462','4');
INSERT INTO `creates`(`meal_id`, `recipe_id`) VALUES ('462','9');
INSERT INTO `creates`(`meal_id`, `recipe_id`) VALUES ('463','7');
INSERT INTO `creates`(`meal_id`, `recipe_id`) VALUES ('463','0');
INSERT INTO `creates`(`meal_id`, `recipe_id`) VALUES ('463','3');
INSERT INTO `creates`(`meal_id`, `recipe_id`) VALUES ('463','5');
INSERT INTO `creates`(`meal_id`, `recipe_id`) VALUES ('463','1');
INSERT INTO `creates`(`meal_id`, `recipe_id`) VALUES ('463','2');
INSERT INTO `creates`(`meal_id`, `recipe_id`) VALUES ('463','9');
INSERT INTO `creates`(`meal_id`, `recipe_id`) VALUES ('463','8');
INSERT INTO `creates`(`meal_id`, `recipe_id`) VALUES ('463','4');
INSERT INTO `creates`(`meal_id`, `recipe_id`) VALUES ('464','9');
INSERT INTO `creates`(`meal_id`, `recipe_id`) VALUES ('464','0');
INSERT INTO `creates`(`meal_id`, `recipe_id`) VALUES ('464','2');
INSERT INTO `creates`(`meal_id`, `recipe_id`) VALUES ('464','3');
INSERT INTO `creates`(`meal_id`, `recipe_id`) VALUES ('464','8');
INSERT INTO `creates`(`meal_id`, `recipe_id`) VALUES ('464','4');
INSERT INTO `creates`(`meal_id`, `recipe_id`) VALUES ('464','6');
INSERT INTO `creates`(`meal_id`, `recipe_id`) VALUES ('464','1');
INSERT INTO `creates`(`meal_id`, `recipe_id`) VALUES ('465','6');
INSERT INTO `creates`(`meal_id`, `recipe_id`) VALUES ('465','1');
INSERT INTO `creates`(`meal_id`, `recipe_id`) VALUES ('465','0');
INSERT INTO `creates`(`meal_id`, `recipe_id`) VALUES ('465','8');
INSERT INTO `creates`(`meal_id`, `recipe_id`) VALUES ('465','2');
INSERT INTO `creates`(`meal_id`, `recipe_id`) VALUES ('465','4');
INSERT INTO `creates`(`meal_id`, `recipe_id`) VALUES ('465','5');
INSERT INTO `creates`(`meal_id`, `recipe_id`) VALUES ('465','9');
INSERT INTO `creates`(`meal_id`, `recipe_id`) VALUES ('466','9');
INSERT INTO `creates`(`meal_id`, `recipe_id`) VALUES ('466','5');
INSERT INTO `creates`(`meal_id`, `recipe_id`) VALUES ('466','6');
INSERT INTO `creates`(`meal_id`, `recipe_id`) VALUES ('466','3');
INSERT INTO `creates`(`meal_id`, `recipe_id`) VALUES ('466','2');
INSERT INTO `creates`(`meal_id`, `recipe_id`) VALUES ('466','8');
INSERT INTO `creates`(`meal_id`, `recipe_id`) VALUES ('466','1');
INSERT INTO `creates`(`meal_id`, `recipe_id`) VALUES ('466','4');
INSERT INTO `creates`(`meal_id`, `recipe_id`) VALUES ('467','2');
INSERT INTO `creates`(`meal_id`, `recipe_id`) VALUES ('467','1');
INSERT INTO `creates`(`meal_id`, `recipe_id`) VALUES ('467','4');
INSERT INTO `creates`(`meal_id`, `recipe_id`) VALUES ('467','3');
INSERT INTO `creates`(`meal_id`, `recipe_id`) VALUES ('467','0');
INSERT INTO `creates`(`meal_id`, `recipe_id`) VALUES ('468','0');
INSERT INTO `creates`(`meal_id`, `recipe_id`) VALUES ('468','2');
INSERT INTO `creates`(`meal_id`, `recipe_id`) VALUES ('468','1');
INSERT INTO `creates`(`meal_id`, `recipe_id`) VALUES ('468','7');
INSERT INTO `creates`(`meal_id`, `recipe_id`) VALUES ('468','5');
INSERT INTO `creates`(`meal_id`, `recipe_id`) VALUES ('468','8');
INSERT INTO `creates`(`meal_id`, `recipe_id`) VALUES ('469','3');
INSERT INTO `creates`(`meal_id`, `recipe_id`) VALUES ('469','5');
INSERT INTO `creates`(`meal_id`, `recipe_id`) VALUES ('469','7');
INSERT INTO `creates`(`meal_id`, `recipe_id`) VALUES ('469','1');
INSERT INTO `creates`(`meal_id`, `recipe_id`) VALUES ('469','0');
INSERT INTO `creates`(`meal_id`, `recipe_id`) VALUES ('470','8');
INSERT INTO `creates`(`meal_id`, `recipe_id`) VALUES ('471','8');
INSERT INTO `creates`(`meal_id`, `recipe_id`) VALUES ('471','1');
INSERT INTO `creates`(`meal_id`, `recipe_id`) VALUES ('471','6');
INSERT INTO `creates`(`meal_id`, `recipe_id`) VALUES ('471','7');
INSERT INTO `creates`(`meal_id`, `recipe_id`) VALUES ('471','4');
INSERT INTO `creates`(`meal_id`, `recipe_id`) VALUES ('471','0');
INSERT INTO `creates`(`meal_id`, `recipe_id`) VALUES ('471','5');
INSERT INTO `creates`(`meal_id`, `recipe_id`) VALUES ('471','9');
INSERT INTO `creates`(`meal_id`, `recipe_id`) VALUES ('471','2');
INSERT INTO `creates`(`meal_id`, `recipe_id`) VALUES ('472','3');
INSERT INTO `creates`(`meal_id`, `recipe_id`) VALUES ('472','0');
INSERT INTO `creates`(`meal_id`, `recipe_id`) VALUES ('472','6');
INSERT INTO `creates`(`meal_id`, `recipe_id`) VALUES ('472','2');
INSERT INTO `creates`(`meal_id`, `recipe_id`) VALUES ('472','7');
INSERT INTO `creates`(`meal_id`, `recipe_id`) VALUES ('472','9');
INSERT INTO `creates`(`meal_id`, `recipe_id`) VALUES ('472','1');
INSERT INTO `creates`(`meal_id`, `recipe_id`) VALUES ('472','5');
INSERT INTO `creates`(`meal_id`, `recipe_id`) VALUES ('472','4');
INSERT INTO `creates`(`meal_id`, `recipe_id`) VALUES ('473','1');
INSERT INTO `creates`(`meal_id`, `recipe_id`) VALUES ('473','2');
INSERT INTO `creates`(`meal_id`, `recipe_id`) VALUES ('473','5');
INSERT INTO `creates`(`meal_id`, `recipe_id`) VALUES ('474','8');
INSERT INTO `creates`(`meal_id`, `recipe_id`) VALUES ('474','0');
INSERT INTO `creates`(`meal_id`, `recipe_id`) VALUES ('475','2');
INSERT INTO `creates`(`meal_id`, `recipe_id`) VALUES ('475','3');
INSERT INTO `creates`(`meal_id`, `recipe_id`) VALUES ('475','8');
INSERT INTO `creates`(`meal_id`, `recipe_id`) VALUES ('475','5');
INSERT INTO `creates`(`meal_id`, `recipe_id`) VALUES ('475','1');
INSERT INTO `creates`(`meal_id`, `recipe_id`) VALUES ('475','0');
INSERT INTO `creates`(`meal_id`, `recipe_id`) VALUES ('475','6');
INSERT INTO `creates`(`meal_id`, `recipe_id`) VALUES ('476','1');
INSERT INTO `creates`(`meal_id`, `recipe_id`) VALUES ('476','0');
INSERT INTO `creates`(`meal_id`, `recipe_id`) VALUES ('476','9');
INSERT INTO `creates`(`meal_id`, `recipe_id`) VALUES ('476','3');
INSERT INTO `creates`(`meal_id`, `recipe_id`) VALUES ('476','7');
INSERT INTO `creates`(`meal_id`, `recipe_id`) VALUES ('476','8');
INSERT INTO `creates`(`meal_id`, `recipe_id`) VALUES ('476','5');
INSERT INTO `creates`(`meal_id`, `recipe_id`) VALUES ('477','2');
INSERT INTO `creates`(`meal_id`, `recipe_id`) VALUES ('477','4');
INSERT INTO `creates`(`meal_id`, `recipe_id`) VALUES ('477','3');
INSERT INTO `creates`(`meal_id`, `recipe_id`) VALUES ('477','6');
INSERT INTO `creates`(`meal_id`, `recipe_id`) VALUES ('477','9');
INSERT INTO `creates`(`meal_id`, `recipe_id`) VALUES ('477','7');
INSERT INTO `creates`(`meal_id`, `recipe_id`) VALUES ('477','0');
INSERT INTO `creates`(`meal_id`, `recipe_id`) VALUES ('478','7');
INSERT INTO `creates`(`meal_id`, `recipe_id`) VALUES ('479','1');
INSERT INTO `creates`(`meal_id`, `recipe_id`) VALUES ('479','4');
INSERT INTO `creates`(`meal_id`, `recipe_id`) VALUES ('479','8');
INSERT INTO `creates`(`meal_id`, `recipe_id`) VALUES ('479','7');
INSERT INTO `creates`(`meal_id`, `recipe_id`) VALUES ('480','1');
INSERT INTO `creates`(`meal_id`, `recipe_id`) VALUES ('480','6');
INSERT INTO `creates`(`meal_id`, `recipe_id`) VALUES ('480','9');
INSERT INTO `creates`(`meal_id`, `recipe_id`) VALUES ('480','5');
INSERT INTO `creates`(`meal_id`, `recipe_id`) VALUES ('480','2');
INSERT INTO `creates`(`meal_id`, `recipe_id`) VALUES ('480','8');
INSERT INTO `creates`(`meal_id`, `recipe_id`) VALUES ('480','4');
INSERT INTO `creates`(`meal_id`, `recipe_id`) VALUES ('480','3');
INSERT INTO `creates`(`meal_id`, `recipe_id`) VALUES ('481','4');
INSERT INTO `creates`(`meal_id`, `recipe_id`) VALUES ('482','7');
INSERT INTO `creates`(`meal_id`, `recipe_id`) VALUES ('483','2');
INSERT INTO `creates`(`meal_id`, `recipe_id`) VALUES ('483','9');
INSERT INTO `creates`(`meal_id`, `recipe_id`) VALUES ('483','5');
INSERT INTO `creates`(`meal_id`, `recipe_id`) VALUES ('483','0');
INSERT INTO `creates`(`meal_id`, `recipe_id`) VALUES ('483','8');
INSERT INTO `creates`(`meal_id`, `recipe_id`) VALUES ('483','1');
INSERT INTO `creates`(`meal_id`, `recipe_id`) VALUES ('484','1');
INSERT INTO `creates`(`meal_id`, `recipe_id`) VALUES ('484','4');
INSERT INTO `creates`(`meal_id`, `recipe_id`) VALUES ('484','5');
INSERT INTO `creates`(`meal_id`, `recipe_id`) VALUES ('485','5');
INSERT INTO `creates`(`meal_id`, `recipe_id`) VALUES ('485','6');
INSERT INTO `creates`(`meal_id`, `recipe_id`) VALUES ('485','4');
INSERT INTO `creates`(`meal_id`, `recipe_id`) VALUES ('486','8');
INSERT INTO `creates`(`meal_id`, `recipe_id`) VALUES ('486','6');
INSERT INTO `creates`(`meal_id`, `recipe_id`) VALUES ('488','9');
INSERT INTO `creates`(`meal_id`, `recipe_id`) VALUES ('488','6');
INSERT INTO `creates`(`meal_id`, `recipe_id`) VALUES ('488','2');
INSERT INTO `creates`(`meal_id`, `recipe_id`) VALUES ('489','0');
INSERT INTO `creates`(`meal_id`, `recipe_id`) VALUES ('489','2');
INSERT INTO `creates`(`meal_id`, `recipe_id`) VALUES ('489','5');
INSERT INTO `creates`(`meal_id`, `recipe_id`) VALUES ('490','9');
INSERT INTO `creates`(`meal_id`, `recipe_id`) VALUES ('490','6');
INSERT INTO `creates`(`meal_id`, `recipe_id`) VALUES ('490','8');
INSERT INTO `creates`(`meal_id`, `recipe_id`) VALUES ('490','4');
INSERT INTO `creates`(`meal_id`, `recipe_id`) VALUES ('490','1');
INSERT INTO `creates`(`meal_id`, `recipe_id`) VALUES ('490','5');
INSERT INTO `creates`(`meal_id`, `recipe_id`) VALUES ('492','1');
INSERT INTO `creates`(`meal_id`, `recipe_id`) VALUES ('492','2');
INSERT INTO `creates`(`meal_id`, `recipe_id`) VALUES ('492','4');
INSERT INTO `creates`(`meal_id`, `recipe_id`) VALUES ('492','5');
INSERT INTO `creates`(`meal_id`, `recipe_id`) VALUES ('492','3');
INSERT INTO `creates`(`meal_id`, `recipe_id`) VALUES ('492','9');
INSERT INTO `creates`(`meal_id`, `recipe_id`) VALUES ('492','0');
INSERT INTO `creates`(`meal_id`, `recipe_id`) VALUES ('492','7');
INSERT INTO `creates`(`meal_id`, `recipe_id`) VALUES ('492','8');
INSERT INTO `creates`(`meal_id`, `recipe_id`) VALUES ('493','7');
INSERT INTO `creates`(`meal_id`, `recipe_id`) VALUES ('493','1');
INSERT INTO `creates`(`meal_id`, `recipe_id`) VALUES ('493','8');
INSERT INTO `creates`(`meal_id`, `recipe_id`) VALUES ('493','4');
INSERT INTO `creates`(`meal_id`, `recipe_id`) VALUES ('493','2');
INSERT INTO `creates`(`meal_id`, `recipe_id`) VALUES ('493','3');
INSERT INTO `creates`(`meal_id`, `recipe_id`) VALUES ('493','5');
INSERT INTO `creates`(`meal_id`, `recipe_id`) VALUES ('493','6');
INSERT INTO `creates`(`meal_id`, `recipe_id`) VALUES ('494','7');
INSERT INTO `creates`(`meal_id`, `recipe_id`) VALUES ('494','6');
INSERT INTO `creates`(`meal_id`, `recipe_id`) VALUES ('494','9');
INSERT INTO `creates`(`meal_id`, `recipe_id`) VALUES ('494','3');
INSERT INTO `creates`(`meal_id`, `recipe_id`) VALUES ('494','8');
INSERT INTO `creates`(`meal_id`, `recipe_id`) VALUES ('495','8');
INSERT INTO `creates`(`meal_id`, `recipe_id`) VALUES ('495','9');
INSERT INTO `creates`(`meal_id`, `recipe_id`) VALUES ('495','3');
INSERT INTO `creates`(`meal_id`, `recipe_id`) VALUES ('495','2');
INSERT INTO `creates`(`meal_id`, `recipe_id`) VALUES ('495','4');
INSERT INTO `creates`(`meal_id`, `recipe_id`) VALUES ('495','1');
INSERT INTO `creates`(`meal_id`, `recipe_id`) VALUES ('496','0');
INSERT INTO `creates`(`meal_id`, `recipe_id`) VALUES ('496','3');
INSERT INTO `creates`(`meal_id`, `recipe_id`) VALUES ('496','8');
INSERT INTO `creates`(`meal_id`, `recipe_id`) VALUES ('496','9');
INSERT INTO `creates`(`meal_id`, `recipe_id`) VALUES ('496','6');
INSERT INTO `creates`(`meal_id`, `recipe_id`) VALUES ('496','7');
INSERT INTO `creates`(`meal_id`, `recipe_id`) VALUES ('496','1');
INSERT INTO `creates`(`meal_id`, `recipe_id`) VALUES ('496','2');
INSERT INTO `creates`(`meal_id`, `recipe_id`) VALUES ('496','5');
INSERT INTO `creates`(`meal_id`, `recipe_id`) VALUES ('497','2');
INSERT INTO `creates`(`meal_id`, `recipe_id`) VALUES ('497','7');
INSERT INTO `creates`(`meal_id`, `recipe_id`) VALUES ('498','8');
INSERT INTO `creates`(`meal_id`, `recipe_id`) VALUES ('498','0');
INSERT INTO `creates`(`meal_id`, `recipe_id`) VALUES ('498','5');
INSERT INTO `creates`(`meal_id`, `recipe_id`) VALUES ('498','2');
INSERT INTO `creates`(`meal_id`, `recipe_id`) VALUES ('498','4');
INSERT INTO `creates`(`meal_id`, `recipe_id`) VALUES ('499','0');


INSERT INTO `meal_plan`(`plan_id`, `meal_id`) VALUES ('2','3');
INSERT INTO `meal_plan`(`plan_id`, `meal_id`) VALUES ('2','188');
INSERT INTO `meal_plan`(`plan_id`, `meal_id`) VALUES ('2','363');
INSERT INTO `meal_plan`(`plan_id`, `meal_id`) VALUES ('5','100');
INSERT INTO `meal_plan`(`plan_id`, `meal_id`) VALUES ('6','144');
INSERT INTO `meal_plan`(`plan_id`, `meal_id`) VALUES ('6','160');
INSERT INTO `meal_plan`(`plan_id`, `meal_id`) VALUES ('6','285');
INSERT INTO `meal_plan`(`plan_id`, `meal_id`) VALUES ('7','156');
INSERT INTO `meal_plan`(`plan_id`, `meal_id`) VALUES ('7','468');
INSERT INTO `meal_plan`(`plan_id`, `meal_id`) VALUES ('7','259');
INSERT INTO `meal_plan`(`plan_id`, `meal_id`) VALUES ('8','346');
INSERT INTO `meal_plan`(`plan_id`, `meal_id`) VALUES ('8','206');
INSERT INTO `meal_plan`(`plan_id`, `meal_id`) VALUES ('8','338');
INSERT INTO `meal_plan`(`plan_id`, `meal_id`) VALUES ('9','288');
INSERT INTO `meal_plan`(`plan_id`, `meal_id`) VALUES ('10','216');
INSERT INTO `meal_plan`(`plan_id`, `meal_id`) VALUES ('10','289');
INSERT INTO `meal_plan`(`plan_id`, `meal_id`) VALUES ('11','382');
INSERT INTO `meal_plan`(`plan_id`, `meal_id`) VALUES ('11','385');
INSERT INTO `meal_plan`(`plan_id`, `meal_id`) VALUES ('12','459');
INSERT INTO `meal_plan`(`plan_id`, `meal_id`) VALUES ('12','245');
INSERT INTO `meal_plan`(`plan_id`, `meal_id`) VALUES ('12','3');
INSERT INTO `meal_plan`(`plan_id`, `meal_id`) VALUES ('13','437');
INSERT INTO `meal_plan`(`plan_id`, `meal_id`) VALUES ('14','116');
INSERT INTO `meal_plan`(`plan_id`, `meal_id`) VALUES ('15','16');
INSERT INTO `meal_plan`(`plan_id`, `meal_id`) VALUES ('16','46');
INSERT INTO `meal_plan`(`plan_id`, `meal_id`) VALUES ('16','204');
INSERT INTO `meal_plan`(`plan_id`, `meal_id`) VALUES ('17','91');
INSERT INTO `meal_plan`(`plan_id`, `meal_id`) VALUES ('18','287');
INSERT INTO `meal_plan`(`plan_id`, `meal_id`) VALUES ('18','156');
INSERT INTO `meal_plan`(`plan_id`, `meal_id`) VALUES ('18','324');
INSERT INTO `meal_plan`(`plan_id`, `meal_id`) VALUES ('19','182');
INSERT INTO `meal_plan`(`plan_id`, `meal_id`) VALUES ('19','446');
INSERT INTO `meal_plan`(`plan_id`, `meal_id`) VALUES ('20','305');
INSERT INTO `meal_plan`(`plan_id`, `meal_id`) VALUES ('22','89');
INSERT INTO `meal_plan`(`plan_id`, `meal_id`) VALUES ('23','422');
INSERT INTO `meal_plan`(`plan_id`, `meal_id`) VALUES ('24','71');
INSERT INTO `meal_plan`(`plan_id`, `meal_id`) VALUES ('24','290');
INSERT INTO `meal_plan`(`plan_id`, `meal_id`) VALUES ('24','70');
INSERT INTO `meal_plan`(`plan_id`, `meal_id`) VALUES ('25','480');
INSERT INTO `meal_plan`(`plan_id`, `meal_id`) VALUES ('25','67');
INSERT INTO `meal_plan`(`plan_id`, `meal_id`) VALUES ('25','51');
INSERT INTO `meal_plan`(`plan_id`, `meal_id`) VALUES ('26','456');
INSERT INTO `meal_plan`(`plan_id`, `meal_id`) VALUES ('27','244');
INSERT INTO `meal_plan`(`plan_id`, `meal_id`) VALUES ('27','30');
INSERT INTO `meal_plan`(`plan_id`, `meal_id`) VALUES ('28','273');
INSERT INTO `meal_plan`(`plan_id`, `meal_id`) VALUES ('28','42');
INSERT INTO `meal_plan`(`plan_id`, `meal_id`) VALUES ('28','230');
INSERT INTO `meal_plan`(`plan_id`, `meal_id`) VALUES ('29','311');
INSERT INTO `meal_plan`(`plan_id`, `meal_id`) VALUES ('29','323');
INSERT INTO `meal_plan`(`plan_id`, `meal_id`) VALUES ('29','21');
INSERT INTO `meal_plan`(`plan_id`, `meal_id`) VALUES ('30','263');
INSERT INTO `meal_plan`(`plan_id`, `meal_id`) VALUES ('30','378');
INSERT INTO `meal_plan`(`plan_id`, `meal_id`) VALUES ('31','22');
INSERT INTO `meal_plan`(`plan_id`, `meal_id`) VALUES ('31','280');
INSERT INTO `meal_plan`(`plan_id`, `meal_id`) VALUES ('31','207');
INSERT INTO `meal_plan`(`plan_id`, `meal_id`) VALUES ('32','60');
INSERT INTO `meal_plan`(`plan_id`, `meal_id`) VALUES ('32','419');
INSERT INTO `meal_plan`(`plan_id`, `meal_id`) VALUES ('32','232');
INSERT INTO `meal_plan`(`plan_id`, `meal_id`) VALUES ('34','317');
INSERT INTO `meal_plan`(`plan_id`, `meal_id`) VALUES ('34','230');
INSERT INTO `meal_plan`(`plan_id`, `meal_id`) VALUES ('36','464');
INSERT INTO `meal_plan`(`plan_id`, `meal_id`) VALUES ('36','68');
INSERT INTO `meal_plan`(`plan_id`, `meal_id`) VALUES ('37','102');
INSERT INTO `meal_plan`(`plan_id`, `meal_id`) VALUES ('37','6');
INSERT INTO `meal_plan`(`plan_id`, `meal_id`) VALUES ('38','204');
INSERT INTO `meal_plan`(`plan_id`, `meal_id`) VALUES ('39','384');
INSERT INTO `meal_plan`(`plan_id`, `meal_id`) VALUES ('39','273');
INSERT INTO `meal_plan`(`plan_id`, `meal_id`) VALUES ('40','281');
INSERT INTO `meal_plan`(`plan_id`, `meal_id`) VALUES ('41','6');
INSERT INTO `meal_plan`(`plan_id`, `meal_id`) VALUES ('41','88');
INSERT INTO `meal_plan`(`plan_id`, `meal_id`) VALUES ('42','251');
INSERT INTO `meal_plan`(`plan_id`, `meal_id`) VALUES ('44','38');
INSERT INTO `meal_plan`(`plan_id`, `meal_id`) VALUES ('44','444');
INSERT INTO `meal_plan`(`plan_id`, `meal_id`) VALUES ('45','324');
INSERT INTO `meal_plan`(`plan_id`, `meal_id`) VALUES ('45','419');
INSERT INTO `meal_plan`(`plan_id`, `meal_id`) VALUES ('45','115');
INSERT INTO `meal_plan`(`plan_id`, `meal_id`) VALUES ('46','26');
INSERT INTO `meal_plan`(`plan_id`, `meal_id`) VALUES ('48','40');
INSERT INTO `meal_plan`(`plan_id`, `meal_id`) VALUES ('49','239');
INSERT INTO `meal_plan`(`plan_id`, `meal_id`) VALUES ('49','476');
INSERT INTO `meal_plan`(`plan_id`, `meal_id`) VALUES ('49','93');
INSERT INTO `meal_plan`(`plan_id`, `meal_id`) VALUES ('50','374');
INSERT INTO `meal_plan`(`plan_id`, `meal_id`) VALUES ('51','403');
INSERT INTO `meal_plan`(`plan_id`, `meal_id`) VALUES ('52','75');
INSERT INTO `meal_plan`(`plan_id`, `meal_id`) VALUES ('52','377');
INSERT INTO `meal_plan`(`plan_id`, `meal_id`) VALUES ('52','105');
INSERT INTO `meal_plan`(`plan_id`, `meal_id`) VALUES ('53','416');
INSERT INTO `meal_plan`(`plan_id`, `meal_id`) VALUES ('54','32');
INSERT INTO `meal_plan`(`plan_id`, `meal_id`) VALUES ('54','422');
INSERT INTO `meal_plan`(`plan_id`, `meal_id`) VALUES ('54','140');
INSERT INTO `meal_plan`(`plan_id`, `meal_id`) VALUES ('55','422');
INSERT INTO `meal_plan`(`plan_id`, `meal_id`) VALUES ('56','222');
INSERT INTO `meal_plan`(`plan_id`, `meal_id`) VALUES ('56','64');
INSERT INTO `meal_plan`(`plan_id`, `meal_id`) VALUES ('56','494');
INSERT INTO `meal_plan`(`plan_id`, `meal_id`) VALUES ('58','197');
INSERT INTO `meal_plan`(`plan_id`, `meal_id`) VALUES ('58','211');
INSERT INTO `meal_plan`(`plan_id`, `meal_id`) VALUES ('58','392');
INSERT INTO `meal_plan`(`plan_id`, `meal_id`) VALUES ('60','64');
INSERT INTO `meal_plan`(`plan_id`, `meal_id`) VALUES ('60','300');
INSERT INTO `meal_plan`(`plan_id`, `meal_id`) VALUES ('61','302');
INSERT INTO `meal_plan`(`plan_id`, `meal_id`) VALUES ('61','321');
INSERT INTO `meal_plan`(`plan_id`, `meal_id`) VALUES ('62','317');
INSERT INTO `meal_plan`(`plan_id`, `meal_id`) VALUES ('62','209');
INSERT INTO `meal_plan`(`plan_id`, `meal_id`) VALUES ('65','159');
INSERT INTO `meal_plan`(`plan_id`, `meal_id`) VALUES ('65','225');
INSERT INTO `meal_plan`(`plan_id`, `meal_id`) VALUES ('66','49');
INSERT INTO `meal_plan`(`plan_id`, `meal_id`) VALUES ('66','353');
INSERT INTO `meal_plan`(`plan_id`, `meal_id`) VALUES ('68','125');
INSERT INTO `meal_plan`(`plan_id`, `meal_id`) VALUES ('69','396');
INSERT INTO `meal_plan`(`plan_id`, `meal_id`) VALUES ('71','276');
INSERT INTO `meal_plan`(`plan_id`, `meal_id`) VALUES ('71','190');
INSERT INTO `meal_plan`(`plan_id`, `meal_id`) VALUES ('75','398');
INSERT INTO `meal_plan`(`plan_id`, `meal_id`) VALUES ('75','227');
INSERT INTO `meal_plan`(`plan_id`, `meal_id`) VALUES ('77','432');
INSERT INTO `meal_plan`(`plan_id`, `meal_id`) VALUES ('77','326');
INSERT INTO `meal_plan`(`plan_id`, `meal_id`) VALUES ('77','224');
INSERT INTO `meal_plan`(`plan_id`, `meal_id`) VALUES ('78','212');
INSERT INTO `meal_plan`(`plan_id`, `meal_id`) VALUES ('78','85');
INSERT INTO `meal_plan`(`plan_id`, `meal_id`) VALUES ('78','140');
INSERT INTO `meal_plan`(`plan_id`, `meal_id`) VALUES ('80','362');
INSERT INTO `meal_plan`(`plan_id`, `meal_id`) VALUES ('80','300');
INSERT INTO `meal_plan`(`plan_id`, `meal_id`) VALUES ('80','65');
INSERT INTO `meal_plan`(`plan_id`, `meal_id`) VALUES ('81','99');
INSERT INTO `meal_plan`(`plan_id`, `meal_id`) VALUES ('81','168');
INSERT INTO `meal_plan`(`plan_id`, `meal_id`) VALUES ('82','276');
INSERT INTO `meal_plan`(`plan_id`, `meal_id`) VALUES ('82','284');
INSERT INTO `meal_plan`(`plan_id`, `meal_id`) VALUES ('82','85');
INSERT INTO `meal_plan`(`plan_id`, `meal_id`) VALUES ('83','459');
INSERT INTO `meal_plan`(`plan_id`, `meal_id`) VALUES ('84','24');
INSERT INTO `meal_plan`(`plan_id`, `meal_id`) VALUES ('85','162');
INSERT INTO `meal_plan`(`plan_id`, `meal_id`) VALUES ('85','120');
INSERT INTO `meal_plan`(`plan_id`, `meal_id`) VALUES ('87','405');
INSERT INTO `meal_plan`(`plan_id`, `meal_id`) VALUES ('88','438');
INSERT INTO `meal_plan`(`plan_id`, `meal_id`) VALUES ('90','228');
INSERT INTO `meal_plan`(`plan_id`, `meal_id`) VALUES ('91','408');
INSERT INTO `meal_plan`(`plan_id`, `meal_id`) VALUES ('91','170');
INSERT INTO `meal_plan`(`plan_id`, `meal_id`) VALUES ('91','431');
INSERT INTO `meal_plan`(`plan_id`, `meal_id`) VALUES ('92','422');
INSERT INTO `meal_plan`(`plan_id`, `meal_id`) VALUES ('92','440');
INSERT INTO `meal_plan`(`plan_id`, `meal_id`) VALUES ('92','63');
INSERT INTO `meal_plan`(`plan_id`, `meal_id`) VALUES ('94','486');
INSERT INTO `meal_plan`(`plan_id`, `meal_id`) VALUES ('94','191');
INSERT INTO `meal_plan`(`plan_id`, `meal_id`) VALUES ('97','76');
INSERT INTO `meal_plan`(`plan_id`, `meal_id`) VALUES ('98','309');
INSERT INTO `meal_plan`(`plan_id`, `meal_id`) VALUES ('99','31');
INSERT INTO `meal_plan`(`plan_id`, `meal_id`) VALUES ('100','224');
INSERT INTO `meal_plan`(`plan_id`, `meal_id`) VALUES ('100','268');
INSERT INTO `meal_plan`(`plan_id`, `meal_id`) VALUES ('100','395');
INSERT INTO `meal_plan`(`plan_id`, `meal_id`) VALUES ('101','134');
INSERT INTO `meal_plan`(`plan_id`, `meal_id`) VALUES ('101','222');
INSERT INTO `meal_plan`(`plan_id`, `meal_id`) VALUES ('101','3');
INSERT INTO `meal_plan`(`plan_id`, `meal_id`) VALUES ('102','148');
INSERT INTO `meal_plan`(`plan_id`, `meal_id`) VALUES ('103','170');
INSERT INTO `meal_plan`(`plan_id`, `meal_id`) VALUES ('104','219');
INSERT INTO `meal_plan`(`plan_id`, `meal_id`) VALUES ('104','74');
INSERT INTO `meal_plan`(`plan_id`, `meal_id`) VALUES ('105','265');
INSERT INTO `meal_plan`(`plan_id`, `meal_id`) VALUES ('105','65');
INSERT INTO `meal_plan`(`plan_id`, `meal_id`) VALUES ('106','323');
INSERT INTO `meal_plan`(`plan_id`, `meal_id`) VALUES ('106','30');
INSERT INTO `meal_plan`(`plan_id`, `meal_id`) VALUES ('106','195');
INSERT INTO `meal_plan`(`plan_id`, `meal_id`) VALUES ('107','304');
INSERT INTO `meal_plan`(`plan_id`, `meal_id`) VALUES ('107','421');
INSERT INTO `meal_plan`(`plan_id`, `meal_id`) VALUES ('107','425');
INSERT INTO `meal_plan`(`plan_id`, `meal_id`) VALUES ('108','52');
INSERT INTO `meal_plan`(`plan_id`, `meal_id`) VALUES ('108','382');
INSERT INTO `meal_plan`(`plan_id`, `meal_id`) VALUES ('109','217');
INSERT INTO `meal_plan`(`plan_id`, `meal_id`) VALUES ('109','406');
INSERT INTO `meal_plan`(`plan_id`, `meal_id`) VALUES ('109','443');
INSERT INTO `meal_plan`(`plan_id`, `meal_id`) VALUES ('110','134');
INSERT INTO `meal_plan`(`plan_id`, `meal_id`) VALUES ('111','453');
INSERT INTO `meal_plan`(`plan_id`, `meal_id`) VALUES ('111','179');
INSERT INTO `meal_plan`(`plan_id`, `meal_id`) VALUES ('112','209');
INSERT INTO `meal_plan`(`plan_id`, `meal_id`) VALUES ('112','237');
INSERT INTO `meal_plan`(`plan_id`, `meal_id`) VALUES ('113','145');
INSERT INTO `meal_plan`(`plan_id`, `meal_id`) VALUES ('113','420');
INSERT INTO `meal_plan`(`plan_id`, `meal_id`) VALUES ('114','249');
INSERT INTO `meal_plan`(`plan_id`, `meal_id`) VALUES ('117','168');
INSERT INTO `meal_plan`(`plan_id`, `meal_id`) VALUES ('117','310');
INSERT INTO `meal_plan`(`plan_id`, `meal_id`) VALUES ('117','299');
INSERT INTO `meal_plan`(`plan_id`, `meal_id`) VALUES ('118','442');
INSERT INTO `meal_plan`(`plan_id`, `meal_id`) VALUES ('118','235');
INSERT INTO `meal_plan`(`plan_id`, `meal_id`) VALUES ('119','171');
INSERT INTO `meal_plan`(`plan_id`, `meal_id`) VALUES ('119','306');
INSERT INTO `meal_plan`(`plan_id`, `meal_id`) VALUES ('121','176');
INSERT INTO `meal_plan`(`plan_id`, `meal_id`) VALUES ('121','401');
INSERT INTO `meal_plan`(`plan_id`, `meal_id`) VALUES ('121','228');
INSERT INTO `meal_plan`(`plan_id`, `meal_id`) VALUES ('122','446');
INSERT INTO `meal_plan`(`plan_id`, `meal_id`) VALUES ('123','216');
INSERT INTO `meal_plan`(`plan_id`, `meal_id`) VALUES ('123','172');
INSERT INTO `meal_plan`(`plan_id`, `meal_id`) VALUES ('124','93');
INSERT INTO `meal_plan`(`plan_id`, `meal_id`) VALUES ('124','85');
INSERT INTO `meal_plan`(`plan_id`, `meal_id`) VALUES ('126','136');
INSERT INTO `meal_plan`(`plan_id`, `meal_id`) VALUES ('126','255');
INSERT INTO `meal_plan`(`plan_id`, `meal_id`) VALUES ('127','178');
INSERT INTO `meal_plan`(`plan_id`, `meal_id`) VALUES ('127','122');
INSERT INTO `meal_plan`(`plan_id`, `meal_id`) VALUES ('127','403');
INSERT INTO `meal_plan`(`plan_id`, `meal_id`) VALUES ('128','201');
INSERT INTO `meal_plan`(`plan_id`, `meal_id`) VALUES ('128','5');
INSERT INTO `meal_plan`(`plan_id`, `meal_id`) VALUES ('128','406');
INSERT INTO `meal_plan`(`plan_id`, `meal_id`) VALUES ('129','59');
INSERT INTO `meal_plan`(`plan_id`, `meal_id`) VALUES ('130','495');
INSERT INTO `meal_plan`(`plan_id`, `meal_id`) VALUES ('130','195');
INSERT INTO `meal_plan`(`plan_id`, `meal_id`) VALUES ('131','452');
INSERT INTO `meal_plan`(`plan_id`, `meal_id`) VALUES ('131','225');
INSERT INTO `meal_plan`(`plan_id`, `meal_id`) VALUES ('132','319');
INSERT INTO `meal_plan`(`plan_id`, `meal_id`) VALUES ('132','234');
INSERT INTO `meal_plan`(`plan_id`, `meal_id`) VALUES ('133','15');
INSERT INTO `meal_plan`(`plan_id`, `meal_id`) VALUES ('133','93');
INSERT INTO `meal_plan`(`plan_id`, `meal_id`) VALUES ('134','260');
INSERT INTO `meal_plan`(`plan_id`, `meal_id`) VALUES ('134','198');
INSERT INTO `meal_plan`(`plan_id`, `meal_id`) VALUES ('134','320');
INSERT INTO `meal_plan`(`plan_id`, `meal_id`) VALUES ('135','65');
INSERT INTO `meal_plan`(`plan_id`, `meal_id`) VALUES ('135','433');
INSERT INTO `meal_plan`(`plan_id`, `meal_id`) VALUES ('137','406');
INSERT INTO `meal_plan`(`plan_id`, `meal_id`) VALUES ('138','398');
INSERT INTO `meal_plan`(`plan_id`, `meal_id`) VALUES ('139','125');
INSERT INTO `meal_plan`(`plan_id`, `meal_id`) VALUES ('139','336');
INSERT INTO `meal_plan`(`plan_id`, `meal_id`) VALUES ('140','240');
INSERT INTO `meal_plan`(`plan_id`, `meal_id`) VALUES ('141','282');
INSERT INTO `meal_plan`(`plan_id`, `meal_id`) VALUES ('141','98');
INSERT INTO `meal_plan`(`plan_id`, `meal_id`) VALUES ('142','150');
INSERT INTO `meal_plan`(`plan_id`, `meal_id`) VALUES ('142','32');
INSERT INTO `meal_plan`(`plan_id`, `meal_id`) VALUES ('142','107');
INSERT INTO `meal_plan`(`plan_id`, `meal_id`) VALUES ('143','364');
INSERT INTO `meal_plan`(`plan_id`, `meal_id`) VALUES ('143','452');
INSERT INTO `meal_plan`(`plan_id`, `meal_id`) VALUES ('144','153');
INSERT INTO `meal_plan`(`plan_id`, `meal_id`) VALUES ('144','124');
INSERT INTO `meal_plan`(`plan_id`, `meal_id`) VALUES ('145','254');
INSERT INTO `meal_plan`(`plan_id`, `meal_id`) VALUES ('146','494');
INSERT INTO `meal_plan`(`plan_id`, `meal_id`) VALUES ('146','177');
INSERT INTO `meal_plan`(`plan_id`, `meal_id`) VALUES ('146','213');
INSERT INTO `meal_plan`(`plan_id`, `meal_id`) VALUES ('147','421');
INSERT INTO `meal_plan`(`plan_id`, `meal_id`) VALUES ('148','258');
INSERT INTO `meal_plan`(`plan_id`, `meal_id`) VALUES ('148','442');
INSERT INTO `meal_plan`(`plan_id`, `meal_id`) VALUES ('148','324');
INSERT INTO `meal_plan`(`plan_id`, `meal_id`) VALUES ('149','227');
INSERT INTO `meal_plan`(`plan_id`, `meal_id`) VALUES ('149','357');
INSERT INTO `meal_plan`(`plan_id`, `meal_id`) VALUES ('150','189');
INSERT INTO `meal_plan`(`plan_id`, `meal_id`) VALUES ('150','440');
INSERT INTO `meal_plan`(`plan_id`, `meal_id`) VALUES ('150','201');
INSERT INTO `meal_plan`(`plan_id`, `meal_id`) VALUES ('151','214');
INSERT INTO `meal_plan`(`plan_id`, `meal_id`) VALUES ('151','94');
INSERT INTO `meal_plan`(`plan_id`, `meal_id`) VALUES ('151','172');
INSERT INTO `meal_plan`(`plan_id`, `meal_id`) VALUES ('152','86');
INSERT INTO `meal_plan`(`plan_id`, `meal_id`) VALUES ('152','456');
INSERT INTO `meal_plan`(`plan_id`, `meal_id`) VALUES ('153','373');
INSERT INTO `meal_plan`(`plan_id`, `meal_id`) VALUES ('153','114');
INSERT INTO `meal_plan`(`plan_id`, `meal_id`) VALUES ('154','152');
INSERT INTO `meal_plan`(`plan_id`, `meal_id`) VALUES ('154','19');
INSERT INTO `meal_plan`(`plan_id`, `meal_id`) VALUES ('156','112');
INSERT INTO `meal_plan`(`plan_id`, `meal_id`) VALUES ('157','441');
INSERT INTO `meal_plan`(`plan_id`, `meal_id`) VALUES ('157','354');
INSERT INTO `meal_plan`(`plan_id`, `meal_id`) VALUES ('157','179');
INSERT INTO `meal_plan`(`plan_id`, `meal_id`) VALUES ('158','33');
INSERT INTO `meal_plan`(`plan_id`, `meal_id`) VALUES ('158','393');
INSERT INTO `meal_plan`(`plan_id`, `meal_id`) VALUES ('159','127');
INSERT INTO `meal_plan`(`plan_id`, `meal_id`) VALUES ('159','142');
INSERT INTO `meal_plan`(`plan_id`, `meal_id`) VALUES ('159','61');
INSERT INTO `meal_plan`(`plan_id`, `meal_id`) VALUES ('160','405');
INSERT INTO `meal_plan`(`plan_id`, `meal_id`) VALUES ('161','441');
INSERT INTO `meal_plan`(`plan_id`, `meal_id`) VALUES ('161','161');
INSERT INTO `meal_plan`(`plan_id`, `meal_id`) VALUES ('161','225');
INSERT INTO `meal_plan`(`plan_id`, `meal_id`) VALUES ('162','177');
INSERT INTO `meal_plan`(`plan_id`, `meal_id`) VALUES ('162','362');
INSERT INTO `meal_plan`(`plan_id`, `meal_id`) VALUES ('165','50');
INSERT INTO `meal_plan`(`plan_id`, `meal_id`) VALUES ('165','434');
INSERT INTO `meal_plan`(`plan_id`, `meal_id`) VALUES ('166','190');
INSERT INTO `meal_plan`(`plan_id`, `meal_id`) VALUES ('166','96');
INSERT INTO `meal_plan`(`plan_id`, `meal_id`) VALUES ('166','167');
INSERT INTO `meal_plan`(`plan_id`, `meal_id`) VALUES ('167','73');
INSERT INTO `meal_plan`(`plan_id`, `meal_id`) VALUES ('167','45');
INSERT INTO `meal_plan`(`plan_id`, `meal_id`) VALUES ('168','75');
INSERT INTO `meal_plan`(`plan_id`, `meal_id`) VALUES ('170','387');
INSERT INTO `meal_plan`(`plan_id`, `meal_id`) VALUES ('173','469');
INSERT INTO `meal_plan`(`plan_id`, `meal_id`) VALUES ('173','233');
INSERT INTO `meal_plan`(`plan_id`, `meal_id`) VALUES ('173','249');
INSERT INTO `meal_plan`(`plan_id`, `meal_id`) VALUES ('174','213');
INSERT INTO `meal_plan`(`plan_id`, `meal_id`) VALUES ('174','283');
INSERT INTO `meal_plan`(`plan_id`, `meal_id`) VALUES ('174','477');
INSERT INTO `meal_plan`(`plan_id`, `meal_id`) VALUES ('175','320');
INSERT INTO `meal_plan`(`plan_id`, `meal_id`) VALUES ('175','123');
INSERT INTO `meal_plan`(`plan_id`, `meal_id`) VALUES ('175','131');
INSERT INTO `meal_plan`(`plan_id`, `meal_id`) VALUES ('176','157');
INSERT INTO `meal_plan`(`plan_id`, `meal_id`) VALUES ('176','358');
INSERT INTO `meal_plan`(`plan_id`, `meal_id`) VALUES ('176','143');
INSERT INTO `meal_plan`(`plan_id`, `meal_id`) VALUES ('178','82');
INSERT INTO `meal_plan`(`plan_id`, `meal_id`) VALUES ('179','281');
INSERT INTO `meal_plan`(`plan_id`, `meal_id`) VALUES ('179','273');
INSERT INTO `meal_plan`(`plan_id`, `meal_id`) VALUES ('180','172');
INSERT INTO `meal_plan`(`plan_id`, `meal_id`) VALUES ('181','338');
INSERT INTO `meal_plan`(`plan_id`, `meal_id`) VALUES ('181','361');
INSERT INTO `meal_plan`(`plan_id`, `meal_id`) VALUES ('181','488');
INSERT INTO `meal_plan`(`plan_id`, `meal_id`) VALUES ('182','29');
INSERT INTO `meal_plan`(`plan_id`, `meal_id`) VALUES ('182','281');
INSERT INTO `meal_plan`(`plan_id`, `meal_id`) VALUES ('182','96');
INSERT INTO `meal_plan`(`plan_id`, `meal_id`) VALUES ('184','472');
INSERT INTO `meal_plan`(`plan_id`, `meal_id`) VALUES ('186','372');
INSERT INTO `meal_plan`(`plan_id`, `meal_id`) VALUES ('186','141');
INSERT INTO `meal_plan`(`plan_id`, `meal_id`) VALUES ('188','469');
INSERT INTO `meal_plan`(`plan_id`, `meal_id`) VALUES ('188','472');
INSERT INTO `meal_plan`(`plan_id`, `meal_id`) VALUES ('188','188');
INSERT INTO `meal_plan`(`plan_id`, `meal_id`) VALUES ('189','54');
INSERT INTO `meal_plan`(`plan_id`, `meal_id`) VALUES ('189','147');
INSERT INTO `meal_plan`(`plan_id`, `meal_id`) VALUES ('191','30');
INSERT INTO `meal_plan`(`plan_id`, `meal_id`) VALUES ('191','310');
INSERT INTO `meal_plan`(`plan_id`, `meal_id`) VALUES ('191','152');
INSERT INTO `meal_plan`(`plan_id`, `meal_id`) VALUES ('193','262');
INSERT INTO `meal_plan`(`plan_id`, `meal_id`) VALUES ('194','486');
INSERT INTO `meal_plan`(`plan_id`, `meal_id`) VALUES ('195','81');
INSERT INTO `meal_plan`(`plan_id`, `meal_id`) VALUES ('195','125');
INSERT INTO `meal_plan`(`plan_id`, `meal_id`) VALUES ('196','20');
INSERT INTO `meal_plan`(`plan_id`, `meal_id`) VALUES ('198','436');
INSERT INTO `meal_plan`(`plan_id`, `meal_id`) VALUES ('198','140');
INSERT INTO `meal_plan`(`plan_id`, `meal_id`) VALUES ('198','459');
INSERT INTO `meal_plan`(`plan_id`, `meal_id`) VALUES ('199','397');
INSERT INTO `meal_plan`(`plan_id`, `meal_id`) VALUES ('199','94');
INSERT INTO `meal_plan`(`plan_id`, `meal_id`) VALUES ('199','356');
INSERT INTO `meal_plan`(`plan_id`, `meal_id`) VALUES ('201','62');
INSERT INTO `meal_plan`(`plan_id`, `meal_id`) VALUES ('201','471');
INSERT INTO `meal_plan`(`plan_id`, `meal_id`) VALUES ('201','81');
INSERT INTO `meal_plan`(`plan_id`, `meal_id`) VALUES ('203','10');
INSERT INTO `meal_plan`(`plan_id`, `meal_id`) VALUES ('203','334');
INSERT INTO `meal_plan`(`plan_id`, `meal_id`) VALUES ('203','462');
INSERT INTO `meal_plan`(`plan_id`, `meal_id`) VALUES ('204','280');
INSERT INTO `meal_plan`(`plan_id`, `meal_id`) VALUES ('204','314');
INSERT INTO `meal_plan`(`plan_id`, `meal_id`) VALUES ('204','332');
INSERT INTO `meal_plan`(`plan_id`, `meal_id`) VALUES ('205','137');
INSERT INTO `meal_plan`(`plan_id`, `meal_id`) VALUES ('205','4');
INSERT INTO `meal_plan`(`plan_id`, `meal_id`) VALUES ('205','169');
INSERT INTO `meal_plan`(`plan_id`, `meal_id`) VALUES ('206','150');
INSERT INTO `meal_plan`(`plan_id`, `meal_id`) VALUES ('206','301');
INSERT INTO `meal_plan`(`plan_id`, `meal_id`) VALUES ('207','108');
INSERT INTO `meal_plan`(`plan_id`, `meal_id`) VALUES ('207','331');
INSERT INTO `meal_plan`(`plan_id`, `meal_id`) VALUES ('207','317');
INSERT INTO `meal_plan`(`plan_id`, `meal_id`) VALUES ('210','397');
INSERT INTO `meal_plan`(`plan_id`, `meal_id`) VALUES ('210','420');
INSERT INTO `meal_plan`(`plan_id`, `meal_id`) VALUES ('210','323');
INSERT INTO `meal_plan`(`plan_id`, `meal_id`) VALUES ('211','417');
INSERT INTO `meal_plan`(`plan_id`, `meal_id`) VALUES ('211','212');
INSERT INTO `meal_plan`(`plan_id`, `meal_id`) VALUES ('211','294');
INSERT INTO `meal_plan`(`plan_id`, `meal_id`) VALUES ('212','86');
INSERT INTO `meal_plan`(`plan_id`, `meal_id`) VALUES ('212','193');
INSERT INTO `meal_plan`(`plan_id`, `meal_id`) VALUES ('214','474');
INSERT INTO `meal_plan`(`plan_id`, `meal_id`) VALUES ('214','39');
INSERT INTO `meal_plan`(`plan_id`, `meal_id`) VALUES ('214','12');
INSERT INTO `meal_plan`(`plan_id`, `meal_id`) VALUES ('215','366');
INSERT INTO `meal_plan`(`plan_id`, `meal_id`) VALUES ('215','26');
INSERT INTO `meal_plan`(`plan_id`, `meal_id`) VALUES ('215','425');
INSERT INTO `meal_plan`(`plan_id`, `meal_id`) VALUES ('216','465');
INSERT INTO `meal_plan`(`plan_id`, `meal_id`) VALUES ('216','72');
INSERT INTO `meal_plan`(`plan_id`, `meal_id`) VALUES ('216','462');
INSERT INTO `meal_plan`(`plan_id`, `meal_id`) VALUES ('217','334');
INSERT INTO `meal_plan`(`plan_id`, `meal_id`) VALUES ('217','443');
INSERT INTO `meal_plan`(`plan_id`, `meal_id`) VALUES ('218','179');
INSERT INTO `meal_plan`(`plan_id`, `meal_id`) VALUES ('219','429');
INSERT INTO `meal_plan`(`plan_id`, `meal_id`) VALUES ('219','245');
INSERT INTO `meal_plan`(`plan_id`, `meal_id`) VALUES ('219','482');
INSERT INTO `meal_plan`(`plan_id`, `meal_id`) VALUES ('220','427');
INSERT INTO `meal_plan`(`plan_id`, `meal_id`) VALUES ('220','393');
INSERT INTO `meal_plan`(`plan_id`, `meal_id`) VALUES ('220','85');
INSERT INTO `meal_plan`(`plan_id`, `meal_id`) VALUES ('221','98');
INSERT INTO `meal_plan`(`plan_id`, `meal_id`) VALUES ('221','344');
INSERT INTO `meal_plan`(`plan_id`, `meal_id`) VALUES ('221','399');
INSERT INTO `meal_plan`(`plan_id`, `meal_id`) VALUES ('222','341');
INSERT INTO `meal_plan`(`plan_id`, `meal_id`) VALUES ('224','472');
INSERT INTO `meal_plan`(`plan_id`, `meal_id`) VALUES ('224','211');
INSERT INTO `meal_plan`(`plan_id`, `meal_id`) VALUES ('225','260');
INSERT INTO `meal_plan`(`plan_id`, `meal_id`) VALUES ('226','483');
INSERT INTO `meal_plan`(`plan_id`, `meal_id`) VALUES ('226','177');
INSERT INTO `meal_plan`(`plan_id`, `meal_id`) VALUES ('226','17');
INSERT INTO `meal_plan`(`plan_id`, `meal_id`) VALUES ('227','189');
INSERT INTO `meal_plan`(`plan_id`, `meal_id`) VALUES ('227','105');
INSERT INTO `meal_plan`(`plan_id`, `meal_id`) VALUES ('228','89');
INSERT INTO `meal_plan`(`plan_id`, `meal_id`) VALUES ('230','346');
INSERT INTO `meal_plan`(`plan_id`, `meal_id`) VALUES ('230','113');
INSERT INTO `meal_plan`(`plan_id`, `meal_id`) VALUES ('231','233');
INSERT INTO `meal_plan`(`plan_id`, `meal_id`) VALUES ('231','254');
INSERT INTO `meal_plan`(`plan_id`, `meal_id`) VALUES ('232','131');
INSERT INTO `meal_plan`(`plan_id`, `meal_id`) VALUES ('232','132');
INSERT INTO `meal_plan`(`plan_id`, `meal_id`) VALUES ('232','495');
INSERT INTO `meal_plan`(`plan_id`, `meal_id`) VALUES ('234','74');
INSERT INTO `meal_plan`(`plan_id`, `meal_id`) VALUES ('236','119');
INSERT INTO `meal_plan`(`plan_id`, `meal_id`) VALUES ('237','338');
INSERT INTO `meal_plan`(`plan_id`, `meal_id`) VALUES ('238','321');
INSERT INTO `meal_plan`(`plan_id`, `meal_id`) VALUES ('238','88');
INSERT INTO `meal_plan`(`plan_id`, `meal_id`) VALUES ('238','308');
INSERT INTO `meal_plan`(`plan_id`, `meal_id`) VALUES ('239','316');
INSERT INTO `meal_plan`(`plan_id`, `meal_id`) VALUES ('239','255');
INSERT INTO `meal_plan`(`plan_id`, `meal_id`) VALUES ('240','401');
INSERT INTO `meal_plan`(`plan_id`, `meal_id`) VALUES ('240','186');
INSERT INTO `meal_plan`(`plan_id`, `meal_id`) VALUES ('240','169');
INSERT INTO `meal_plan`(`plan_id`, `meal_id`) VALUES ('241','144');
INSERT INTO `meal_plan`(`plan_id`, `meal_id`) VALUES ('241','351');
INSERT INTO `meal_plan`(`plan_id`, `meal_id`) VALUES ('246','376');
INSERT INTO `meal_plan`(`plan_id`, `meal_id`) VALUES ('247','116');
INSERT INTO `meal_plan`(`plan_id`, `meal_id`) VALUES ('249','34');
INSERT INTO `meal_plan`(`plan_id`, `meal_id`) VALUES ('250','106');
INSERT INTO `meal_plan`(`plan_id`, `meal_id`) VALUES ('250','122');
INSERT INTO `meal_plan`(`plan_id`, `meal_id`) VALUES ('250','123');
INSERT INTO `meal_plan`(`plan_id`, `meal_id`) VALUES ('251','228');
INSERT INTO `meal_plan`(`plan_id`, `meal_id`) VALUES ('251','219');
INSERT INTO `meal_plan`(`plan_id`, `meal_id`) VALUES ('252','110');
INSERT INTO `meal_plan`(`plan_id`, `meal_id`) VALUES ('252','137');
INSERT INTO `meal_plan`(`plan_id`, `meal_id`) VALUES ('252','347');
INSERT INTO `meal_plan`(`plan_id`, `meal_id`) VALUES ('253','433');
INSERT INTO `meal_plan`(`plan_id`, `meal_id`) VALUES ('253','290');
INSERT INTO `meal_plan`(`plan_id`, `meal_id`) VALUES ('254','207');
INSERT INTO `meal_plan`(`plan_id`, `meal_id`) VALUES ('254','331');
INSERT INTO `meal_plan`(`plan_id`, `meal_id`) VALUES ('255','254');
INSERT INTO `meal_plan`(`plan_id`, `meal_id`) VALUES ('255','90');
INSERT INTO `meal_plan`(`plan_id`, `meal_id`) VALUES ('257','387');
INSERT INTO `meal_plan`(`plan_id`, `meal_id`) VALUES ('257','57');
INSERT INTO `meal_plan`(`plan_id`, `meal_id`) VALUES ('257','352');
INSERT INTO `meal_plan`(`plan_id`, `meal_id`) VALUES ('259','165');
INSERT INTO `meal_plan`(`plan_id`, `meal_id`) VALUES ('260','298');
INSERT INTO `meal_plan`(`plan_id`, `meal_id`) VALUES ('260','244');
INSERT INTO `meal_plan`(`plan_id`, `meal_id`) VALUES ('261','353');
INSERT INTO `meal_plan`(`plan_id`, `meal_id`) VALUES ('261','96');
INSERT INTO `meal_plan`(`plan_id`, `meal_id`) VALUES ('261','185');
INSERT INTO `meal_plan`(`plan_id`, `meal_id`) VALUES ('262','322');
INSERT INTO `meal_plan`(`plan_id`, `meal_id`) VALUES ('263','154');
INSERT INTO `meal_plan`(`plan_id`, `meal_id`) VALUES ('263','481');
INSERT INTO `meal_plan`(`plan_id`, `meal_id`) VALUES ('264','44');
INSERT INTO `meal_plan`(`plan_id`, `meal_id`) VALUES ('265','109');
INSERT INTO `meal_plan`(`plan_id`, `meal_id`) VALUES ('265','374');
INSERT INTO `meal_plan`(`plan_id`, `meal_id`) VALUES ('265','273');
INSERT INTO `meal_plan`(`plan_id`, `meal_id`) VALUES ('266','81');
INSERT INTO `meal_plan`(`plan_id`, `meal_id`) VALUES ('266','271');
INSERT INTO `meal_plan`(`plan_id`, `meal_id`) VALUES ('267','2');
INSERT INTO `meal_plan`(`plan_id`, `meal_id`) VALUES ('267','415');
INSERT INTO `meal_plan`(`plan_id`, `meal_id`) VALUES ('268','277');
INSERT INTO `meal_plan`(`plan_id`, `meal_id`) VALUES ('270','384');
INSERT INTO `meal_plan`(`plan_id`, `meal_id`) VALUES ('270','106');
INSERT INTO `meal_plan`(`plan_id`, `meal_id`) VALUES ('271','38');
INSERT INTO `meal_plan`(`plan_id`, `meal_id`) VALUES ('272','266');
INSERT INTO `meal_plan`(`plan_id`, `meal_id`) VALUES ('272','337');
INSERT INTO `meal_plan`(`plan_id`, `meal_id`) VALUES ('272','489');
INSERT INTO `meal_plan`(`plan_id`, `meal_id`) VALUES ('273','21');
INSERT INTO `meal_plan`(`plan_id`, `meal_id`) VALUES ('273','5');
INSERT INTO `meal_plan`(`plan_id`, `meal_id`) VALUES ('274','117');
INSERT INTO `meal_plan`(`plan_id`, `meal_id`) VALUES ('276','314');
INSERT INTO `meal_plan`(`plan_id`, `meal_id`) VALUES ('276','359');
INSERT INTO `meal_plan`(`plan_id`, `meal_id`) VALUES ('278','409');
INSERT INTO `meal_plan`(`plan_id`, `meal_id`) VALUES ('278','318');
INSERT INTO `meal_plan`(`plan_id`, `meal_id`) VALUES ('278','427');
INSERT INTO `meal_plan`(`plan_id`, `meal_id`) VALUES ('279','155');
INSERT INTO `meal_plan`(`plan_id`, `meal_id`) VALUES ('281','15');
INSERT INTO `meal_plan`(`plan_id`, `meal_id`) VALUES ('281','239');
INSERT INTO `meal_plan`(`plan_id`, `meal_id`) VALUES ('281','32');
INSERT INTO `meal_plan`(`plan_id`, `meal_id`) VALUES ('282','472');
INSERT INTO `meal_plan`(`plan_id`, `meal_id`) VALUES ('283','40');
INSERT INTO `meal_plan`(`plan_id`, `meal_id`) VALUES ('283','417');
INSERT INTO `meal_plan`(`plan_id`, `meal_id`) VALUES ('284','67');
INSERT INTO `meal_plan`(`plan_id`, `meal_id`) VALUES ('284','396');
INSERT INTO `meal_plan`(`plan_id`, `meal_id`) VALUES ('285','235');
INSERT INTO `meal_plan`(`plan_id`, `meal_id`) VALUES ('286','284');
INSERT INTO `meal_plan`(`plan_id`, `meal_id`) VALUES ('287','462');
INSERT INTO `meal_plan`(`plan_id`, `meal_id`) VALUES ('287','66');
INSERT INTO `meal_plan`(`plan_id`, `meal_id`) VALUES ('289','170');
INSERT INTO `meal_plan`(`plan_id`, `meal_id`) VALUES ('290','333');
INSERT INTO `meal_plan`(`plan_id`, `meal_id`) VALUES ('291','203');
INSERT INTO `meal_plan`(`plan_id`, `meal_id`) VALUES ('291','484');
INSERT INTO `meal_plan`(`plan_id`, `meal_id`) VALUES ('292','370');
INSERT INTO `meal_plan`(`plan_id`, `meal_id`) VALUES ('292','56');
INSERT INTO `meal_plan`(`plan_id`, `meal_id`) VALUES ('292','1');
INSERT INTO `meal_plan`(`plan_id`, `meal_id`) VALUES ('293','310');
INSERT INTO `meal_plan`(`plan_id`, `meal_id`) VALUES ('293','277');
INSERT INTO `meal_plan`(`plan_id`, `meal_id`) VALUES ('294','302');
INSERT INTO `meal_plan`(`plan_id`, `meal_id`) VALUES ('295','216');
INSERT INTO `meal_plan`(`plan_id`, `meal_id`) VALUES ('295','214');
INSERT INTO `meal_plan`(`plan_id`, `meal_id`) VALUES ('296','292');
INSERT INTO `meal_plan`(`plan_id`, `meal_id`) VALUES ('298','360');
INSERT INTO `meal_plan`(`plan_id`, `meal_id`) VALUES ('298','457');
INSERT INTO `meal_plan`(`plan_id`, `meal_id`) VALUES ('298','123');
INSERT INTO `meal_plan`(`plan_id`, `meal_id`) VALUES ('300','225');
INSERT INTO `meal_plan`(`plan_id`, `meal_id`) VALUES ('300','130');
INSERT INTO `meal_plan`(`plan_id`, `meal_id`) VALUES ('300','38');
INSERT INTO `meal_plan`(`plan_id`, `meal_id`) VALUES ('303','371');
INSERT INTO `meal_plan`(`plan_id`, `meal_id`) VALUES ('303','207');
INSERT INTO `meal_plan`(`plan_id`, `meal_id`) VALUES ('304','471');
INSERT INTO `meal_plan`(`plan_id`, `meal_id`) VALUES ('304','396');
INSERT INTO `meal_plan`(`plan_id`, `meal_id`) VALUES ('304','200');
INSERT INTO `meal_plan`(`plan_id`, `meal_id`) VALUES ('305','83');
INSERT INTO `meal_plan`(`plan_id`, `meal_id`) VALUES ('305','361');
INSERT INTO `meal_plan`(`plan_id`, `meal_id`) VALUES ('305','311');
INSERT INTO `meal_plan`(`plan_id`, `meal_id`) VALUES ('306','395');
INSERT INTO `meal_plan`(`plan_id`, `meal_id`) VALUES ('306','388');
INSERT INTO `meal_plan`(`plan_id`, `meal_id`) VALUES ('307','296');
INSERT INTO `meal_plan`(`plan_id`, `meal_id`) VALUES ('308','53');
INSERT INTO `meal_plan`(`plan_id`, `meal_id`) VALUES ('308','468');
INSERT INTO `meal_plan`(`plan_id`, `meal_id`) VALUES ('309','33');
INSERT INTO `meal_plan`(`plan_id`, `meal_id`) VALUES ('309','458');
INSERT INTO `meal_plan`(`plan_id`, `meal_id`) VALUES ('311','269');
INSERT INTO `meal_plan`(`plan_id`, `meal_id`) VALUES ('311','113');
INSERT INTO `meal_plan`(`plan_id`, `meal_id`) VALUES ('311','258');
INSERT INTO `meal_plan`(`plan_id`, `meal_id`) VALUES ('312','492');
INSERT INTO `meal_plan`(`plan_id`, `meal_id`) VALUES ('312','189');
INSERT INTO `meal_plan`(`plan_id`, `meal_id`) VALUES ('313','389');
INSERT INTO `meal_plan`(`plan_id`, `meal_id`) VALUES ('315','241');
INSERT INTO `meal_plan`(`plan_id`, `meal_id`) VALUES ('315','108');
INSERT INTO `meal_plan`(`plan_id`, `meal_id`) VALUES ('315','478');
INSERT INTO `meal_plan`(`plan_id`, `meal_id`) VALUES ('316','237');
INSERT INTO `meal_plan`(`plan_id`, `meal_id`) VALUES ('316','92');
INSERT INTO `meal_plan`(`plan_id`, `meal_id`) VALUES ('316','27');
INSERT INTO `meal_plan`(`plan_id`, `meal_id`) VALUES ('318','397');
INSERT INTO `meal_plan`(`plan_id`, `meal_id`) VALUES ('318','272');
INSERT INTO `meal_plan`(`plan_id`, `meal_id`) VALUES ('318','46');
INSERT INTO `meal_plan`(`plan_id`, `meal_id`) VALUES ('319','302');
INSERT INTO `meal_plan`(`plan_id`, `meal_id`) VALUES ('319','136');
INSERT INTO `meal_plan`(`plan_id`, `meal_id`) VALUES ('320','498');
INSERT INTO `meal_plan`(`plan_id`, `meal_id`) VALUES ('321','448');
INSERT INTO `meal_plan`(`plan_id`, `meal_id`) VALUES ('321','316');
INSERT INTO `meal_plan`(`plan_id`, `meal_id`) VALUES ('321','53');
INSERT INTO `meal_plan`(`plan_id`, `meal_id`) VALUES ('325','138');
INSERT INTO `meal_plan`(`plan_id`, `meal_id`) VALUES ('326','247');
INSERT INTO `meal_plan`(`plan_id`, `meal_id`) VALUES ('328','293');
INSERT INTO `meal_plan`(`plan_id`, `meal_id`) VALUES ('329','300');
INSERT INTO `meal_plan`(`plan_id`, `meal_id`) VALUES ('332','401');
INSERT INTO `meal_plan`(`plan_id`, `meal_id`) VALUES ('332','20');
INSERT INTO `meal_plan`(`plan_id`, `meal_id`) VALUES ('332','133');
INSERT INTO `meal_plan`(`plan_id`, `meal_id`) VALUES ('333','409');
INSERT INTO `meal_plan`(`plan_id`, `meal_id`) VALUES ('333','321');
INSERT INTO `meal_plan`(`plan_id`, `meal_id`) VALUES ('333','346');
INSERT INTO `meal_plan`(`plan_id`, `meal_id`) VALUES ('335','34');
INSERT INTO `meal_plan`(`plan_id`, `meal_id`) VALUES ('335','425');
INSERT INTO `meal_plan`(`plan_id`, `meal_id`) VALUES ('335','274');
INSERT INTO `meal_plan`(`plan_id`, `meal_id`) VALUES ('336','111');
INSERT INTO `meal_plan`(`plan_id`, `meal_id`) VALUES ('337','392');
INSERT INTO `meal_plan`(`plan_id`, `meal_id`) VALUES ('338','33');
INSERT INTO `meal_plan`(`plan_id`, `meal_id`) VALUES ('338','456');
INSERT INTO `meal_plan`(`plan_id`, `meal_id`) VALUES ('342','9');
INSERT INTO `meal_plan`(`plan_id`, `meal_id`) VALUES ('342','78');
INSERT INTO `meal_plan`(`plan_id`, `meal_id`) VALUES ('343','164');
INSERT INTO `meal_plan`(`plan_id`, `meal_id`) VALUES ('344','97');
INSERT INTO `meal_plan`(`plan_id`, `meal_id`) VALUES ('345','282');
INSERT INTO `meal_plan`(`plan_id`, `meal_id`) VALUES ('346','446');
INSERT INTO `meal_plan`(`plan_id`, `meal_id`) VALUES ('346','456');
INSERT INTO `meal_plan`(`plan_id`, `meal_id`) VALUES ('346','250');
INSERT INTO `meal_plan`(`plan_id`, `meal_id`) VALUES ('347','127');
INSERT INTO `meal_plan`(`plan_id`, `meal_id`) VALUES ('350','443');
INSERT INTO `meal_plan`(`plan_id`, `meal_id`) VALUES ('350','370');
INSERT INTO `meal_plan`(`plan_id`, `meal_id`) VALUES ('350','261');
INSERT INTO `meal_plan`(`plan_id`, `meal_id`) VALUES ('351','64');
INSERT INTO `meal_plan`(`plan_id`, `meal_id`) VALUES ('354','348');
INSERT INTO `meal_plan`(`plan_id`, `meal_id`) VALUES ('354','466');
INSERT INTO `meal_plan`(`plan_id`, `meal_id`) VALUES ('356','245');
INSERT INTO `meal_plan`(`plan_id`, `meal_id`) VALUES ('356','473');
INSERT INTO `meal_plan`(`plan_id`, `meal_id`) VALUES ('357','363');
INSERT INTO `meal_plan`(`plan_id`, `meal_id`) VALUES ('358','351');
INSERT INTO `meal_plan`(`plan_id`, `meal_id`) VALUES ('358','59');
INSERT INTO `meal_plan`(`plan_id`, `meal_id`) VALUES ('359','359');
INSERT INTO `meal_plan`(`plan_id`, `meal_id`) VALUES ('359','265');
INSERT INTO `meal_plan`(`plan_id`, `meal_id`) VALUES ('359','190');
INSERT INTO `meal_plan`(`plan_id`, `meal_id`) VALUES ('360','109');
INSERT INTO `meal_plan`(`plan_id`, `meal_id`) VALUES ('361','128');
INSERT INTO `meal_plan`(`plan_id`, `meal_id`) VALUES ('361','167');
INSERT INTO `meal_plan`(`plan_id`, `meal_id`) VALUES ('361','154');
INSERT INTO `meal_plan`(`plan_id`, `meal_id`) VALUES ('362','151');
INSERT INTO `meal_plan`(`plan_id`, `meal_id`) VALUES ('362','257');
INSERT INTO `meal_plan`(`plan_id`, `meal_id`) VALUES ('365','460');
INSERT INTO `meal_plan`(`plan_id`, `meal_id`) VALUES ('366','395');
INSERT INTO `meal_plan`(`plan_id`, `meal_id`) VALUES ('367','66');
INSERT INTO `meal_plan`(`plan_id`, `meal_id`) VALUES ('367','354');
INSERT INTO `meal_plan`(`plan_id`, `meal_id`) VALUES ('367','426');
INSERT INTO `meal_plan`(`plan_id`, `meal_id`) VALUES ('368','129');
INSERT INTO `meal_plan`(`plan_id`, `meal_id`) VALUES ('369','0');
INSERT INTO `meal_plan`(`plan_id`, `meal_id`) VALUES ('369','252');
INSERT INTO `meal_plan`(`plan_id`, `meal_id`) VALUES ('369','266');
INSERT INTO `meal_plan`(`plan_id`, `meal_id`) VALUES ('370','405');
INSERT INTO `meal_plan`(`plan_id`, `meal_id`) VALUES ('372','332');
INSERT INTO `meal_plan`(`plan_id`, `meal_id`) VALUES ('373','101');
INSERT INTO `meal_plan`(`plan_id`, `meal_id`) VALUES ('373','219');
INSERT INTO `meal_plan`(`plan_id`, `meal_id`) VALUES ('373','418');
INSERT INTO `meal_plan`(`plan_id`, `meal_id`) VALUES ('375','293');
INSERT INTO `meal_plan`(`plan_id`, `meal_id`) VALUES ('376','248');
INSERT INTO `meal_plan`(`plan_id`, `meal_id`) VALUES ('376','85');
INSERT INTO `meal_plan`(`plan_id`, `meal_id`) VALUES ('377','431');
INSERT INTO `meal_plan`(`plan_id`, `meal_id`) VALUES ('378','94');
INSERT INTO `meal_plan`(`plan_id`, `meal_id`) VALUES ('378','430');
INSERT INTO `meal_plan`(`plan_id`, `meal_id`) VALUES ('378','62');
INSERT INTO `meal_plan`(`plan_id`, `meal_id`) VALUES ('379','255');
INSERT INTO `meal_plan`(`plan_id`, `meal_id`) VALUES ('379','4');
INSERT INTO `meal_plan`(`plan_id`, `meal_id`) VALUES ('381','323');
INSERT INTO `meal_plan`(`plan_id`, `meal_id`) VALUES ('381','424');
INSERT INTO `meal_plan`(`plan_id`, `meal_id`) VALUES ('381','71');
INSERT INTO `meal_plan`(`plan_id`, `meal_id`) VALUES ('382','274');
INSERT INTO `meal_plan`(`plan_id`, `meal_id`) VALUES ('382','350');
INSERT INTO `meal_plan`(`plan_id`, `meal_id`) VALUES ('382','52');
INSERT INTO `meal_plan`(`plan_id`, `meal_id`) VALUES ('384','101');
INSERT INTO `meal_plan`(`plan_id`, `meal_id`) VALUES ('387','2');
INSERT INTO `meal_plan`(`plan_id`, `meal_id`) VALUES ('387','346');
INSERT INTO `meal_plan`(`plan_id`, `meal_id`) VALUES ('387','120');
INSERT INTO `meal_plan`(`plan_id`, `meal_id`) VALUES ('389','149');
INSERT INTO `meal_plan`(`plan_id`, `meal_id`) VALUES ('389','310');
INSERT INTO `meal_plan`(`plan_id`, `meal_id`) VALUES ('391','305');
INSERT INTO `meal_plan`(`plan_id`, `meal_id`) VALUES ('391','263');
INSERT INTO `meal_plan`(`plan_id`, `meal_id`) VALUES ('392','207');
INSERT INTO `meal_plan`(`plan_id`, `meal_id`) VALUES ('392','171');
INSERT INTO `meal_plan`(`plan_id`, `meal_id`) VALUES ('393','478');
INSERT INTO `meal_plan`(`plan_id`, `meal_id`) VALUES ('394','354');
INSERT INTO `meal_plan`(`plan_id`, `meal_id`) VALUES ('394','282');
INSERT INTO `meal_plan`(`plan_id`, `meal_id`) VALUES ('394','157');
INSERT INTO `meal_plan`(`plan_id`, `meal_id`) VALUES ('395','434');
INSERT INTO `meal_plan`(`plan_id`, `meal_id`) VALUES ('396','150');
INSERT INTO `meal_plan`(`plan_id`, `meal_id`) VALUES ('396','404');
INSERT INTO `meal_plan`(`plan_id`, `meal_id`) VALUES ('396','412');
INSERT INTO `meal_plan`(`plan_id`, `meal_id`) VALUES ('398','398');
INSERT INTO `meal_plan`(`plan_id`, `meal_id`) VALUES ('399','438');
INSERT INTO `meal_plan`(`plan_id`, `meal_id`) VALUES ('399','166');
INSERT INTO `meal_plan`(`plan_id`, `meal_id`) VALUES ('399','41');
INSERT INTO `meal_plan`(`plan_id`, `meal_id`) VALUES ('400','473');
INSERT INTO `meal_plan`(`plan_id`, `meal_id`) VALUES ('401','146');
INSERT INTO `meal_plan`(`plan_id`, `meal_id`) VALUES ('403','28');
INSERT INTO `meal_plan`(`plan_id`, `meal_id`) VALUES ('403','168');
INSERT INTO `meal_plan`(`plan_id`, `meal_id`) VALUES ('403','471');
INSERT INTO `meal_plan`(`plan_id`, `meal_id`) VALUES ('404','278');
INSERT INTO `meal_plan`(`plan_id`, `meal_id`) VALUES ('404','344');
INSERT INTO `meal_plan`(`plan_id`, `meal_id`) VALUES ('405','299');
INSERT INTO `meal_plan`(`plan_id`, `meal_id`) VALUES ('405','28');
INSERT INTO `meal_plan`(`plan_id`, `meal_id`) VALUES ('406','38');
INSERT INTO `meal_plan`(`plan_id`, `meal_id`) VALUES ('406','237');
INSERT INTO `meal_plan`(`plan_id`, `meal_id`) VALUES ('406','407');
INSERT INTO `meal_plan`(`plan_id`, `meal_id`) VALUES ('407','142');
INSERT INTO `meal_plan`(`plan_id`, `meal_id`) VALUES ('407','349');
INSERT INTO `meal_plan`(`plan_id`, `meal_id`) VALUES ('407','216');
INSERT INTO `meal_plan`(`plan_id`, `meal_id`) VALUES ('409','146');
INSERT INTO `meal_plan`(`plan_id`, `meal_id`) VALUES ('409','467');
INSERT INTO `meal_plan`(`plan_id`, `meal_id`) VALUES ('409','168');
INSERT INTO `meal_plan`(`plan_id`, `meal_id`) VALUES ('410','23');
INSERT INTO `meal_plan`(`plan_id`, `meal_id`) VALUES ('410','396');
INSERT INTO `meal_plan`(`plan_id`, `meal_id`) VALUES ('412','51');
INSERT INTO `meal_plan`(`plan_id`, `meal_id`) VALUES ('413','51');
INSERT INTO `meal_plan`(`plan_id`, `meal_id`) VALUES ('413','95');
INSERT INTO `meal_plan`(`plan_id`, `meal_id`) VALUES ('413','38');
INSERT INTO `meal_plan`(`plan_id`, `meal_id`) VALUES ('414','378');
INSERT INTO `meal_plan`(`plan_id`, `meal_id`) VALUES ('417','302');
INSERT INTO `meal_plan`(`plan_id`, `meal_id`) VALUES ('417','231');
INSERT INTO `meal_plan`(`plan_id`, `meal_id`) VALUES ('418','372');
INSERT INTO `meal_plan`(`plan_id`, `meal_id`) VALUES ('420','373');
INSERT INTO `meal_plan`(`plan_id`, `meal_id`) VALUES ('420','116');
INSERT INTO `meal_plan`(`plan_id`, `meal_id`) VALUES ('420','464');
INSERT INTO `meal_plan`(`plan_id`, `meal_id`) VALUES ('421','461');
INSERT INTO `meal_plan`(`plan_id`, `meal_id`) VALUES ('422','393');
INSERT INTO `meal_plan`(`plan_id`, `meal_id`) VALUES ('422','217');
INSERT INTO `meal_plan`(`plan_id`, `meal_id`) VALUES ('422','403');
INSERT INTO `meal_plan`(`plan_id`, `meal_id`) VALUES ('423','267');
INSERT INTO `meal_plan`(`plan_id`, `meal_id`) VALUES ('424','434');
INSERT INTO `meal_plan`(`plan_id`, `meal_id`) VALUES ('424','443');
INSERT INTO `meal_plan`(`plan_id`, `meal_id`) VALUES ('425','141');
INSERT INTO `meal_plan`(`plan_id`, `meal_id`) VALUES ('425','84');
INSERT INTO `meal_plan`(`plan_id`, `meal_id`) VALUES ('426','275');
INSERT INTO `meal_plan`(`plan_id`, `meal_id`) VALUES ('426','484');
INSERT INTO `meal_plan`(`plan_id`, `meal_id`) VALUES ('427','470');
INSERT INTO `meal_plan`(`plan_id`, `meal_id`) VALUES ('427','222');
INSERT INTO `meal_plan`(`plan_id`, `meal_id`) VALUES ('427','475');
INSERT INTO `meal_plan`(`plan_id`, `meal_id`) VALUES ('429','479');
INSERT INTO `meal_plan`(`plan_id`, `meal_id`) VALUES ('429','449');
INSERT INTO `meal_plan`(`plan_id`, `meal_id`) VALUES ('431','414');
INSERT INTO `meal_plan`(`plan_id`, `meal_id`) VALUES ('431','233');
INSERT INTO `meal_plan`(`plan_id`, `meal_id`) VALUES ('431','363');
INSERT INTO `meal_plan`(`plan_id`, `meal_id`) VALUES ('433','355');
INSERT INTO `meal_plan`(`plan_id`, `meal_id`) VALUES ('433','379');
INSERT INTO `meal_plan`(`plan_id`, `meal_id`) VALUES ('435','23');
INSERT INTO `meal_plan`(`plan_id`, `meal_id`) VALUES ('435','459');
INSERT INTO `meal_plan`(`plan_id`, `meal_id`) VALUES ('435','349');
INSERT INTO `meal_plan`(`plan_id`, `meal_id`) VALUES ('437','407');
INSERT INTO `meal_plan`(`plan_id`, `meal_id`) VALUES ('438','52');
INSERT INTO `meal_plan`(`plan_id`, `meal_id`) VALUES ('438','442');
INSERT INTO `meal_plan`(`plan_id`, `meal_id`) VALUES ('438','325');
INSERT INTO `meal_plan`(`plan_id`, `meal_id`) VALUES ('439','369');
INSERT INTO `meal_plan`(`plan_id`, `meal_id`) VALUES ('439','181');
INSERT INTO `meal_plan`(`plan_id`, `meal_id`) VALUES ('440','316');
INSERT INTO `meal_plan`(`plan_id`, `meal_id`) VALUES ('440','255');
INSERT INTO `meal_plan`(`plan_id`, `meal_id`) VALUES ('441','96');
INSERT INTO `meal_plan`(`plan_id`, `meal_id`) VALUES ('442','264');
INSERT INTO `meal_plan`(`plan_id`, `meal_id`) VALUES ('442','437');
INSERT INTO `meal_plan`(`plan_id`, `meal_id`) VALUES ('442','381');
INSERT INTO `meal_plan`(`plan_id`, `meal_id`) VALUES ('443','432');
INSERT INTO `meal_plan`(`plan_id`, `meal_id`) VALUES ('443','300');
INSERT INTO `meal_plan`(`plan_id`, `meal_id`) VALUES ('443','187');
INSERT INTO `meal_plan`(`plan_id`, `meal_id`) VALUES ('444','205');
INSERT INTO `meal_plan`(`plan_id`, `meal_id`) VALUES ('444','240');
INSERT INTO `meal_plan`(`plan_id`, `meal_id`) VALUES ('445','67');
INSERT INTO `meal_plan`(`plan_id`, `meal_id`) VALUES ('446','432');
INSERT INTO `meal_plan`(`plan_id`, `meal_id`) VALUES ('446','276');
INSERT INTO `meal_plan`(`plan_id`, `meal_id`) VALUES ('446','271');
INSERT INTO `meal_plan`(`plan_id`, `meal_id`) VALUES ('449','424');
INSERT INTO `meal_plan`(`plan_id`, `meal_id`) VALUES ('449','101');
INSERT INTO `meal_plan`(`plan_id`, `meal_id`) VALUES ('449','458');
INSERT INTO `meal_plan`(`plan_id`, `meal_id`) VALUES ('452','308');
INSERT INTO `meal_plan`(`plan_id`, `meal_id`) VALUES ('453','252');
INSERT INTO `meal_plan`(`plan_id`, `meal_id`) VALUES ('454','185');
INSERT INTO `meal_plan`(`plan_id`, `meal_id`) VALUES ('454','86');
INSERT INTO `meal_plan`(`plan_id`, `meal_id`) VALUES ('455','94');
INSERT INTO `meal_plan`(`plan_id`, `meal_id`) VALUES ('455','469');
INSERT INTO `meal_plan`(`plan_id`, `meal_id`) VALUES ('456','176');
INSERT INTO `meal_plan`(`plan_id`, `meal_id`) VALUES ('457','395');
INSERT INTO `meal_plan`(`plan_id`, `meal_id`) VALUES ('457','146');
INSERT INTO `meal_plan`(`plan_id`, `meal_id`) VALUES ('457','252');
INSERT INTO `meal_plan`(`plan_id`, `meal_id`) VALUES ('459','214');
INSERT INTO `meal_plan`(`plan_id`, `meal_id`) VALUES ('459','478');
INSERT INTO `meal_plan`(`plan_id`, `meal_id`) VALUES ('460','284');
INSERT INTO `meal_plan`(`plan_id`, `meal_id`) VALUES ('460','183');
INSERT INTO `meal_plan`(`plan_id`, `meal_id`) VALUES ('461','480');
INSERT INTO `meal_plan`(`plan_id`, `meal_id`) VALUES ('461','473');
INSERT INTO `meal_plan`(`plan_id`, `meal_id`) VALUES ('462','477');
INSERT INTO `meal_plan`(`plan_id`, `meal_id`) VALUES ('463','358');
INSERT INTO `meal_plan`(`plan_id`, `meal_id`) VALUES ('463','95');
INSERT INTO `meal_plan`(`plan_id`, `meal_id`) VALUES ('466','458');
INSERT INTO `meal_plan`(`plan_id`, `meal_id`) VALUES ('466','455');
INSERT INTO `meal_plan`(`plan_id`, `meal_id`) VALUES ('466','265');
INSERT INTO `meal_plan`(`plan_id`, `meal_id`) VALUES ('467','137');
INSERT INTO `meal_plan`(`plan_id`, `meal_id`) VALUES ('467','167');
INSERT INTO `meal_plan`(`plan_id`, `meal_id`) VALUES ('468','374');
INSERT INTO `meal_plan`(`plan_id`, `meal_id`) VALUES ('468','379');
INSERT INTO `meal_plan`(`plan_id`, `meal_id`) VALUES ('472','206');
INSERT INTO `meal_plan`(`plan_id`, `meal_id`) VALUES ('472','260');
INSERT INTO `meal_plan`(`plan_id`, `meal_id`) VALUES ('472','460');
INSERT INTO `meal_plan`(`plan_id`, `meal_id`) VALUES ('473','439');
INSERT INTO `meal_plan`(`plan_id`, `meal_id`) VALUES ('473','7');
INSERT INTO `meal_plan`(`plan_id`, `meal_id`) VALUES ('473','223');
INSERT INTO `meal_plan`(`plan_id`, `meal_id`) VALUES ('476','143');
INSERT INTO `meal_plan`(`plan_id`, `meal_id`) VALUES ('476','363');
INSERT INTO `meal_plan`(`plan_id`, `meal_id`) VALUES ('479','94');
INSERT INTO `meal_plan`(`plan_id`, `meal_id`) VALUES ('479','69');
INSERT INTO `meal_plan`(`plan_id`, `meal_id`) VALUES ('482','126');
INSERT INTO `meal_plan`(`plan_id`, `meal_id`) VALUES ('482','322');
INSERT INTO `meal_plan`(`plan_id`, `meal_id`) VALUES ('482','34');
INSERT INTO `meal_plan`(`plan_id`, `meal_id`) VALUES ('483','495');
INSERT INTO `meal_plan`(`plan_id`, `meal_id`) VALUES ('484','138');
INSERT INTO `meal_plan`(`plan_id`, `meal_id`) VALUES ('485','189');
INSERT INTO `meal_plan`(`plan_id`, `meal_id`) VALUES ('485','208');
INSERT INTO `meal_plan`(`plan_id`, `meal_id`) VALUES ('486','20');
INSERT INTO `meal_plan`(`plan_id`, `meal_id`) VALUES ('488','296');
INSERT INTO `meal_plan`(`plan_id`, `meal_id`) VALUES ('489','215');
INSERT INTO `meal_plan`(`plan_id`, `meal_id`) VALUES ('489','355');
INSERT INTO `meal_plan`(`plan_id`, `meal_id`) VALUES ('489','172');
INSERT INTO `meal_plan`(`plan_id`, `meal_id`) VALUES ('490','249');
INSERT INTO `meal_plan`(`plan_id`, `meal_id`) VALUES ('492','6');
INSERT INTO `meal_plan`(`plan_id`, `meal_id`) VALUES ('492','78');
INSERT INTO `meal_plan`(`plan_id`, `meal_id`) VALUES ('494','150');
INSERT INTO `meal_plan`(`plan_id`, `meal_id`) VALUES ('494','151');
INSERT INTO `meal_plan`(`plan_id`, `meal_id`) VALUES ('494','162');
INSERT INTO `meal_plan`(`plan_id`, `meal_id`) VALUES ('495','196');
INSERT INTO `meal_plan`(`plan_id`, `meal_id`) VALUES ('495','287');
INSERT INTO `meal_plan`(`plan_id`, `meal_id`) VALUES ('495','62');
INSERT INTO `meal_plan`(`plan_id`, `meal_id`) VALUES ('496','241');
INSERT INTO `meal_plan`(`plan_id`, `meal_id`) VALUES ('499','67');
INSERT INTO `meal_plan`(`plan_id`, `meal_id`) VALUES ('499','423');
INSERT INTO `meal_plan`(`plan_id`, `meal_id`) VALUES ('500','50');
INSERT INTO `meal_plan`(`plan_id`, `meal_id`) VALUES ('500','4');
INSERT INTO `meal_plan`(`plan_id`, `meal_id`) VALUES ('500','307');


